판매소명,주소,전화번호,일반프로판 (원/kg),일반부탄 (원/kg)
(주)DS가스텍,울산울주군온산읍공단로6,052-239-6600,2790.00,3090.00
(주)남성에너지,울산울주군삼동면삼동로703,052-254-8225,2900.00,3231.00
대성가스,울산울주군상북면향산다개로102,052-262-0207,2900.00,3615.00
대우덕하가스,울산울주군청량면덕하장터길20-12,052-222-6600,2500.00,3076.00
동부미래가스,울산울주군상북면명촌길천로270,052-263-0023,2900.00,
두동가스,울산울주군두동면대밀길63,010-8553-6290,2700.00,
두북농협가스,울산울주군두서면노동1길34,052-264-6010,2800.00,3462.00
명진종합가스,울산울주군삼남면수남2길6,052-263-9876,2800.00,3500.00
신풍가스상사,울산울주군삼남면중평로71-3,052-262-4488,2900.00,
온양가스,울산울주군서생면덕골재길188,052-239-9688,3000.00,
용일가스,울산울주군삼남면상천마을2길15,052-263-1197,2900.00,
울주에너지,울산울주군온산읍용방소길53,010-3860-6703,3150.00,3615.00
웅촌종합가스,울산광역시울주군웅촌면부채골길17-6,052-225-0013,2950.00,
태원종합가스,울산광역시울주군웅촌면광청로79,052-225-7600,2950.00,
