구분,고급휘발유,보통휘발유,자동차용경유,실내등유
서울,2391.03,1904.46,1886.76,1681.63
부산,2317.78,1841.43,1824.71,1626.58
대구,2310.77,1830.48,1815.13,1591.71
인천,2293.75,1845.63,1829.84,1590.77
전남광주,2306.79,1862.50,1850.92,1562.59
대전,2297.35,1837.06,1824.48,1585.53
울산,2295.16,1837.47,1826.02,1594.35
경기,2316.77,1854.99,1838.12,1591.07
강원,2308.87,1870.21,1860.06,1558.39
충북,2314.94,1865.63,1851.51,1564.41
충남,2314.67,1864.79,1850.66,1563.48
전북,2316.81,1859.76,1846.62,1556.28
경북,2280.68,1852.66,1838.70,1567.34
경남,2319.42,1853.67,1837.52,1585.62
제주,2361.00,1888.90,1869.81,1565.78
세종,2310.57,1855.41,1842.56,1536.67
