구분,2018_01,2018_02,2018_03,2018_04,2018_05,2018_06,2018_07,2018_08,2018_09,2018_10,2018_11,2018_12,2019_01,2019_02,2019_03,2019_04,2019_05,2019_06,2019_07,2019_08,2019_09,2019_10,2019_11,2019_12,2020_01,2020_02,2020_03,2020_04,2020_05,2020_06,2020_07,2020_08,2020_09,2020_10,2020_11,2020_12,2021_01,2021_02,2021_03,2021_04,2021_05,2021_06,2021_07,2021_08,2021_09,2021_10,2021_11,2021_12,2022_01,2022_02,2022_03,2022_04,2022_05,2022_06,2022_07,2022_08,2022_09,2022_10,2022_11,2022_12,2023_01,2023_02,2023_03,2023_04,2023_05,2023_06,2023_07,2023_08,2023_09,2023_10,2023_11,2023_12,2024_01,2024_02,2024_03,2024_04,2024_05,2024_06,2024_07,2024_08,2024_09,2024_10,2024_11,2024_12,2025_01,2025_02,2025_03,2025_04,2025_05,2025_06,2025_07,2025_08,2025_09,2025_10,2025_11,2025_12
제주 제주시_농림수산업_무연보통휘발유,19.519,1684.309,2144.218,1054.605,23.101,23.69,24.958,28.967,23.988,21.442,23.363,415.416,25.195,278.77,578.451,24.011,20.827,28.678,22.742,32.498,18.855,25.195,25.283,26.334,25.495,21.025,21.893,23,26.005,28.679,26.704,30.508,27.681,24.884,31.591,24.107,19.246,24.052,24.655,26.63,28.227,29.078,28.371,28.163,27.687,26.667,22.525,27.964,26.618,20.249,18.744,17.143,28.14,21.404,44.152,43.778,26.453,26.946,34.875,36.622,27.685,27.887,36.003,26.193,37.218,38.183,40.969,46.655,34.143,40.71,25.915,30.727,37.04,23.482,38.123,32.569,45.383,40.235,40.835,40.176,40.661,33.658,26.382,34.625,32.241,30.757,32.993,45.926,38.256,55.235,55.254,47.914,54.64,36.305,39.778,42.994
제주 제주시_농림수산업_실내등유,4.906,2398.061,1227.728,199.179,259.504,0.191,3.804,0.051,0.065,122.591,490.623,1908.508,,541.065,411.769,,,,,,,17.205,44.974,90.008,70.522,70.955,48.599,54.813,65.46,12.426,6.747,6.902,13.79,17.166,46.591,103.945,120.981,63.117,45.677,27.368,23.535,11.894,6.929,7.922,25.503,26.654,46.861,139.425,109.043,103.214,43.581,14.534,19.635,6.3,5.431,13.595,9.339,37.528,35.948,127.201,96.29,83.97,57.513,36.356,29.114,9.882,12.239,7.595,9.672,28.104,40.336,90.703,74.246,68.803,56.988,22.747,19.89,20.695,16.145,6.706,17.961,26.979,24.44,102.898,82.643,80.437,53.2,31.472,14.853,12.727,5.056,8.616,10.906,21.109,32.99,125.099
제주 제주시_농림수산업_경유(0.05%),205.117,54.973,221.191,199.965,191.284,95.457,298.103,252.73,260.282,25.687,148.155,119.245,386.38,234.847,167.848,59.652,281.067,173.227,322.294,334.712,95.723,519.085,211.767,42.257,994.821,136.235,165.881,119.156,272.368,818.067,137.139,256.33,727.837,161.057,275.407,312.421,46.173,,,,,,,,,,,,,,,,,,,,,,,,,,,,,,,,,,,,,,,,,,,,,,,,,,,,,,,,,,,
제주 제주시_농림수산업_경유(0.001%),80.966,1314.251,182.347,114.384,116.593,111.15,127.386,115.011,101.464,74.281,102.476,115.418,106.205,74.537,103.165,113.542,80.941,101.772,94.738,127.842,70.734,150.86,143.913,140.798,104.195,118.436,789.229,149.768,145.759,116.733,131.774,155.247,140.761,138.605,133.642,145.484,117.124,120.771,117.225,142.69,126.478,74.751,72.026,69.228,74.442,66.595,65.423,102.403,76.143,69.408,63.922,60.496,70.366,54.792,112.461,88.223,142.469,81.234,93.851,167.122,63.814,57.817,93.175,88.641,91.362,83.04,102.42,84.816,88.176,64.902,75.081,131.643,76.97,58.253,82.053,67.896,88.308,85.817,53.895,74,61.452,66.02,68.725,104.637,79.267,92.68,95.04,79.287,67.419,57.035,107.087,69.84,56.672,53.271,55.505,106.1
제주 제주시_농림수산업_경질중유(2.0%),16.721,,6.811,17.905,4.469,16.7,19.485,3.696,4.888,9.857,2.682,4.338,2.061,5.103,,,,,,,,,,,,,,,,,,,,,,,,,,,,,,,,,,,,,,,,,,,,,,,,,,,,,,,,,,,,,,,,,,,,,,,,,,,,,,,,,,
제주 제주시_농림수산업_경질중유(0.3%),,,,,,,,,,,,4.611,2.753,,,,,,,,,,,,,,,,,,,,,,,,,,,,,,,,,,,,,,,,,,,,,,,,,,,,,,,,,,,,,,,,,,,,,,,,,,,,,,,,,,,66.875
제주 제주시_농림수산업_중유(1.0%),,,,,6.533,,,,,,,,,,,,,,,,,,,,,,,,,,,,,,,,,,,,,,,,,,,,,,,,,,,,,,,,,,,,,,,,,,,,,,,,,,,,,,,,,,,,,,,,,,,
제주 제주시_농림수산업_중유(0.5%),40.032,36.064,39.95,,,,,,,,,,,,,,,,,,,,,,,,,,,,,,,,,,,,,,,,,,,,,,,,,,,,,,,,,,,,,,,,,,,,,,,,,,,,,,,,,,,,,,,,,,,,,
제주 제주시_농림수산업_중유(0.3%),119.279,92.549,49.074,23.079,12.123,17.178,11.358,23.974,12.671,29.262,142.755,201.162,196.548,61.166,58.252,69.11,41.795,17.899,34.884,20.448,39.534,39.284,43.234,42.143,61.034,45.876,40.655,53.897,26.278,4.85,14.745,8.583,26.281,37.596,29.361,47.311,63.026,58.709,50.857,28.729,2.104,,,,,2.23,6.75,12.552,57.709,22.188,6.002,9.951,2.254,5.883,,,,,,7.745,12.566,9.748,3.539,4.271,,0.12,,,,,,,0,0,0,0,1.318,0,0,0,0,0,0,0,,3.787,,1,1.219,,,,,,3.326,
제주 제주시_농림수산업_부생연료유(등유형),,,,,,,,,,,,,,,,,,,,,,,,,,,,,,,,,,,,,2.112,,4.266,1.576,447.46,44.518,9.352,8.948,17.558,349.029,879.73,976.442,1699.224,1913.498,1610.783,526.21,270.94,32.507,31.303,,,34.783,406.459,588.195,539.16,522.859,,,,,,,,,,1.983,0,2.724,8.931,0,0,0,0,0,0,0,0,2.95,,,,,,,,,,,,
제주 제주시_농림수산업_부생연료유(중유형),,,,,,,,,,,,,,,,,,,,,,,,,210.424,63.299,31.725,,,,,12.049,17.595,32.093,217.041,218.83,672.289,797.345,54.089,226.456,,,,,,,,,1106.775,1066.406,879.452,404.046,122.742,8.612,,,,,472.257,1094.921,1432.7,1289.035,31.702,22.31,19.838,32.805,26.717,56.078,39.449,46.13,34.71,17.963,35.125,31.138,28.907,37.077,25.077,30.492,52.597,47.884,79.285,99.562,300.596,310.907,187.912,49.802,23.981,36.105,51.69,48.084,25.333,28.767,55.58,119.516,227.658,317.38
제주 제주시_광업_실내등유,,,,,,,,,,,,,,,,,,,,,,,,,,,,,,,,,,,,,,,,,1.791,,,,,,,,,,,,,,,,,,,,,,,,,,,,,,,,,,,,,,,,,,,,,,,,,,,,,,,
제주 제주시_광업_경질중유(0.3%),,,,,,,,,,,,,,,,,,,,,,,,,,,,,,,,,,,,,,,,,,,,,,,,179.762,114.912,,,,,,,,,,,,,,,,,,,,,,,,,,,,,,,,,,,,,,,,,,,,,,,
제주 제주시_식품.담배업_실내등유,85.44,,,71.594,,58.696,61.782,62.39,59.221,,78.502,84.491,94.729,52.612,20,75.558,50.777,65.435,67.487,110.326,62.837,90.795,186.349,135.01,98.478,65.924,87.274,86.076,62.8,97.265,58.958,74.961,64.337,75.011,116.024,274.386,162.124,133.094,60.707,54.427,106.296,88.961,72.408,55.539,90.443,82.308,163.884,233.3,193.765,117.133,83.019,95.807,58.115,85.147,65.867,89.097,64.367,191.358,152.151,122.414,64.392,74.493,79.455,71.536,95.845,74.919,73.503,74.667,75.213,76.965,22.31,46.548,33.897,30.037,30.855,17.072,30.742,42.452,16.074,41.66,40.603,44.622,53.216,48.874,31.662,34.271,13.524,29.32,11.089,36.998,40.041,15.198,19.522,35.77,56.783,82.358
제주 제주시_식품.담배업_경유(0.001%),,,,,,,,,,,,,3.751,3.502,,,,,,,,,,,,,,,,,,,,,,,,,,,,,,,,,,,,,,,,,,,,,,,,,,,,,,,,,,,,,,,,,,,,,,,,,,,,,,,,,,
제주 제주시_식품.담배업_중유(0.5%),24.078,,,,,,,,,,40.012,,,,,,,,,,,,,,,,,,,,,,,,,,,,,,,,,,,,,,,,,,,,,,,,,,,,,,,,,,,,,,,,,,,,,,,,,,,,,,,,,,,,,
제주 제주시_식품.담배업_중유(0.3%),12.611,,,,,,,,,,19.623,,,,,,,,,,,,,,,,,,,,,,,,,,,,,,,,,,,,,,,,,,,,,,,,,,,,,,,,,,,,,,,,,,,,,,,,,,,,,,,,,,,,,
제주 제주시_식품.담배업_프로판,20.283,16.496,16.197,12.717,13.351,11.603,8.493,9.763,11.368,13.314,14.781,19.102,22.035,17.098,16.748,14.192,11.666,10.109,9.635,10.927,11.245,16.14,16.419,19.803,20.777,15.711,15.341,12.465,14.596,11.168,9.608,10,12.237,14.341,18.056,21.689,23.042,17.612,17.169,11.981,12.114,15.387,10.289,9.864,11.509,15.344,17.359,20.126,22.946,22.353,19.508,12.055,12.041,11.238,9.497,10.378,13.262,13.365,18.766,24.144,21.221,22.668,16.68,12.496,13.21,12.021,9.796,13.574,12.622,14.577,17.505,21.638,23.027,19.063,18.88,13.661,12.966,12.725,11.043,9.996,11.435,15.404,17.201,21.777,22.233,20.878,17.472,13.97,12.28,12.214,9.828,10.049,14.01,12.618,17.54,23.233
제주 제주시_식품.담배업_부생연료유(등유형),,,,,,,,,,,,,,,,,,,,,,,,,,,,,,,,,,,,,,,,,,,,,,,,,,,,,,,,,,,,,,,,,,8.079,16.885,2.52,,,,,,,,,,,,,,,,,,,,,,,,,,,,
제주 제주시_식품.담배업_부생연료유(중유형),,,,,,,,,,,,,,,,,,,,,,,,,,,,,,,,,,,,,,,,,,,,,,,,,,,,,,,,,,,,,12.375,18.131,9.606,11.155,13.226,10.935,13.358,11.215,19.724,9.226,6.942,13.472,35.125,15.569,38.543,34.76,22.797,43.867,56.196,9.463,27.405,22.249,24.833,34.267,21.857,14.106,19.185,17.46,24.589,53.308,23.389,25.56,23.743,,22.652,45.896
제주 제주시_목재업_부생연료유(등유형),,,,,1.908,,,,,,,,2.31,,,,,,,,,2.427,,,,,,,,,,,2.594,,,,,,,,,3.725,,,,,,,,,,,1.915,,,,,,,,,,,,,,,,,,,,,,,,,,,,,,,,,,,,,,,,,,,
제주 제주시_제지.인쇄업_중유(0.3%),34.818,23.099,10.674,8.553,2.096,5.841,5.623,5.926,13.788,23.973,40.23,44.105,71.579,17.537,11.504,17.625,10.59,4.449,9.326,7.874,11.217,21.977,27.295,40.355,32.379,21.6,15.987,7.308,,,,,,,,,,,,,,,,,,,,,,,,,,,,,,,,,,,,,,,1.018,0.375,2.255,6.296,14.779,24.736,25.161,10.812,11.476,9.757,3.504,3.365,5.278,11.149,17.241,9.783,15.246,11.585,19.545,8.724,9.765,1.602,4.873,2.573,3.581,8.515,16.797,12.082,26.606,28.379
제주 제주시_제지.인쇄업_부생연료유(중유형),,,,,,,,,,,,,,,,,,,,,,,,,,,,,26.363,16.504,11.667,9.368,8.996,37.319,61.826,41.267,51.172,24.729,31.921,9.346,14.085,14.055,27.084,9.741,28.59,27.903,37.129,53.09,47.838,23.079,25.129,12.598,13.269,14.763,10.695,23.981,33.907,22.202,40.924,59.365,64.352,36.261,26.898,22.31,7.935,21.87,26.717,35.89,31.559,29.523,48.594,57.481,54.444,37.365,32.761,25.491,9.119,17.119,22.146,17.573,33.93,40.049,58.305,64.504,52.456,31.033,36.451,13.968,24.589,19.385,11.34,22.152,30.866,32.789,33.559,72.452
제주 제주시_화학제품업_중유(0.3%),5.254,,4.629,1.861,1.318,3.904,2.84,2.997,,2.787,3.925,4.349,6.024,5.825,,5.642,6.079,4.475,,9.088,,4.91,4.551,5.187,,3.584,,,,,,,,,,,,,,,,,,,,,,,,,,,,,,,,,,,,,,,,,,,,,,,,,,,,,,,,,,,,,,,,,,,,,,
제주 제주시_화학제품업_부생연료유(중유형),,,,,,,,,,,,,,,,,,,,,,,,,,,,,,,,,,,,,,,,,,,,,,,,,,,,,,,,,,,,,6.188,5.036,,5.578,,5.467,,5.608,4.931,,5.554,,0,0,4.818,0,4.56,0,0,0,0,0,8.638,0,,,,,,3.635,,2.556,,3.279,,
제주 제주시_요업_실내등유,,,,,,,,,,,,,,,,11.319,,,,,2.876,,,,,,,,,,,,,,,,,,,,,,,,,,,,,,,,,,,,,,,,,,,,,,,,,,,,,,,,,,,,,,,,,,,,,,,,,,,
제주 제주시_요업_경유(0.001%),,,,,,,4,,,,,,,,,15.622,,,6.79,15.794,14.44,15.469,15.308,,15.431,,,,,,,,,3.869,15.681,15.403,,,,,,15.728,,,,15.296,,,12.081,10.143,13.708,11.753,25.962,15.624,66.834,50.839,23.329,19.927,62.669,16.176,34.151,55.359,59.925,52.438,53.616,41.452,80.935,25.011,23.555,69.889,31.771,23.795,79.005,21.56,24.09,33.324,23.157,60.156,20.629,17.89,31.551,44.216,21.17,14.083,39.356,7.927,16.072,44.925,15.404,18.998,15.993,43.943,20.021,16.231,38.29,13.97
제주 제주시_요업_중유(0.3%),,,,,,,,,6.336,,,,,,,,,,,,,,,,,,,,,,,,,,,,,,,,,,,,,,,,,,,,,,,,,,,,,,,,,,,,,,,,,,,,,,,,,,,,,,,,,,,,,,,
제주 제주시_요업_부생연료유(중유형),,,,,,,,,,,,,,,,,,,,,,,,,,,,,,,,,,,,,,,,,,,,,,,,,,,,,,,,,,,,,,,,,,,,,,,,,,,,,,,,,,,,,,2.821,1.918,3.492,2.732,1.211,0.709,0.852,1.187,,,
제주 제주시_기계조립업_실내등유,,,,,,,,,,,,,,,,,,,,,,1.783,1.663,1.825,4.029,3.12,5.86,2.323,3.556,2.031,0.631,2.327,,0.748,1.483,1.502,1.501,2.302,,1.811,1.706,1.105,,,1.029,1.648,0.799,2.088,2.808,2.07,,,0.731,,,2.433,0.735,3.216,0.409,2.996,3.591,3.303,0.678,,1.082,0.859,,0.915,1.337,1.001,1.108,,1.093,0,1.018,0.265,1.551,0.878,0,1.602,0,3.807,0,0.26,0.555,1.025,1.015,0.855,0.728,0.143,,,,0.639,0.181,0.958
제주 제주시_수송장비업_벙커C유(4.0%),,,,,,,,,,65.025,,,,,,,,,,,,,,,,,,,,,,,,,,,,,,,,,,,,,,,,,,,,,,,,,,,,,,,,,,,,,,,,,,,,,,,,,,,,,,,,,,,,,,
제주 제주시_기타제조업_무연보통휘발유,1.604,1.356,9.547,5.574,9.378,9.398,1.85,9.438,13.054,1.271,9.302,1.588,9.544,1.403,5.479,9.422,1.343,9.394,3.125,13.517,1.095,11.817,1.933,9.705,4.867,1.124,1.082,1.186,1.398,5.125,1.414,1.562,1.286,5.007,1.4,1.177,1.03,1.157,1.151,1.275,1.293,1.381,1.404,1.401,1.327,1.168,1.108,1.295,1.226,0.963,0.87,0.855,1.303,0.921,1.307,1.359,1.027,1.11,1.046,1.38,1.028,1.02,1.192,0.993,1.149,1.045,1.258,1.088,1.059,1.053,1.081,1.095,1.088,0.894,1.174,1.028,1.152,1.266,1.084,1.26,1.045,1.144,1.062,1.074,0.941,0.907,1.089,1.141,0.895,0.973,1.196,1.134,1.066,1.042,0.783,0.91
제주 제주시_기타제조업_실내등유,,,,,,,,,,,,,,,,,,,,,,13.658,15.428,21.173,18.542,17.953,11.376,13.647,17.329,8.552,9.056,10.397,15.692,10.272,13.292,20.326,16.095,12.522,10.1,13.332,7.595,9.944,9.951,11.64,18.803,11.749,15.915,18.438,16.575,6.663,3.211,1.504,6.668,1.018,6.496,1.64,5.225,4.413,2.491,5.541,3.868,2.9,1.984,1.922,2.327,1.993,0.585,0.644,2.438,3.526,6.882,3.861,4.063,2.205,2.281,3.529,11.12,6.794,0.518,1.169,8.828,2.723,2.304,3.632,3.175,3.181,1.877,1.463,4.851,14.588,6.187,17.288,5.943,3.844,1.556,3.503
제주 제주시_기타제조업_경유(0.05%),,1.401,,,,,,,,,,,,,,,,,,,,,,,,,,,,,,,,,,,,,,,,,,,,,,,,,,,,,,,,,,,,,,,,,,,,,,,,,,,,,,,,,,,,,,,,,,,,,,
제주 제주시_기타제조업_경유(0.001%),10.374,17.528,18.172,30.117,25.61,18.321,29.849,25.748,25.641,31.286,22.175,40.656,18.374,25.894,29.867,67.903,66.005,88.034,83.998,66.712,56.068,77.876,90.248,100.27,51.654,68.479,97.038,53.694,74.634,72.589,72.869,85.52,75.632,67.947,68.719,42.012,66.143,56.155,87.577,64.202,94.814,70.366,58.883,81.065,73.668,63.698,55.544,89.232,99.408,58.852,69.268,56.559,70.605,96.559,67.466,94.41,74.803,124.397,96.147,57.795,103.204,68.002,64.115,67.809,79.762,94.749,90.03,99.428,93.955,84.345,102.545,93.478,79.658,65.238,75.622,95.356,96.514,97.214,85.773,88.442,80.897,75.969,80.454,79.914,60.956,65.739,75.013,81.246,61.282,60.257,74.011,81.84,81.798,94.976,66.823,69.401
제주 제주시_기타제조업_중유(0.3%),8.414,,7.416,2.962,,3.107,,,3.143,2.776,,8.71,6.028,11.701,12.963,5.646,6.072,,5.331,,,,,,,,,,,,,,,,,,,,,,,,,,,,,,,,,,,,,,,,,,,,,,,,,,,,,,,,,,,,,,,,,,,,,,,,,,,,,
제주 제주시_기타제조업_프로판,76.171,61.948,60.828,139.95,124.306,101.82,36.387,27.295,42.694,50.002,55.511,71.739,82.753,64.214,62.897,156.19,108.607,88.716,41.277,30.552,42.234,60.613,61.66,74.372,78.03,59.004,57.614,137.188,135.884,98.008,41.165,27.96,45.957,53.856,67.808,81.452,86.533,66.14,64.479,131.864,112.775,135.025,44.081,27.579,43.223,57.624,65.191,75.585,86.174,83.947,73.26,132.674,112.096,98.622,40.685,29.015,49.805,50.192,70.479,90.672,79.696,85.13,62.646,137.528,122.982,105.485,41.965,37.95,47.402,54.744,65.741,81.262,86.48,71.592,70.905,150.344,120.712,111.676,47.31,27.948,42.946,57.85,64.6,81.784,83.499,78.409,65.615,153.742,114.329,107.182,42.104,28.096,52.615,47.388,65.87,87.254
제주 제주시_기타제조업_부탄,1.827,3.925,0.827,0.54,,0.116,0.048,0.194,0.099,0.502,2.578,4.507,1.87,4.13,0.812,0.53,,0.103,0.046,0.201,0.093,0.566,2.595,4.325,1.766,3.282,0.593,0.417,,0.1,0.041,0.168,0.082,0.466,2.488,3.493,1.452,3.265,0.665,0.413,,0.108,0.041,0.154,0.08,0.483,2.289,3.409,1.488,3.529,0.634,0.389,,0.09,0.041,0.155,0.083,0.435,2.289,3.679,1.368,3.57,0.623,0.395,,0.086,0.037,0.165,0.078,0.417,1.992,3.412,1.349,3.164,0.632,0.4,0,0.094,0.038,0.149,0.08,0.445,2.17,3.521,1.394,3.08,0.645,0.436,,0.091,0.04,0.156,0.086,0.435,2.243,3.833
제주 제주시_기타제조업_부생연료유(등유형),19.421,19.736,18.775,,31.006,25.755,29.311,,27.537,,23.034,20.035,23.104,,17.303,20.859,45.549,5.578,25.273,24.277,,24.269,24.191,23.246,22.131,,25.787,,50.267,64.488,27.861,51.607,29.837,25.855,24.64,25.244,21.118,26.651,28.439,21.554,43.585,55.88,21.042,63.913,21.948,22.372,17.194,22.819,45.838,18.382,21.893,18.759,19.148,35.073,7.826,30.882,13.622,25.765,20.831,15.837,21.249,18.559,20.263,16.628,,24.481,22.793,16.798,27.206,19.882,18.111,19.835,0,0,0,0,0,0,0,0,0,0,0,0,,,,,,,,,,,,
제주 제주시_기타제조업_부생연료유(중유형),58.54,56.659,47.739,31.991,38.521,27.361,55.418,59.833,67.145,61.575,30.683,41.498,97.101,63.679,27.104,52.164,53.415,49.314,51.776,37.859,6.081,39.185,32.513,76.732,33.168,24.661,67.084,67.424,61.513,103.154,47.64,25.763,38.234,78.137,27.049,42.299,224.511,110.393,69.657,28.817,59.862,80.816,69.771,34.857,83.626,129.832,217.706,328.377,302.347,122.455,90.826,63.994,63.03,79.965,45.365,71.944,125.468,100.651,162.954,385.872,,,,,,4.702,,3.365,9.862,,1.45,,,,,,,,,,,,,,,,,,,,,,,,,
제주 제주시_건설업_무연보통휘발유,4.984,4.087,5.951,12.31,7.234,7.162,11.796,9.446,12.518,6.74,8.188,12.347,7.667,5.914,9.881,19.099,14.827,12.497,27.588,26.122,18.293,11.456,13.654,13.392,1.155,1.108,1.074,1.275,7.609,3.563,5.691,4.203,5.571,3.552,2.822,1.225,5,1.606,1.666,1.955,6.067,2.358,6.158,2.245,4.018,5.759,1.544,3.796,1.61,1.405,5.304,1.405,3.93,5.513,4.413,6.415,1.487,1.664,5.189,1.561,3.231,1.191,1.393,5.08,1.977,3.938,1.984,,5.943,,,3.979,1.991,0,0,0.514,8.211,2.334,0,1.984,3.964,0,0,0,1.993,3.967,,,,5.976,,,5.976,,,
제주 제주시_건설업_실내등유,,,,,,,,,,,,,,,,,,,,,,,88.673,89.78,67.84,19.097,,,,,,,,,,,,4.01,,,,,,0.05,0.17,,,,,,,,,,,,,,,,15.571,,,,,,,,,,112.179,,,,,,,,,,,,,,,,,,,,,,,,60.145,
제주 제주시_건설업_경유(0.05%),,,,7.998,,3.182,8.358,2.34,8.975,7.754,16.462,15.498,10.571,,4.901,5.965,6.66,,8.389,15.138,8.146,7.523,15.495,9.752,8.909,10.685,10.053,11.056,5.889,,,,,,,,,,,,,,,,,,,,,,,,,,,,,,,,,,,,6.137,18.12,4.243,18.351,8.718,,,,,,,,,,,,,,,,,,,,,,,,,,,
제주 제주시_건설업_경유(0.001%),454.366,369.489,480.215,482.011,398.324,482.011,510.914,472.078,412.137,376.462,510.84,453.677,521.796,386.608,497.087,485.021,423.873,570.428,516.932,585.96,344.566,602.746,564.701,548.418,360.066,394.139,415.022,379.863,422.403,381.377,424.702,433.035,439.011,383.015,428.524,388.386,387.985,358.573,417.936,436.722,439.307,486.039,416.369,422.485,415.878,401.572,397.812,495.258,445.639,373.886,404.742,356.186,453.199,372.241,541.487,550.305,370.159,433.998,355.191,453.346,418.66,344.346,475.548,367.142,466.666,404.149,453.392,540.202,382.185,356.96,359.393,358.407,337.607,241.831,389.978,384.454,451.297,450.785,304.948,419.283,365.981,439.774,355.783,401.83,342.648,341.626,433.941,479.857,360.899,404.028,446.421,425.068,421.416,379.224,299.565,424.696
제주 제주시_건설업_경질중유(0.3%),,,,,,,,,,,,,,,,,,,,,,,,,,,,,,,,,,,,,,,,,,,,,,,,,,,,,,,7.553,,,13.087,8.778,,,,,,,,,,,,,,,,,,,,,,,,,,,,,,,,,,,,,
제주 제주시_건설업_중유(0.5%),40.129,16.102,,,,,,7.916,7.936,,40.012,80.225,,40.21,,,,,,,,,,,,,,,,,,,,,,,,,,,,,,,,,,,,,,,,,,,,,,,,,,,,,,,,,,,,,,,,,,,,,,,,,,,,,,,,,,
제주 제주시_건설업_중유(0.3%),20.035,8.364,33.438,23.796,22.052,21.755,17.236,20.718,26.701,22.211,39.24,52.185,72.329,41.383,40.33,21.078,12.124,17.782,47.859,,,,,,,,,,,,,,,,,,,,,,,,,,,,,,,,,,,,,,,,,,,,,,,,,,,,,,,,,,,,,,,,,,,,,,,,,,,,,
제주 제주시_건설업_아스팔트,,,,,,,,,,,,,,,,,,,,,,,,,,,,,,,,,,,,,,,,,,,,,,,,,,,,,,,55.15,,,27.443,2589.894,1360.37,2538.624,2155.025,214.302,101.006,26.76,1080.286,52.494,758.711,,,,,0,0,53.991,54.589,806.258,0,0,0,0,0,0,0,,,84.86,53.436,,,,,,,,350.886
제주 제주시_건설업_부생연료유(등유형),,,,,,,,,,,,,,,,,,,,,,,,,,,,,,,,,,,,,,,,,,,,,,,,,,,,,,,,,,,,,,1.856,,,,,,,,,,,,,,,,,,,,,,,,,,,,,,,,,,
제주 제주시_기타에너지_경유(0.001%),12.513,16.221,13.523,17.674,5.749,23.059,15.285,18.826,11.447,13.663,19.336,17.145,23.515,13.764,15.565,21.48,16.775,17.306,12.449,13.82,10.83,17.403,19.135,17.247,7.715,11.735,17.574,19.456,3.915,9.724,9.722,15.581,10.634,11.607,15.681,11.552,7.825,7.943,9.653,7.834,12.68,15.728,11.556,9.635,9.83,9.56,15.697,10.007,,,,,,,,,,,,,,,,,,,,,,,,,,,,,,,,,,,,,,,,,,,,,,,,
제주 제주시_기타에너지_중유(0.3%),12.678,16.685,27.828,17.855,14.683,12.383,11.231,10.377,,24.288,15.717,10.9,18.131,5.171,66.044,25.227,42.427,22.228,39.977,13.484,,,,,,,,,,,,,,,,,,,,,,,,,,,,,,,,,,,,,,,,,,,,,,,,,,,,,,,,,,,,,,,,,,,,,,,,,,,,
제주 제주시_발전_실내등유,7697.137,4158.696,3678.028,3381.528,7122.488,5231.162,6212.342,6686.328,3999.695,8246.687,4287.996,2891.995,5461.579,6257.505,9837.983,5875.619,10265.314,12074.455,12633.579,12142.89,5803.08,375.895,348.091,1686.126,4396.393,4086.875,3915.327,3680.133,3950.712,4475.518,4822.8,361.674,302.926,355.761,327.388,365.924,341.404,295.898,315.323,283.086,290.146,293.503,388.917,411.134,358.875,359.317,343.375,393.189,395.995,338.998,352.729,313.465,306.51,307.964,362.402,392.67,313.379,321.925,339.089,400.528,375.906,328.283,336.022,307.738,313.009,304.878,373.707,422.915,364.864,328.769,332.197,367.063,362.641,326.69,332.285,301.247,306.677,316.131,387.398,436.326,374.47,335.624,311.034,361.842,366.453,319.974,327.087,299.356,307.075,297.626,385.387,426.79,364.982,321.435,309.066,352.759
제주 제주시_발전_경유(0.001%),112.933,437.808,37.211,1607.558,1556.211,4524.849,5468.616,8350.69,1553.617,3940.92,1424.771,244.917,1149.304,1715.465,13291.702,16237.941,15420.094,18271.582,20488.916,20445.788,7004.921,6487.702,7733.273,2259.228,61.812,40.241,46.663,0.49,8.77,65.16,1.85,8.838,43.671,0.555,1.075,,0.75,76.382,11.134,24.097,55.757,24.016,10.847,1.38,17.144,34.64,40.724,1.53,0.15,0.37,11.126,44.678,17.245,0.237,15.398,19.999,0.725,19.053,32.276,,,,0.153,13.397,31.744,,4.893,0.117,,12.295,0.85,17.929,12.781,39.995,21.608,9.808,2.372,54.021,33.599,1.56,10.322,29.387,39.635,45.504,7.393,23.621,17.329,29.076,0.54,24.187,59.385,21.173,20.634,20.53,41.758,31.274
제주 제주시_발전_벙커C유(0.3%),15409.576,13390.05,12581.547,6296.049,9827.188,15704.401,15396.28,12963.804,11433.695,,,,,,10788.484,13505,1772.087,4937.101,5450.124,5149.883,3296.707,6688.624,7689.839,3155.931,426.333,151.34,455.98,1682.944,897.994,2984.439,888.614,2409.158,3614.478,2823.458,3905.762,5030.657,5291.307,3381.136,2859.482,5414.97,4327.61,1501.148,2382.482,2375.665,3774.914,2591.014,1938.478,2701.107,5278.261,6689.023,6835.007,5858.378,3172,3227.576,3551.439,3578.211,1406.88,2916.51,2149.954,3004.158,2568.74,2001.425,1774.613,1849.615,2568.481,229.223,855.793,928.466,444.58,1195.149,,418.467,83.931,70.586,341.308,1.004,0,0,0,0,0,0,0,0,,7025.406,,,,,,,,,,
제주 제주시_발전_부생연료유(등유형),,2073.578,168.292,,,,,,,,,,,,,,,,,,,,,,,,,,,,,,,,,,,,,,,,,,,112.324,96.202,,,,,,,,,,,,,,,,,,,,,,,,,,,,,,,,,,,,,,,,,,,,,,,,,
제주 제주시_개스제조_경유(0.001%),,,,,,,,,,,,,,,,,,,,,45.124,,,,,,,,,,,,,,,,,,,,,,,,,,,,,,,,,,,,,,,,,,,,,,,,,,,,,,,,,,,,,,,,,,,,,,,,,,,
제주 제주시_도로_무연보통휘발유,9513.042,8227.866,10502.948,10371.067,10433.163,11185.169,11740.999,12346.934,10903.849,8580.4,10581.257,10625.881,11488.744,9875.537,11052.94,11264.873,9449.013,11504.327,10505.423,13704.229,8286.077,10547.04,10220.529,10377.213,9052.314,8688.389,8689.233,9230.968,11175.372,10627.279,11481.993,12666.94,10734.145,10253.305,11945.774,9468.519,8196.537,9707.971,10474.028,11783.898,11764.799,12730.034,12406.762,12447.204,12017.727,11174.089,10808.666,12965.381,12008.719,10345.041,9667.43,9518.576,14514.446,10138.368,14298.506,15129.648,11326.224,12425.672,10772.181,14330.183,10056.433,9923.114,12529.332,10664.563,13181.491,11915.973,13566.06,13052.093,11857.466,12330.148,11437.985,11549.337,11867.534,9694.836,12332.251,11147.084,12527.665,13390.314,11611.577,14895.838,13060.06,13132.371,10920.33,12306.632,10194.521,9962.873,12494.004,12712.459,11119.139,12250.598,14257.039,14436.38,14096.557,13581.102,10491.241,12774.197
제주 제주시_도로_무연고급휘발유,29.308,27.832,31.748,42.84,33.942,39.559,34.76,37.201,33.951,28.771,32.715,25.474,37.463,41.29,54.849,65.002,51.637,58.198,54.328,80.676,41.762,59.006,61.681,59.428,51.262,54.79,60.476,77.061,92.778,91.894,91.534,104.061,95.681,95.793,100.907,102.405,85.153,93.522,99.69,117.17,129.76,130.632,130.65,139.359,144.743,133.829,119.569,139.016,136.558,114.818,124.958,110.6,191.169,151.572,176.747,202.952,151.501,169.98,140.994,171.648,119.97,119.731,172.534,157.68,184.079,175.442,199.357,201.508,182.036,186.328,167.697,158.822,172.288,142.813,182.4,182.61,212.008,220.275,170.627,238.871,208.755,223.181,169.582,193.705,174.145,173.58,219.066,234.885,189.046,222.359,234.347,232.309,233.282,259.957,175.373,207.465
제주 제주시_도로_경유(0.001%),17898.727,15474.737,20338.423,20709.699,19893.564,21095.332,21019.224,21875.917,19175.551,16484.904,20618.851,20385.532,21568.154,18074.872,20913.691,22120.428,17460.487,21032.601,18910.5,23832.803,13523.813,19915.467,18948.771,19161.562,14917.92,15390.444,16140.669,15687.146,18801.563,17097.253,18012.863,19540.697,17298.385,16857.105,19763.59,16952.044,14792.309,15753.474,16188.873,18626.726,18234.508,19936.355,18266.383,17712.404,17114.514,16223.71,17198.677,20845.163,18451.793,15467.009,15281,14833.145,20196.895,15850.775,18374.509,22797.404,15173.981,18784.937,16024.983,19828.618,15967.624,14395.387,19919.516,15700.26,19221.285,18031.282,20257.356,17042.21,17252.252,16269.461,16939.733,16506.62,16456.461,12341.2,16771.116,15656.663,18095.218,18053.26,13068.137,18217.737,15776.557,17865.555,13328.519,16152.261,11807.235,12205.968,16000.43,17318.374,12875.664,14664.529,16198.878,15022.51,15510.461,15657.291,10934.006,14857.407
제주 제주시_도로_부탄,7013.696,6041.454,6937.231,7192.675,7497.482,7294.959,8065.729,8369.539,7231.351,6496.242,6460.795,6924.786,7179.602,6357.512,6816.104,7067.186,6770.132,6483.467,7627.641,8667.711,6773.621,7329.791,6501.519,6643.497,6779.457,5052.236,4976.966,5556.681,6955.268,6279.302,6817.044,7271.398,5981.54,6027.138,6232.901,5366.102,5574.3,5025.112,5586.894,5500.589,5814.257,6787.839,6821.871,6625.757,5832.201,6245.209,5734.817,5235.715,5715.722,5431.155,5322.843,5194.069,6218.07,5670.645,6777.387,6675.633,6138.453,5624.431,5735.043,5651.375,5253.494,5494.609,5230.009,5275.294,5485.953,5451.9,6126.286,7146.993,5729.515,5398.924,4991.329,5241.43,5177.392,4869.245,5303.616,5335.902,5450.606,5911.435,6271.11,6442.185,5877.879,5758.93,5436.646,5408.891,5351.928,4740.535,5411.618,5810.784,5234.893,5747.594,6583.536,6731.04,6294.385,5631.953,5618.448,5888.221
제주 제주시_해운_실내등유,3.888,3.791,4.698,3.923,2.596,3.756,3.79,3.912,3.919,,3.774,3.783,3.893,9.541,7.514,3.773,3.7,3.766,,4.041,3.835,3.94,7.882,3.728,,,,,,,,,,,,,,,,,,,,,,,,,,,,,,,,,,,,,,,,,,,,,,,,,,,,,,,,,,,,,502.405,204.1,383.457,495.836,477.2,411.892,392.1,377.636,486.2,362,582.352,279
제주 제주시_해운_경유(0.05%),256.341,256.099,331.266,265.739,198.331,274.633,234.805,337.655,231.898,334.368,315.05,233.441,313.885,276.573,375.901,394.9,415.669,444.7,500,644.455,304.035,439.2,436.874,324.626,395.909,194.517,280.8,248.355,329.39,208.537,286.828,343.982,414.008,332.453,409.363,330.998,186.857,293.566,455.674,526.153,512.147,483.281,499.706,455.754,416.6,506.7,485.3,410,525.395,359.5,487.991,377.3,514.8,470.4,363.1,741.365,622.4,433.2,420.1,347.4,371.183,396.5,314.5,293.2,388,463.6,373.1,494.2,382.1,372.365,273.9,344.7,354.214,290.7,246.3,358,438.9,383.301,382.9,541.55,431.7,386.5,287.282,344.32,,,,,,,,,,,,
제주 제주시_해운_경유(0.001%),73.902,41.622,81.295,97.122,71.15,85.525,93.492,66.83,101.045,51.187,96.511,55.693,95.444,29.528,47.304,70.894,26.731,104.954,64.843,89.392,77.808,82.813,42.269,108.902,,22.059,24.027,24.874,2.5,45.396,25.443,2.5,10.767,2.5,5,10.219,3.087,3.096,2.179,5.881,10.437,6.88,3.567,5.734,4.29,3.721,3.177,4.3,0.604,5.417,2.887,1.9,4.3,3.6,1.5,,2.2,4.3,1.8,3.8,,2.2,2.3,4.4,4,4.2,2.5,7,5,2.4,4.9,2.8,,,,,,,,,,,,,,,,,,,,,,,,
제주 제주시_해운_경질중유(2.0%),248.606,103.008,330.08,260.18,406.673,109.842,192.969,107.058,73.965,123.583,50.939,47.395,21.74,49.009,89.17,127.062,178.723,135,277.5,153.482,55,64,8,70,149,98,37,58,137.87,40,58,50,70,140,174,408,,,,,,,,,,,,,,,,,,,,,,,,,,,,,,,,,,,,,,,,,,,,,,,,,,,,,,,,,,,,
제주 제주시_해운_경질중유(0.3%),,,17.885,27.649,,17.936,,,,,,11.081,29.431,,,63.692,57.764,114.638,120.357,88.149,96.197,24.317,25.24,57.401,38.015,27.315,36.528,56.854,30.25,138.39,101.102,141.917,110.79,126.334,46.523,131.752,492.537,264.503,582.784,494.464,400.086,236.034,318.595,333.47,174,224.9,217,145,412,255,210,209,155.5,92.5,176.1,258.9,199,263.3,252,244,294,292,182,198,275,169.5,169.3,224.3,164.1,187,162.3,277.4,261.6,193.8,163,236.5,123,87,115.592,160.819,183,137.794,91.473,98.471,230.589,64,143.209,120.809,120.5,92.396,98.642,72.537,161.595,10,,
제주 제주시_해운_중유(0.3%),10.553,3.17,2.787,,,,,,,,,4.364,,10.949,4.316,,,,,,,,,,,,,,,,,,,,,,,,,,,,,,,,,,,,,,,,,,,,,,,,,,,,,,,,23.684,,23.434,0,0,0,0,0,0,0,0,0,0,0,5.458,16.772,1.216,0.4,,,,,,,,
제주 제주시_해운_벙커C유(4.0%),,,,,,,,,,,,,,,,,,,,,,,,,,,,,,,,,,,,,,,,,,,,,,,,,,,,,,,,,,,53.675,,,,,,,,,,,,,,,,,,,,,,,,,,,,,,,,,,,,,
제주 제주시_해운_벙커C유(0.5%),,,,,,,,,,,,,,,,,,,,,,,,,,,,,,,,,,,,,,,,,,,,,,,,,,,,,,,,,,,,,,,,,,,,,,98.539,32.691,,0,0,0,195.057,118.055,97.304,399.212,190.906,122.069,234.274,225.214,173.205,866.994,207.013,238.562,771.676,201.96,609.647,190.253,489.703,,,,
제주 제주시_항공_무연보통휘발유,3.465,3.04,3.071,3.066,2.986,2.982,3.017,2.685,2.619,2.867,3.108,3.054,,,,,,,,,,,,,,,,,,,,,,,,,,,,,,,,,,,,,,,,,,,,,,,,,,,,,,,,,,,,,,,,,,,,,,,,,,,,,,,,,,,,
제주 제주시_항공_실내등유,,,,,,,,,,,,,,,,,,,,,,,,,3.99,3.819,7.761,3.837,3.976,,,3.83,3.932,,3.926,3.834,3.882,3.817,3.871,3.74,,3.801,3.771,,4.214,,3.838,,4.113,,3.921,,4.073,3.956,,,3.878,,3.941,,4.03,3.942,,3.928,,4.041,,4.171,,4.016,,4.01,4.07,0,3.978,0,4.084,0,3.839,4.095,0,2.988,2.997,6.023,6.029,3.02,5.989,2.979,5.948,2.955,5.917,2.958,5.911,2.977,6.004,6.04
제주 제주시_항공_경유(0.001%),0.69,0.496,0.451,0.988,0.911,0.823,0.961,1.081,1.054,1.003,0.955,1.117,,,,,,,,,,,,,36.748,35.206,29.388,19.456,49.921,42.785,27.221,68.169,36.735,27.082,115.649,46.21,78.639,47.061,65.061,93.13,57.937,91.226,91.581,117.743,62.326,137.861,100.852,85.461,124.237,104.276,84.598,62.683,133.805,103.507,137.599,124.852,73.876,129.528,103.937,76.838,126.312,86.858,94.93,93.223,79.478,94.923,104.709,129.862,98.147,96.379,106.234,94.19,97.024,105.842,95.354,93.112,107.73,108.889,115.338,114.298,125.993,108.12,105.301,126.54,87.179,94.808,103.386,82.801,84.468,114.546,121.446,105.602,130.227,98.293,88.83,121.997
제주 제주시_항공_중유(0.3%),,,,,,,,,,,,,,,,,,,,,,,,,4.238,3.584,,,,,,,,,,,,,,,,,,,,,,,,,,,,,,,,,,,,,,,,,,,,,,,,,,,,,,,,,,,,,,,,,,,,,,
제주 제주시_항공_JETA-1,19509.062,17506.799,21188.434,21593.12,17888.347,16203.291,16759.064,17744.194,16654.817,18342.093,19856.342,16975.742,18087.419,16774.03,18827.083,18401.974,19846.202,18165.34,18985.9,20027.931,21671.217,23375.203,20793.995,22251.543,18404.508,11876.351,8809.109,8437.159,14767.299,16914.809,13953.779,13804.473,8898.286,13083.529,13412.803,8633.801,7887.539,13032.111,16138.857,18387.179,18784.24,18307.633,18995.32,14051.825,15673.172,18918.95,14752.811,16876.881,18470.073,16040.293,15850.645,14542.274,16839.221,18553.378,11660.38,18295.192,14060.555,17452.92,13875.12,11142.069,11949.634,7672.126,7409.353,7357.67,9027.489,13310.926,26542.257,28407.137,34295.453,31005.885,16920.639,15111.564,16297.418,14690.653,4315.553,15032.777,12581.96,17098.072,18356.697,18498.34,17537.532,19585.272,15997.319,5402.558,12809.696,11283.924,14763.634,17014.421,17896.368,17097.493,18800.458,19748.803,19572.247,20268.38,17880.741,18481.501
제주 제주시_상업_무연보통휘발유,12.343,8.972,20.31,19.647,20.593,16.474,23.983,24.003,20.802,14.248,105.277,128.174,14.471,16.184,24.563,25.291,33.08,29.607,39.284,48.972,22.507,32.502,26.479,27.786,19.974,21.44,29.937,26.928,33.167,37.483,31.879,44.074,40.378,26.924,31.076,27.171,10.856,28.627,20.168,41.783,44.858,52.082,36.054,55.445,32.405,52.033,26.017,36.875,20.585,18.944,37.209,24.819,37.53,46.397,52.268,49.806,42.253,43.171,33.773,30.564,18.802,12.192,31.15,19.963,32.777,51.864,35.951,36.893,40.606,41.259,29.29,27.918,20.584,28.317,19.398,34.631,52.886,27.212,39.671,44.771,41.907,27.292,24.106,42.767,27.143,19.463,27.569,27.146,39.366,36.597,48.356,22.637,35.712,37.578,26.041,26.48
제주 제주시_상업_실내등유,126.78,123.794,67.249,40.03,41.68,25.926,47.818,59.139,23.556,29.548,38.622,100.055,14.6,26.716,13.149,16.979,20.348,20.713,40.478,44.45,28.759,64.833,85.224,188.547,191.69,161.543,116.05,73.281,169.88,87.58,51.347,83.715,133.064,96.472,148.996,119.05,210.209,159.902,170.907,111.283,92.537,90.961,100.281,126.605,119.975,150.195,116.518,265.46,267.255,282.819,259.979,138.862,144.532,140.822,169.639,157.376,146.884,143.876,228.762,296.826,293.038,278.118,205.227,193.929,168.229,145.86,71.523,157.099,134.351,207.769,259.414,326.448,365.304,260.832,240.471,178.49,144.313,142.98,143.938,87.604,207.965,290.506,337.627,376.302,242.595,264.148,252.04,189.827,127.167,114.512,120.519,107.077,126.216,85.228,192.978,252.435
제주 제주시_상업_경유(0.05%),,,,,,,,,,,,,,,,,,,,,,,,,,,,,5.889,,,,,,,,,,,,,,,,,,,,,,,,,,,,,,,,,,,,,,,,,,,,,,,,,,,,,,,,,,,,,,,,,,,
제주 제주시_상업_경유(0.001%),9.625,13.22,17.039,23.564,11.497,17.894,28.658,11.295,13.356,12.751,101.291,128.818,7.539,21.258,10.227,19.519,9.32,9.615,28.293,14.419,34.05,13.574,11.527,9.582,3.858,11.735,23.432,23.383,39.448,25.36,38.919,37.303,30.63,25.808,35.942,17.329,25.434,37.911,26.871,43.351,41.327,46.23,37.319,42.773,38.746,38.624,23.412,30.317,22.215,16.273,30.066,24.497,39.328,33.677,40.08,23.818,40.59,41.376,26.112,21.902,22.82,23.26,27.131,40.231,21.935,40.753,38.574,40.437,40.121,27.336,41.14,39.216,17.014,26.065,36.854,28.745,40.316,38.884,37.769,45.905,34.516,35.893,24.01,29.207,21.298,22.435,32.569,37.386,33.57,42.583,40.085,40.831,44.835,35.352,20.018,25.683
제주 제주시_상업_중유(0.5%),145.322,126.531,118.856,87.996,79.687,73.621,49.571,74.222,51.581,86.698,93.034,124.923,144.319,127.439,107.918,105.757,63.816,77.64,45.707,68.256,53.593,65.705,55.926,99.154,,,,,,,,,,,,,,,,,,,,,,,,,,,,,,,,,,,,,,,,,,,,,,,,,,,,,,,,,,,,,,,,,,,,,,,,
제주 제주시_상업_중유(0.3%),296.569,247.125,330.287,139.071,210.028,228.233,199.338,227.175,274.819,192.558,254.846,489.64,257.834,213.502,193.458,81.052,117.008,97.266,69.027,71.385,71.228,49.718,63.133,119.325,159.393,116.775,109.329,57.546,8.122,3.94,3.686,1.877,7.665,10.182,8.808,17.279,8.634,13.23,12.329,3.283,6.312,3.819,1.605,,2.218,2.973,5.4,11.297,16.591,7.924,5.001,4.19,4.507,2.942,2.468,2.527,1.773,2.361,1.445,5.707,6.093,4.706,4.045,4.271,1.345,0.08,0.771,0.19,0.951,0.395,3.076,5.127,9.374,8.075,9.278,3.049,0.879,0.845,0,1.411,1.452,0.655,4.069,2.427,9.703,6.493,2.432,1.2,1.219,,0.903,,2.829,,2.661,8.48
제주 제주시_상업_용제원료,5.53,2.341,8.211,18.706,15.171,17.76,3.424,10.181,8.63,22.521,18.071,9.677,5.587,2.801,7.375,20.383,11.552,17.337,4.803,9.7,9.369,23.618,20.365,14.732,5.526,3.027,11.171,23.161,18.322,27.899,3.963,11.022,10.979,28.956,29.83,22.333,6.092,2.779,9.939,14.746,12.737,20.681,3.378,8.176,8.429,20.438,16.711,9.572,5.913,2.622,9.878,12.731,10.57,16.31,2.543,7.194,7.73,20.067,14.368,7.411,3.987,1.967,7.003,17.776,11.704,23.294,4.011,12.302,8.808,20.411,21.054,13.186,6.304,2.526,9.128,20.311,7.59,15.059,4.07,9.591,8.742,20.774,15.868,9.949,7.271,2.831,9.198,19.588,15.066,32.503,5.134,14.874,12.302,33.277,33.974,20.601
제주 제주시_상업_JETA-1,,,,,,,,,,,,,,12.8,,,,,52.614,13.64,,,,71.871,,,,,,,,,,,,,,,,,,,,,,,,,,,,,,,,,,,,,,,,,,,,,,,,,,,,,,,,,,,,,,,,,,,,,,,,
제주 제주시_상업_프로판,5912.256,4808.327,4721.458,4815.946,4410.01,3061.304,3309.985,3496.234,3313.819,3881.132,4308.64,5568.226,6423.175,4984.284,4881.963,5374.784,3853.105,2667.304,3754.763,3913.358,3278.137,4704.662,4785.959,5772.672,6056.559,4579.811,4471.934,4720.873,4820.777,2946.665,3744.57,3581.335,3567.144,4180.287,5263.148,6322.251,6716.618,5133.678,5004.855,4537.71,4000.978,4059.632,4009.902,3532.568,3354.895,4472.721,5060.019,5866.827,6688.75,6515.915,5686.411,4565.56,3976.858,2965.115,3700.931,3716.447,3865.764,3895.847,5470.52,7037.85,6185.926,6607.738,4862.476,4732.589,4363.062,3171.488,3817.385,4861.078,3679.357,4249.185,5102.714,6307.484,6712.499,5556.929,5503.563,5173.625,4282.525,3357.615,4303.529,3579.842,3333.423,4490.278,5014.202,6347.947,6481.112,6086.068,5092.963,5290.547,4056.057,3222.496,3830.045,3598.824,4083.919,3678.226,5112.747,6772.525
제주 제주시_상업_부탄,152.869,102.461,71.158,42.173,16.952,13.194,10.792,10.322,19.012,20.785,42.621,111.552,156.484,107.821,69.916,41.438,15.308,11.726,10.206,10.69,17.808,23.451,42.889,107.021,147.764,85.685,51.051,32.581,15.727,11.357,9.121,8.968,15.726,19.284,41.118,86.443,121.497,85.224,57.307,32.252,13.145,12.276,9.127,8.171,15.333,19.982,37.831,84.343,124.579,92.11,54.599,30.454,14.059,10.255,9.068,8.232,16.139,17.996,37.834,91.039,114.504,93.187,53.646,30.931,12.403,9.86,8.197,8.814,15.064,17.274,32.927,84.435,112.846,82.581,54.401,31.287,12.324,10.692,8.391,7.945,15.453,18.426,35.865,87.132,116.649,80.398,55.509,34.072,11.835,10.395,8.809,8.3,16.548,18.019,37.064,94.853
제주 제주시_상업_부생연료유(등유형),1081.103,1156.54,843.185,508.208,240.989,97.989,170.842,207.618,144.571,181.362,1005.278,699.402,1830.366,1609.602,1407.619,1129.378,520.005,122.498,134.058,217.968,230.773,177.409,1266.29,710.759,1467.263,1561.599,1685.699,1880.386,2237.503,1068.179,177.529,354.893,146.333,210.85,491.605,1381.603,189.43,305.558,219.551,159.39,181.344,314.79,102.716,181.064,145.951,134.68,127.323,323.348,227.128,209.918,251.336,81.225,101.483,42.772,89.438,71.162,34.056,128.827,82.331,170.244,172.122,148.468,84.094,66.513,46.723,122.404,66.099,47.035,70.736,99.408,90.553,160.167,184.217,72.632,158.783,71.163,73.907,50.123,1.763,54.442,0,0,0,0,,,,,,,,,11.245,10.704,8.864,4.77
제주 제주시_상업_부생연료유(중유형),,,,,,,,,,,,,,,,,,,,,15.204,29.855,16.256,130.712,384.392,272.364,299.194,381.745,336.402,137.539,44.723,34.624,42.732,74.639,151.99,181.59,26.652,34.845,39.015,38.163,53.993,42.164,46.269,31.657,41.693,62.782,59.819,52.206,85.212,51.403,55.493,58.583,69.996,69.877,45.277,48.762,73.889,54.95,49.824,91.768,72.396,65.472,60.713,70.946,43.314,64.954,59.578,66.844,71.599,73.254,58.799,59.816,60.415,91.753,65.619,98.603,38.317,115.231,149.072,63.332,130.109,130.937,103.328,105.02,137.042,101.915,107.339,87.648,140.707,110.009,24.806,63.048,65.294,,73.828,134.387
제주 제주시_가정_무연보통휘발유,4.19,7.334,4.33,8.063,4.004,8.536,8.968,8.903,4.566,7.218,4.156,8.413,4.788,4.203,4.841,8.548,4.199,9.669,9.944,11.935,8.42,5.872,9.669,5.584,3.67,23.681,4.142,4.121,24.785,24.605,40.588,41.371,20.444,23.941,32.312,23.517,18.947,15.938,19.07,36.217,36.226,21.626,21.667,37.268,36.846,24.443,35.581,37.165,36.884,36.531,19.91,35.314,29.754,39.566,38.412,42.307,32.005,32.781,15.755,16.997,31.582,31.424,20.564,42.965,28.724,43.959,36.96,60.783,36.205,35.555,47.772,39.588,35.927,50.246,36.188,50.899,51.662,51.919,67.004,60.666,55.706,51.765,47.518,67.473,34.644,50.54,35.044,47.587,66.52,67.659,99.621,96.399,80.225,79.709,81.728,83
제주 제주시_가정_실내등유,11321.873,9020.425,4331.348,2510.476,1552.797,1206.32,897.109,1075.092,2316.294,3233.85,4567.694,9497.036,10888.945,7306.451,4666.076,3355.862,1388.686,1146.508,1013.572,1526.58,2403.25,2494.639,5139.394,7696.826,7444.027,6495.173,5594.19,6101.538,5742.661,1503.641,869.073,653.115,1629.693,2003.024,4132.1,7844.505,10347.185,6458.055,3796.678,2507.768,1610.892,1115.572,787.054,993.912,2320.932,3320.788,3954.946,8464.878,9896.772,8412.315,3507.311,1422.756,1251.516,908.121,685.346,1626.14,1280.91,3532.042,3077.798,9033.333,7946.203,5156.033,3355.912,2291.873,1702.155,1094.818,1282.347,890.645,1312.979,2636.263,4824.628,7242.579,7752.646,4948.165,4382.31,1926.516,1292.072,1238.71,705.667,1085.39,1678.113,3754.112,3383.371,6712.306,6749.041,7502.929,4270.18,2413.608,1587.042,1727.576,654.45,792.245,1438.127,2574.927,3613.347,6095.08
제주 제주시_가정_경유(0.05%),,,,,,,,,,,,,,,,,,,21.434,,35.123,5.037,16.908,,18,16.165,,14.834,7.352,16.636,,,,,,,,,,,,,,,,,,,,,,,,,,,,,,,,,,,,,,,,,,,,,,,,,,,,,,,,,,,,,,,,,,
제주 제주시_가정_경유(0.001%),455.374,393.522,511.967,274.9,278.079,270.04,307.551,293.527,216.949,204.074,227.264,274.821,225.86,205.987,239.636,292.106,197.171,235.941,222.485,314.268,192.464,155.813,161.7,181.869,111.604,127.058,159.155,152.952,149.881,117.423,151.829,167.858,139.339,140.126,162.077,163.987,115.282,122.28,195.527,206.875,135.311,188.794,169.088,161.076,177.152,182.45,175.615,210.099,144.967,149.387,163.759,170.438,171.332,168.813,147.526,205.36,150.041,177.153,153.204,205.522,107.042,139.613,186.983,157.363,156.506,165.742,179.281,197.071,174.388,182.195,184.998,189.308,138.011,106.737,169.938,164.438,171.352,169.689,129.316,158.795,140.987,169.184,127.602,210.368,101.091,119.483,143.632,138.403,130.927,144.452,178.752,171.71,159.246,171.846,119.802,195.679
제주 제주시_가정_중유(0.5%),792.784,961.102,752.673,302.046,101.569,42.788,23.777,21.767,21.799,56.82,137.126,283.788,732.184,533.799,552.206,279.331,76.847,18.921,25.834,36.6,26.819,37.85,113.869,262.446,,,,,,,,,,,,,,,,,,,,,,,,,,,,,,,,,,,,,,,,,,,,,,,,,,,,,,,,,,,,,,,,,,,,,,,,
제주 제주시_가정_중유(0.3%),16.382,13.116,15.32,11.9,8.659,11.637,9.489,11.473,10.993,11.454,16.194,18.518,24.882,21.174,24.431,24.603,29.538,20.013,20.648,21.362,22.432,23.218,21.605,20.184,372.234,358.681,268.405,,,,,,,,,,,,,,,,,,,,,,,,2,,,,,,,,,,,,1.011,,,,,,,,,,,,,,,,,,,,,,,,,,,,,,,,,
제주 제주시_가정_용제원료,9.264,1.056,4.362,12.05,2.942,7.258,9.299,0.676,12.237,10.349,1.63,6.053,9.357,1.263,3.917,13.13,2.24,7.085,13.043,0.644,13.285,10.853,1.837,9.214,9.256,1.365,5.934,14.919,3.553,11.402,10.763,0.732,15.567,13.306,2.691,13.968,10.204,1.253,5.28,9.499,2.47,8.452,9.174,0.543,11.952,9.392,1.508,5.987,9.904,1.183,5.247,8.2,2.05,6.665,6.905,0.478,10.96,9.221,1.296,4.635,6.679,0.887,3.72,11.451,2.27,9.52,10.892,0.817,12.489,9.379,1.9,8.247,10.56,1.139,4.848,13.084,1.472,6.154,11.054,0.637,12.396,9.546,1.432,6.222,12.18,1.277,4.886,12.617,2.922,13.283,13.944,0.988,17.444,15.292,3.065,12.885
제주 제주시_가정_프로판,5144.676,4184.068,4108.476,4305.656,3597.272,2702.798,2493.487,2504.756,2883.59,3377.25,3749.256,4845.31,5589.261,4337.181,4248.145,4805.281,3143.001,2354.939,2828.549,2803.59,2852.541,4093.862,4164.603,5023.213,5270.244,3985.22,3891.347,4220.657,3932.338,2601.586,2820.87,2565.723,3104.026,3637.565,4579.84,5501.442,5844.606,4467.179,4355.081,4056.902,3263.62,3584.212,3020.75,2530.786,2919.333,3892.033,4403.084,5105.145,5820.358,5669.963,4948.151,4081.8,3243.948,2617.874,2787.996,2662.519,3363.876,3390.053,4760.29,6124.135,5382.814,5749.864,4231.188,4231.132,3558.977,2800.078,2875.722,3482.552,3201.671,3697.52,4440.235,5488.592,5841.023,4835.48,4789.041,4625.437,3493.281,2964.409,3241.946,2564.655,2900.65,3907.312,4363.215,5523.803,5639.678,5295.922,4431.75,4729.968,3308.549,2845.115,2885.26,2578.254,3553.708,3200.687,4448.966,5893.257
제주 제주시_가정_부탄,233.994,158.708,100.444,39.888,4.319,0.773,0.694,0.058,0.301,15.805,69.679,227.172,239.528,167.012,98.69,39.193,3.899,0.687,0.655,0.06,0.282,17.832,70.118,217.945,226.178,132.722,72.062,30.816,4.006,0.665,0.586,0.05,0.249,14.664,67.221,176.038,185.972,132.01,80.893,30.504,3.348,0.719,0.587,0.046,0.243,15.195,61.85,171.762,190.69,142.676,77.069,28.804,3.581,0.601,0.583,0.046,0.256,13.684,61.852,185.398,175.268,144.342,75.725,29.256,3.16,0.578,0.527,0.049,0.238,13.135,53.831,171.949,172.73,127.915,76.79,29.591,3.139,0.626,0.539,0.045,0.244,14.011,58.633,177.442,178.553,124.533,78.354,32.225,3.015,0.609,0.566,0.047,0.262,13.703,60.595,193.168
제주 제주시_가정_부생연료유(중유형),,,,,,,,,,,,,,,,,,,,,,,,,,,,,,,,,,,,,,,,,,,,,,,,,,,,,,,,,,,,,,,,13.386,7.935,8.748,10.687,6.729,9.862,7.381,8.33,14.37,0,0,0,0,0,0,0,0,0,0,0,0,,,,,,,,,,,,
제주 제주시_공공_무연보통휘발유,16.154,15.754,0.585,40.495,8.335,16.306,43.898,16.774,12.353,16.039,15.934,0.503,28.331,2.257,15.995,2.528,16.646,42.392,9.917,19.085,29.21,17.79,17.767,23.548,0.008,2.017,0.228,2.198,10.47,0.528,0.456,8.281,0.294,0.316,0.329,4.362,0.307,0.256,0.187,8.507,0.356,0.365,0.404,10.352,2.472,6.117,2.146,2.223,4.36,0.124,0.204,2.805,7.503,1.377,7.642,3.813,3.344,7.878,3.654,2.023,5.651,3.082,1.67,7.198,1.824,7.596,7.75,4.899,4.62,8.263,1.624,4.347,7.793,2.315,4.65,6.963,5.039,4.079,7.965,6.447,7.455,3.573,1.295,8.342,0.8,2.625,5.049,4.592,8.855,4.749,2.07,8.054,3.944,3.634,5.325,42.019
제주 제주시_공공_실내등유,352.326,428.03,179.259,93.704,61.369,71.45,102.277,152.055,115.797,95.59,233.795,216.079,318.65,305.571,153.377,139.843,82.108,93.536,143.649,111.771,191.952,81.068,181.553,280.694,221.278,323.009,101.065,76.884,55.483,47.636,60.32,68.136,41.323,85.467,87.539,150.875,102.259,107.319,60.675,27.209,20.348,13.908,55.544,23.545,51.64,50.796,81.776,132.734,88.255,80.463,53.315,9.088,16.216,24.51,39.014,52.77,25.419,24.624,40.548,66.198,58.539,60.569,27.071,18.742,34.937,29.178,58.305,83.107,66.261,13.993,32.091,86.196,41.66,93.289,58.899,28.975,22.047,26.575,42.111,68.081,36.671,58.264,50.018,149.197,114.165,112.18,47.634,23.835,9.063,17.185,17.449,18.634,25.852,22.218,60.017,80.118
제주 제주시_공공_경유(0.05%),442.878,427.638,476.613,337.721,320.486,137.021,290.592,478.985,325.236,262.052,391.65,550.228,587.431,703.79,373.28,551.695,418.557,241.517,574.508,6.055,8.146,5.015,6.456,13.815,5.197,4.007,3.77,,13.986,31.343,4.623,7.972,17.329,10.066,4.977,17.377,658.421,220.376,462.69,297.739,200.854,625.792,672.115,129.815,668.313,370.614,376.455,441.742,665.654,656.604,430.036,273.165,665.4,549.249,581.149,857.198,641.856,912.505,819.06,535.86,1328.199,387.161,871.811,716.203,458.401,586.162,528.009,1399.332,715.577,607.993,790.547,766.889,849.243,780.244,743.678,1204.952,884.467,612.439,823.651,561.453,607.453,1309.253,927.104,467.614,2515.061,653.834,702.598,1118.073,823.591,1219.052,781.005,750.112,924.008,613.845,844.894,299.558
제주 제주시_공공_경유(0.001%),98.381,131.643,128.243,130.856,121.88,118.032,162.3,127.945,98.53,89.369,122.122,189.49,86.714,192.804,145.236,98.982,150.161,141.308,146.114,189.506,90.971,66.981,162.736,148.106,66.918,144.248,225.001,66.753,71.312,79.952,65.77,52.143,73.394,101.091,75.406,116.19,94.331,100.87,69.959,112.514,48.609,79.542,28.514,99.172,59.361,48.263,124.269,103.243,52.46,55.573,119.597,92.996,94.345,64.229,68.948,88.38,67.291,120.389,50.153,144.448,101.371,104.956,124.737,68.185,106.994,80.192,95.043,100.989,80.11,71.682,105.375,64.335,87.524,123.236,126.467,93.965,114.865,60.727,106.887,77.839,87.826,74.517,134.523,112.192,81.921,82.849,91.415,104.352,106.471,108.098,109.937,111.974,121.154,81.746,111.67,307.389
제주 제주시_공공_경질중유(0.3%),,,,,,,,,,,,,,,,106.331,109.747,46.303,53.238,82.113,56.883,,28.606,38.422,,166.794,,,,140.735,8.425,,,,,,12.272,,10.489,10.675,9.266,13.066,,8.664,12.631,13.82,8.321,12.249,,13.171,16.917,,14.047,16.278,,16.108,9.385,15.666,,6.391,19.683,,17.202,18,,19.218,,20.819,,,18.496,,17.5,13.922,0,16.04,0,15.541,0,0,17.991,12.177,0,8.377,,,15.709,,16.088,,15.678,,16.127,,,
제주 제주시_공공_중유(0.5%),,,,,,,,,,,,,,,,,,,,,,,9.996,,,,,,,,,,,,,,,,,,,,,,,,,,,,,,,,,,,,,,,,,,,,,,,,,,,,,,,,,,,,,,,,,,,,,,,,,
제주 제주시_공공_중유(0.3%),,5.229,,,,,,,,,,,,,,,,,,,,,,,,,,,,,,,,,,,,,,,,,,,,,,,,,,37.709,,70.6,17.89,,,11.804,,48.915,,,,,21.528,,9.868,,,13.837,21.531,,,,,,,,,,,,,,,,,,,,,,31.118,33.458,,
제주 제주시_공공_JETA-1,,,,,,,,,,,,,,,,,,,,,,,,,,,,,,,,,,,,,,,,,,,,,,,992.47,349.314,,,,,,1248,,,672,,,1504,,,1887,,,,,,,1891,,426,0,0,352,1538,0,64,128,192,128,128,0,1635.259,1738.599,892.142,,,,117,,,,,956.859,512.851
제주 제주시_공공_프로판,19.575,15.92,15.632,11.854,20.923,15.52,22.758,9.908,10.971,12.849,14.266,18.436,21.266,16.502,16.163,13.229,18.281,13.523,25.815,11.091,10.853,15.576,15.845,19.112,20.052,15.163,14.806,11.619,22.872,14.939,25.745,10.151,11.81,13.84,17.426,20.932,22.237,16.997,16.57,11.169,18.983,20.582,27.57,10.012,11.107,14.809,16.753,19.424,22.145,21.574,18.826,11.238,18.868,15.032,25.446,10.533,12.798,12.899,18.112,23.301,20.481,21.877,16.098,11.648,20.7,16.079,26.247,13.777,12.181,14.069,16.895,20.882,22.224,18.398,18.221,12.734,20.319,17.022,29.588,10.145,11.036,14.866,16.602,21.016,21.458,20.15,16.862,13.022,19.244,16.337,26.334,10.2,13.521,12.178,16.928,22.423
제주 제주시_공공_부생연료유(등유형),10.682,27.335,8.449,1.344,3.244,1.301,0.993,26.875,0.344,5.679,4.666,9.888,37.89,9.079,3.374,6.779,1.493,4.351,24.175,3.166,2.758,,9.576,4.533,44.704,7.971,0.516,8.608,,7.798,,,6.895,,2.156,4.417,,2.399,5.688,1.616,,,1.169,,1.646,,2.029,2.852,4.011,2.758,3.284,1.407,,,,2.014,1.022,1.288,1.488,5.662,15.406,13.316,4.397,6.236,2.803,2.037,5.128,,,,9.961,8.926,10.938,12.423,4.418,8.006,2.679,0,0,4.355,0,0,0,1.475,,,,,,,,,,,,
제주 제주시_공공_부생연료유(중유형),,,,,,,,,,,,,,,,,,,,,,,,,,,,,,,,,,,,,,,,,,,,,,,,,,,,,,,,,,,,,,,,,,,,,,,,,,,,,,,,,,,,,9.836,6.7,13.314,2.619,8.197,,2.126,,,,5.599,19.048
제주 서귀포시_농림수산업_무연보통휘발유,15.464,656.8,668.232,311.874,19.924,28.284,17.646,20.143,22.163,116.702,17.257,71.979,28.987,163.126,89.347,30.073,25.19,30.063,18.019,31.843,23.218,33.7,32.127,36.272,29.21,28.684,31.481,34.49,48.889,33.827,36.145,34.571,41.316,45.286,44.778,42.121,23.618,30.742,29.152,33.635,38.465,44.668,34.28,41.445,42.254,40.593,35.123,40.489,43.232,33.802,37.436,26.653,49.654,34.372,38.221,43.569,35.918,44.183,45.753,42.037,33.455,36.688,40.681,35.182,44.943,42.136,30.857,28.529,40.131,39.952,39.402,37.498,33.969,33.392,24.573,42.806,40.407,39.471,28.009,34.932,27.831,34.728,22.75,47.385,31.151,22.245,26.623,29.691,51.63,38.986,31.009,39.943,41.687,36.059,31.722,32.84
제주 서귀포시_농림수산업_실내등유,,1238.12,530.112,102.978,60.488,,,,,44.646,190.782,806.908,,365.442,244.195,,,,,,,19.928,61.504,242.414,174.3,200.413,160.208,227.85,259.807,23.102,3.708,2.799,13.32,18.863,50.009,263.081,262.674,223.566,105.493,88.568,29.731,6.21,4.475,2.837,8.916,16.44,46.91,211.169,294.146,284.41,109.135,46.726,12.703,5.077,1.374,3.562,2.648,14.041,36.226,305.582,270.127,216.654,113.429,40.424,26.501,12.291,5.094,6.97,5.531,38.338,75.033,177.204,245.948,172.134,126.222,49.974,10.468,1.064,1.638,1.057,3.299,14.03,17.468,116.499,105.529,160.2,65.359,32.712,19.5,8.328,1.774,4.526,1.219,8.551,23.29,78.943
제주 서귀포시_농림수산업_경유(0.05%),200,64,204,548,356,44,613.2,82.4,63.2,55.2,84,308,272,196,,88,,,555.2,440,267.6,717.304,666,1464.6,756,384,798.8,809.4,1130.2,3341.8,2208,1394.4,2459.6,3846.8,4897.6,11240.02,5366,5206.05,5474.4,2514,8042.8,6900.4,6348,2312.8,6922.4,6622.8,2841,3870,7571.255,4264,5309.4,2511.8,4787.6,6313.6,1290.8,4016.6,7238.6,4723.4,4699,2251.4,4911.629,3960,5179.6,3570.6,4325.2,8316.8,6938,6464,4156.4,1790.8,4562.6,4601,7184,5986.64,952,6441,773,4875.5,9665.2,1110.8,5814,9097.6,6682.4,6675.4,5610,336,1363.59,3796.2,5921.8,8746.4,5640.4,2627.6,8385.6,7017.8,6520.4,2774
제주 서귀포시_농림수산업_경유(0.001%),35.674,282.057,47.522,39.805,38.921,39.45,15.587,48.769,39.824,38.415,43.506,49.586,56.91,27.32,38.792,40.188,22.745,48.315,49.485,28.661,19.804,57.653,67.885,55.974,51.705,46.109,54.105,57.241,67.057,54.799,46.446,64.908,53.511,59.167,62.566,55.158,38.269,54.229,62.293,31.244,53.964,53.03,52.475,51.629,42.282,66.583,60.3,65.042,57.487,48.751,45.87,34.613,65.593,34.785,47.738,55.336,66.472,66.68,61.318,71.621,61.51,55.011,63.834,48.295,63.967,60.017,63.496,51.649,45.975,71.971,42.336,74.431,42.513,43.208,55.593,44.909,76.504,57.934,36.063,61.899,54.119,47.838,48.307,69.289,45.979,50.947,54.107,54.934,42.941,53.654,57.937,50.848,45.148,63.778,38.849,76.292
제주 서귀포시_농림수산업_중유(0.3%),1358.845,1359.479,889.355,387.138,67.998,5.075,1.065,2.997,3.168,31.352,138.831,580.652,1805.682,1182.536,1090.971,664.312,121.588,7.271,2.683,4.544,18.355,34.987,168.956,414.298,1052.83,751.209,841.811,906.199,225.986,20.309,4.915,0.536,3.285,21.148,92.488,320.668,647.526,526.731,358.31,231.471,54.179,,,0.627,1.109,18.21,29.361,194.562,465.282,401.495,229.567,108.938,26.481,,,1.685,0.295,12.591,9.909,133.702,191.543,139.505,209.33,87.556,15.698,0.08,,,0.19,1.977,14.764,41.529,189.819,102.283,166.3,36.592,7.032,0,0,4.234,9.44,13.765,22.889,24.574,156.459,146.624,90.579,16.598,23.167,,,,8.487,,37.253,115.112
제주 서귀포시_농림수산업_부생연료유(등유형),,2.96,2.816,2.687,,,,,,,3.004,,3.466,4.972,2.595,6.258,1.947,,,,2.177,,,3.487,3.32,,,3.797,4.805,,,,,,,,1648.92,2286.549,1731.843,830.104,2.394,,,,,,,,,,,,,,,1.611,8.173,,,,,,422.019,203.148,85.41,10.997,14.815,2.52,5.441,8.947,3.622,135.373,59.871,0,0,0,27.577,27.066,0,0,0,3.439,0,0,3.028,,,,,,,,,,,
제주 서귀포시_농림수산업_부생연료유(중유형),,,,,,,,,,,,,5.394,5.307,,,,,,,,,,,,,,,,,,,,,,,,8.992,311.931,42.057,94.887,9.369,4.514,8.117,9.53,246.983,612.888,194.824,,,,,,,,,7.064,,,,237.689,87.246,1198.999,767.003,171.16,62.482,14.694,33.497,23.11,80.594,471.135,1178.766,1459.416,1197.438,1244.349,673.05,106.54,33.06,0,20.953,2.61,61.185,725.354,820.748,1264.491,1172.949,946.247,522.734,316.413,18.779,,34.702,17.807,61.207,621.903,767.759
제주 서귀포시_광업_경유(0.001%),,,,,,,,,,,,,,,,,,,,,,,,,,,,,,,,26.15,,,,,,,,,,,,,,,,,,,,,,,,,,,,,,,,,,,,,,,,,,,,,,,,,,,,,,,,,,,,,,,,
제주 서귀포시_식품.담배업_실내등유,,,,23.538,124.611,105.183,64.435,23.47,,159.038,,,,,,22.638,151.683,45.19,106.252,,26.842,200.952,,,,,,30.694,198.819,88.769,96.251,38.304,,146.711,145.257,,,,,56.101,111.995,117.818,11.312,,,135.308,,,,,,23.324,175.16,23.738,69.571,44.072,7.756,122.505,,,,,,62.845,133.466,129.31,23.625,,12.056,204.834,,,0,0,0,31.515,179.694,86.953,30.715,0,8.201,177.926,0,0,,,,44.122,230.249,69.66,47.851,,8.318,231.488,36.087,
제주 서귀포시_식품.담배업_중유(0.3%),27.849,5.961,5.556,2.755,2.108,,0.497,,,,0.49,3.262,7.079,5.825,5.753,11.283,,2.237,,,,,1.707,1.945,3.391,4.301,2.391,2.74,1.433,0.909,,,,,,4.506,2.59,,,,,,,,,,,,,,,,,,,,,,,,,,,,,,,,,,,,,,,,,,,,,,,,,,,,,,,,,,,
제주 서귀포시_식품.담배업_프로판,2.298,1.869,1.835,1.509,1.585,1.434,1.008,1.221,1.288,1.509,1.675,2.164,2.497,1.937,1.898,1.684,1.385,1.249,1.144,1.366,1.274,1.829,1.86,2.244,2.354,1.78,1.738,1.479,1.733,1.38,1.141,1.251,1.386,1.625,2.046,2.458,2.611,1.996,1.945,1.422,1.438,1.902,1.222,1.234,1.304,1.739,1.967,2.28,2.6,2.533,2.21,1.431,1.429,1.389,1.128,1.298,1.503,1.514,2.126,2.736,2.404,2.569,1.89,1.483,1.568,1.486,1.163,1.697,1.43,1.652,1.983,2.452,2.609,2.16,2.139,1.621,1.539,1.573,1.311,1.25,1.296,1.745,1.949,2.468,2.519,2.366,1.98,1.658,1.458,1.51,1.167,1.257,1.587,1.43,1.987,2.633
제주 서귀포시_식품.담배업_부생연료유(등유형),,,,,,,,,,,,,,,,,,,,,,,,,,,,,,,,,,,,,,,,,,,,,,,,,,,,,,,,,,,,,,,,,,,,,,,,,,,,,,,,,,,,,,,,,,,,15.491,26.989,,,
제주 서귀포시_식품.담배업_부생연료유(중유형),,,,,,,,,,,,,,,,,,,,,,,,,,,,,,,,,,,,,,,,,,,,,,,,,,,,,,,,,,,,,22.276,,,,,,,,,,,,,,,,,,,,,,,,17.486,8.464,2.878,14.841,,7.269,11.34,,,,,2.337
제주 서귀포시_제지.인쇄업_중유(0.3%),25.369,27.276,15.773,6.683,4.722,4.652,2.109,2.958,13.361,16.668,32.38,33.741,52.813,24.846,17.233,8.446,13.637,6.673,5.33,4.494,16.833,29.32,26.162,36.456,54.525,23.015,25.602,7.308,7.624,2.405,4.888,4.243,19.581,31.221,41.145,58.867,62.611,46.462,30.891,26.246,12.596,12.15,5.65,3.723,7.924,14.794,18.912,35.3,46.459,12.778,17.033,12.571,40.405,81.816,9.754,13.31,7.041,15.676,9.906,26.225,15.322,10.829,12.181,12.809,5.371,0.637,,,,,,,,,,,,,,,,,,,,,,,,,,,,,,
제주 서귀포시_제지.인쇄업_부생연료유(중유형),,,,,,,,,,,,,,,,,,,,,,,,,,,,,,,,,,,,,,,,,,,,,,,,,,,,,,,,,,,,,19.801,8.058,,8.924,,,,17.945,17.752,7.381,13.884,7.185,22.831,87.186,0,9.269,0,0,0,0,0,11.124,0,0,21.857,5.642,7.674,8.73,,,,,9.497,,,
제주 서귀포시_화학제품업_경유(0.001%),,,,,,,,,,,,,,,,,,15.383,,,,,,,,,,,,,,,,,,,,,,,,,,,,,,,,,,,,,,,,,,,,,,,,,,,,,,,,,,,,,,,,,,,,,,,,,,,,,,
제주 서귀포시_화학제품업_중유(0.3%),6.305,2.091,0.926,,1.581,,,,,,3.925,5.437,49.702,24.757,12.944,11.283,,,,,2.118,1.228,1.707,,1.695,2.867,,,,0.909,,0.805,1.642,2.35,3.673,12.016,9.497,7.442,,1.642,,1.146,0.357,0.47,0.666,1.487,2.025,13.808,10.82,2.641,1.5,,,,4.935,0.842,,,,,,,,,,,,,,,,,,,,,,,,,,,,,,,,,,,,,,,,
제주 서귀포시_화학제품업_부생연료유(중유형),58.54,32.965,29.837,24.609,36.114,38.188,22.301,57.34,51.65,46.181,30.683,41.499,,,,,,,,,,,,,,,,,,,,,,,,,,,,,,,,,,,,,,,,,,,,,,,,,,,,,,,,,,,,,,,,,,,,,,,,,,,,,,,,,,,,
제주 서귀포시_요업_경유(0.05%),6.869,36.152,21.685,63.989,,9.546,27.86,,,3.877,20.577,17.22,21.142,,24.503,29.826,,,,,,,,,,,,,,,,,,,,,,,,,,,,,,,,,,,,,,,,,,,,,,,,,,,,,,,,,,,,,,,,,,,,,,,,,,,,,,,,
제주 서귀포시_요업_경유(0.001%),15.401,,15.454,,15.33,,15.285,15.06,,14.574,0.435,15.24,,15.73,,15.622,14.911,,,23.691,,,11.481,,,15.647,,,,,,15.581,,15.476,,,,15.886,,,15.606,,,,,,,,,,,,,15.624,43.245,,15.553,,15.689,,16.04,,16.509,,15.895,,24.398,,15.703,,15.885,,16.171,0,16.06,15.682,0,16.132,0,15.902,15.873,0,15.396,0,15.656,,,16.309,,,15.993,,16.017,,15.349,
제주 서귀포시_요업_경질중유(2.0%),,,4.257,,,,,,,,,,,,,,,,,,,,,,,,,,,,,,,,,,,,,,,,,,,,,,,,,,,,,,,,,,,,,,,,,,,,,,,,,,,,,,,,,,,,,,,,,,,,,
제주 서귀포시_요업_경질중유(0.3%),,,,7.68,,,,,,,,,,,,,,,,,,,,,,,,,,,,,,,,,,,,,,,,,,,,,,,,,,,,,,,,,,,,,,,,,,,,,,,,,,,,,,,,,,,,,,,,,,,,
제주 서귀포시_요업_중유(0.3%),16.847,35.533,22.263,2.978,13.644,24.822,30.222,30.339,37.713,43.852,54.965,129.536,60.234,46.596,47.442,75.947,96.963,35.577,18.657,13.495,35.057,31.741,,,,,,,,,,,,,,,,,,,,,,,,,,,,,,,,,,,,,,,0.762,,,,0.448,0.08,0.257,,0.19,0.395,,1.025,,,,,,,,,,,,,,,,,,,,,,,,
제주 서귀포시_기타제조업_경유(0.001%),,,,,,,,,,,,,,,,,7.456,,7.922,15.794,,15.469,7.654,7.666,,7.823,7.811,7.782,7.831,7.779,7.777,7.791,11.6,15.476,7.841,,7.825,7.943,7.722,7.834,7.803,15.728,7.704,7.708,,15.296,7.848,,,8.115,7.833,7.835,15.977,7.812,7.863,8.187,15.553,7.971,7.844,,8.02,,8.255,7.769,7.948,7.91,8.133,,7.852,15.576,7.943,,8.085,0,8.03,7.841,8.054,8.066,0,15.902,0,8.069,7.698,8.047,7.828,,8.036,8.155,7.702,7.999,15.993,8.049,,16.231,7.675,
제주 서귀포시_기타제조업_중유(0.3%),11.645,8.394,20.423,17.097,10.522,14.416,13.798,11.927,34.684,39.612,46.117,43.539,36.211,40.773,34.525,45.025,30.292,8.898,50.592,13.486,,,,,,,,,,,,,,,,,,,,,,,,,,,,,,,,,,,,,,,,,,,,,,,,,,,,,,,,,,,,,,,,,,,,,,,,,,,,
제주 서귀포시_기타제조업_프로판,11.752,9.558,9.385,7.136,5.813,15.475,8.374,13.198,6.587,7.715,8.564,11.068,12.768,9.908,9.704,7.964,5.079,13.483,9.499,14.773,6.516,9.352,9.513,11.475,12.039,9.104,8.889,6.995,6.354,14.895,9.473,13.52,7.091,8.309,10.462,12.567,13.351,10.204,9.948,6.723,5.274,20.521,10.144,13.335,6.669,8.891,10.058,11.662,13.296,12.952,11.303,6.765,5.242,14.989,9.363,14.03,7.684,7.744,10.874,13.989,12.296,13.135,9.665,7.012,5.751,16.032,9.657,18.351,7.314,8.446,10.143,12.538,13.343,11.046,10.94,7.666,5.645,16.972,10.887,13.514,6.626,8.926,9.967,12.618,12.883,12.098,10.123,7.839,5.346,16.29,9.689,13.586,8.118,7.311,10.163,13.462
제주 서귀포시_기타제조업_부탄,0.159,0.075,0.086,,,,,,,,0.097,0.132,0.162,0.078,0.084,,,,,,,,0.097,0.127,0.153,0.062,0.062,,,,,,,,0.093,0.102,0.126,0.062,0.069,,,,,,,,0.086,0.1,0.129,0.067,0.066,,,,,,,,0.086,0.108,0.119,0.068,0.065,,,,,,,,0.075,0.1,0.117,0.06,0.066,0,0,0,0,0,0,0,0.081,0.103,0.121,0.059,0.067,,,,,,,,0.084,0.112
제주 서귀포시_기타제조업_부생연료유(등유형),,,,,,,,,,,,,,,,,,,,,,,,,,,,,,,,1.588,,,,,,,,,,,,,,,,,,,,,,,,,,,,,,,,,,,,,,,,,,,,,,,,,,,,,,,,,,,,,,,,
제주 서귀포시_기타제조업_부생연료유(중유형),75.295,53.742,48.674,64.311,65.837,24.884,49.257,59.184,61.532,58.827,125.491,210.345,220.961,84.014,26.787,71.28,52.353,21.091,25.271,40.453,65.814,43.961,145.802,257.113,211.329,24.397,26.032,13.05,26.363,24.757,27.223,12.491,17.992,,175.175,156.816,89.552,,,,,,,,,,20.627,169.889,47.838,,,,,,,,,,18.416,190.462,,,,,,,,,,,,,,,,,,,,,,,,,,,,,,,,,,,,
제주 서귀포시_건설업_무연보통휘발유,3.944,3.372,4.557,4.095,4.369,4.091,4.804,5.303,4.188,3.74,3.468,4.113,3.944,2.934,3.751,4.113,3.622,3.635,3.804,5.413,1.555,1.641,1.693,1.568,1.355,1.254,1.238,1.44,1.594,1.561,1.734,1.798,1.527,1.763,2.033,1.486,1.238,1.473,1.882,2.226,2.344,2.38,2.625,2.863,2.636,2.435,2.314,2.828,2.911,2.277,2.081,2.133,3.683,2.682,3.641,4.171,2.854,2.944,2.461,3.313,2.214,2.764,3.394,2.549,2.82,2.682,2.345,1.263,1.094,1.147,1.054,0.969,1.045,0.833,1.014,0.935,1.017,0.837,0.674,0.906,0.782,0.727,0.521,0.517,0.411,0.375,0.474,0.577,0.501,0.554,0.595,0.583,0.606,0.586,0.455,0.474
제주 서귀포시_건설업_실내등유,0.194,,0.376,,,,,,,,,,,,,,,,,,,,,,,,,2.11,1.757,12.328,0.939,,,,,,,,4.422,,,,,,,,,2.782,,,,,,,,,,,,164.496,,,,,,,,,,,,,,,,,,,,,,,,,,,,,,,,,,,,
제주 서귀포시_건설업_경유(0.05%),,,,,,,,,,,,,,,,,,,,,,,,,,,,,,,,,,,,,,,,,,,,,,,,,,,,,,,,,,,,,,,5.06,,,,,25.508,8.718,,,,,,,,,,,,,,,,,,,,,,,,,,,
제주 서귀포시_건설업_경유(0.001%),96.87,57.404,321.846,333.37,307.764,254.245,162.493,198.686,157.611,165.962,241.397,233.244,244.514,159.267,224.571,250.789,187.552,199.826,174.153,231.355,116.882,185.067,178.11,187.302,135.964,149.767,162.771,169.673,191.862,160.455,149.684,166.66,152.843,171.247,225.651,185.368,121.415,136.605,133.459,157.339,140.661,162.418,153.707,138.862,128.42,134.712,149.786,147.125,124.276,119.1,135.714,131.916,159.03,112.537,142.172,175.357,118.734,148.033,131.986,173.853,140.401,158.246,229.839,142.284,146.289,160.831,141.719,119.211,128.749,133.61,136.636,112.171,112.025,71.991,117.785,110.164,141.614,145.506,91.432,154.529,112.514,152.327,114.16,149.658,78.188,77.535,112.795,118.358,96.382,102.069,96.223,84.928,85.636,91.322,94.725,105.186
제주 서귀포시_건설업_경질중유(2.0%),,,,,,,,,,,,,,,,,,,,,,,,,9.095,,,,,,,,,,,,,,,,,,,,,,,,,,,,,,,,,,,,,,,,,,,,,,,,,,,,,,,,,,,,,,,,,,,,,,,
제주 서귀포시_건설업_경질중유(0.3%),,,,,,,,,,,,,,,,,,,,,,,,,,,,,,,,,,,,,,,,,,,,,,,,,,,,,,,,,,,,,,,,,,,,,,14.241,,16.835,,,,,,,,,,,,,,,,,,,,,,,,
제주 서귀포시_건설업_중유(0.3%),22.069,9.412,0.926,,,,,2.997,3.168,,19.623,44.582,,30.583,,,,,,,,,1.138,,1.695,,1.594,,,,,,,,,,1.727,,,,,,,,,,,,,,,,,,,,,,,,,,,,,,,,,,,,,,,,,,,,,,,,,,,,,,,,,,,
제주 서귀포시_건설업_아스팔트,,,,24.593,,2946.357,,,,,,,,,,,,,,,,,,,,,,,,,,,,,,,,,,,,,,,,,,,,,,,,,,,,,,,,,,,,,,,,,,,,,,,,,,,,,,,24.436,,,,,,,,55.012,28.758,27.9,107.48
제주 서귀포시_건설업_부생연료유(등유형),,,,,,,,,,,,,,,,,,,,,,,,,,,,,,,,,,,,,,,,,,,,,17.558,,,28.524,22.919,18.382,21.893,,,17.109,22.359,,13.622,,9.919,19.796,,,,,,,,,,,,,,,,,,,,,,,,,,,,,,,,,,,,
제주 서귀포시_기타에너지_중유(0.3%),,,,,,,,,23.574,,,,,,,,,,,,,,,,,,,,,,,,,,,,,,,,,,,,,,,,,,,,,,,,,,,,,,,,,,,,,,,,,,,,,,,,,,,,,,,,,,,,,,,
제주 서귀포시_발전_실내등유,16.113,43.604,43.729,52.351,,123.4,,,,18.77,16.669,13.086,,31.391,,,26.55,121.623,,,,,,,,,,,36.027,44.034,49.749,79.2,59.776,57.035,59.192,67.54,63.473,54.301,62.282,61.229,64.897,70.326,85.532,90.429,77.97,81.085,67.849,71.783,72.418,66.172,72.402,74.582,79.293,80.793,108.68,120.329,88.729,80.031,70.196,73.744,68.503,59.707,69.417,70.089,77.172,79.926,92.563,100.184,88.795,70.404,66.642,70.565,72.766,60.337,70.148,76.39,74.651,74.739,92.554,112.724,90.967,73.534,66.94,71.008,68.359,61.269,67.898,73.877,80.506,76.872,96.922,104.468,97.362,79.438,66.947,70.077
제주 서귀포시_발전_경유(0.001%),,,,,,,,,,,,,,,,,,,,,,,,,,,,,13.616,551.071,1151.828,1388.16,799.043,2516.88,7248.046,3271.152,1660.495,397.995,4831.535,3942.813,2583.8,4227.457,1394.894,1122.928,1373.131,1771.762,3057.731,660.779,4083.302,7625.271,6893.935,3237.96,86.878,4048.337,3746.449,2928.147,2699.12,4409.729,5238.209,8384.877,6268.098,5653.231,8785.472,6922.816,7530.273,6427.119,5983.201,5336.634,3302.194,1017.355,,14.354,0,0,0,0,0,0,0,0,0,0,0,164.688,,,,,,,,,,,,
제주 서귀포시_발전_벙커C유(0.5%),12883.49,16540.664,13423.442,14077.564,12921.764,2256.211,12774.286,13167.592,12151.147,11570.143,11769.159,11526.836,13102.56,10770.773,11200.013,10961.306,10422.883,6599.365,5306.658,,,,,240.33,,,,,,,,,,,,,,,,,,,,,,,,,,,,,,,,,,,,,,,,,,,,,,,,,,,,,,,,,,,,,,,,,,,,,,,,
제주 서귀포시_발전_부생연료유(등유형),,,,,,,,,,,,,,,,,,32.492,18.349,,30.068,,,56.325,,85.52,84.229,76.991,127.571,44.796,277.136,153.923,2.789,16.421,189.676,27.089,,8.387,93.909,72.768,146.465,59.484,,,40.663,112.697,45.119,93.621,21.213,37.186,54.127,45.426,59.956,0.438,75.226,,9.532,110.399,41.826,,,,30.312,6.307,1.673,75.649,,,16.643,20.001,17.19,5.776,14.443,27.595,11.96,15.288,13.716,65.165,28.39,0,29.047,0,25.234,43.807,,,,42.38,0.43,64.234,61.08,24.449,,43.105,25.134,13.902
제주 서귀포시_발전_부생연료유(중유형),,,,,,,,,,,,,,,,,,,,,,,,,,,,,,,,,,,,,,,,,,,,,,,,,,,,,,,,,,,,,,,,,,,,,,,,,,,,,,,,,,,,,7.65,5.642,7.674,8.73,23.223,18.173,25.515,0.852,7.123,,,
제주 서귀포시_도로_무연보통휘발유,3799.836,3318.003,4271.444,4258.178,4213.744,4531.495,4616.262,4930.074,4398.611,3568.553,4219.514,4287.918,4536.289,3782.613,4368.667,4419.25,3752.855,4513.909,4206.595,5762.543,3558.892,4591.568,4382.901,4663.714,4091.273,3742.209,3804.204,4146.502,4910.131,4532.246,4918.072,5635.277,4715.425,4875.779,5707.197,4694.524,3952.231,4711.587,5093.761,5822.234,5458.379,5404.336,5408.545,5671.559,5381.349,5359.375,5042.169,5871.995,5507.205,4825.244,4447.937,4260.095,6573.863,4566.837,6208.366,6691.122,4766.196,5309.808,4460.746,5781,4027.257,4224.203,5319.189,4251.626,5242.686,5023.776,5769.419,5651.164,5032.258,5546.391,4847.69,5128.488,5322.484,4246.627,5449.655,4995.665,5374.781,5415.913,4744.542,6485.003,5719.029,5885.834,4842.156,5512.932,4585.118,4609.846,5756.272,5939.493,5091.432,5599.855,6542.49,6588.107,6452.76,6384.065,4801.202,5825.461
제주 서귀포시_도로_무연고급휘발유,,,,,,,,,,,,,,,,,,,,,,,,,,,,,,,,,,,,,,6.342,15.761,21.81,25.821,26.063,27.45,31.712,27.393,32.346,26.192,32.691,31.275,25.375,30.884,31.287,56.626,42.194,50.563,73.436,54.537,67.646,54.611,64.235,45.568,49.9,65.853,63.936,73.644,64.353,65.596,76.081,67.808,74.755,64.217,58.703,67.498,53.274,70.788,67.965,76.636,73.541,50.377,87.075,74.56,83.391,59.148,61.405,54.967,58.292,72.785,77.233,67.12,65.958,70.014,83.245,79.856,93.464,60.945,66.338
제주 서귀포시_도로_실내등유,0.972,,,0.49,0.324,,0.474,19.558,0.49,,0.943,0.946,0.973,0.954,0.939,18.865,,,,,,,,,,,,,,,,,,4.388,,,,,,,,,,,,,,,24.778,,,,,,,,,,,,,,,,,,,0.834,,,0.714,0.802,2.976,0.785,1.094,0.689,0,2.605,0,0.717,0,0,0.805,0.777,1.147,1.7,,,,,,,,0.827,,0.805
제주 서귀포시_도로_경유(0.001%),7880.375,6805.142,9012.702,9037.365,8604.365,9240.086,9053.344,9625.465,8489.017,7519.05,9537.135,9883.721,9936.487,7732.075,9446.683,9373.405,7364.758,8674.921,8084.477,10733.36,6122.542,9042.929,8689.725,9255.111,7442.204,7504.841,7901.39,7707.359,9058.817,7722.141,8137.349,9214.696,8383.203,8183.214,9754.044,8785.297,7451.612,8128.254,8140.805,9422.265,8512.557,8653.344,8425.714,8590.675,8374.807,8023.155,8333.415,9997.155,9098.46,7791.503,7404.719,6943.626,9437.665,7323.111,8534.889,10685.87,6651.458,7963.905,6651.537,8598.73,7132.498,6549.171,8603.072,6516.677,7458.229,7336.398,8423.484,7211.403,7220.465,6924.231,7393.826,7488.264,7521.248,5523.603,7666.137,6986.004,8058.092,7702.002,5542.278,8357.149,7139.104,8029.022,6130.96,8045.843,5586.835,5835.428,7491.637,7745.702,5739.174,6699.563,7670.986,7166.454,7283.09,7415.866,5225.842,7437.126
제주 서귀포시_도로_중유(0.3%),4.238,8.381,3.717,2.979,2.097,3.108,2.812,2.224,3.136,5.538,3.927,4.365,6.017,5.867,5.762,5.651,12.121,4.451,5.33,4.494,5.619,4.891,4.545,5.209,6.814,11.512,6.392,7.292,3.811,2.405,9.761,,8.684,6.258,5.883,6.035,6.947,6.643,6.181,6.558,4.206,3.038,1.413,1.24,1.758,2.962,2.695,5.038,5.814,4.26,4.014,4.197,4.498,,9.764,3.335,2.35,3.128,,3.274,3.063,2.711,4.058,4.269,1.563,0.079,,,,,,,,,,,,,,,,,,,,,,,,,,,,,,
제주 서귀포시_도로_부탄,1974.761,1727.797,1933.072,2044.336,2179.266,2087.396,2502.536,2676.851,2154.91,1907.427,1885.18,1934.824,2021.473,1818.187,1899.32,2008.669,1967.849,1855.194,2366.611,2772.216,2018.508,2152.174,1897.063,1856.23,1908.809,1444.89,1386.841,1579.346,2021.662,1796.774,2115.109,2325.63,1782.472,1769.689,1818.683,1499.319,1569.488,1437.133,1556.799,1563.403,1690.009,1942.287,2116.607,2119.133,1737.969,1833.719,1673.348,1462.888,1609.306,1553.258,1483.22,1476.283,1807.384,1622.611,2102.805,2135.085,1829.231,1651.446,1673.414,1579.026,1479.162,1571.405,1457.352,1499.369,1594.582,1560.019,1900.789,2285.841,1707.369,1585.233,1456.408,1464.485,1457.735,1392.557,1477.863,1516.595,1584.308,1691.511,1945.723,2060.42,1751.581,1690.938,1586.346,1511.274,1506.877,1355.747,1507.958,1651.568,1521.607,1644.629,2042.659,2152.805,1875.698,1653.655,1639.393,1645.202
제주 서귀포시_해운_경유(0.05%),,,,,,,12.356,5.265,,6.301,3.601,3.874,8.985,3.558,,,,,,,,,,,,,,,,,,,,,,,,,,,,,,,,,,,,,,,,2.591,,,,,,,2.443,6.899,,,4.909,,3.394,,,,,,,,,,,,,,,,,,,,,,,,,,,,,
제주 서귀포시_해운_경유(0.001%),,,,,,,4.777,,,,,,,,,,,,,,,,,,,,,,,,,,,,,,,,,,,,,,,,,,,,,,,,0.59,,,,,,,,,,,,,,,,,,,,,,,,,,,,,,,,,,,,,,,,,
제주 서귀포시_해운_경질중유(2.0%),43.474,17.639,40.864,47.746,31.778,,25.981,9.666,6.982,22.369,18.324,49.58,49.463,36.57,34.717,,,,,,,29.754,76.101,151.798,154.616,94.665,63.189,83.403,71.315,138.573,28.123,41.983,46.871,101.923,147.335,242.077,94.202,110.934,135.744,41.364,39.522,45.136,42.697,20.132,74.643,72.077,68.946,68.468,,,,,,,,,,,,,,,,,,,,,,,,,,,,,,,,,,,,,,,,,,,,,,,,
제주 서귀포시_해운_경질중유(0.3%),,,,,,,,,,,,,,,,,,,,,,,,,,,,,,,,,,,,,,,,,,,,26.04,,,,,195.133,80.675,88.904,24.652,24.972,37.465,,12.998,22.552,10.47,17.556,32.211,27.685,28.913,31.236,30.554,28.291,17.083,8.831,37.011,18.68,10.681,19.47,36.827,19.687,22.044,5.373,0,0,3.885,0,0,0,0,0,0,,,,,,,,,,,,
제주 서귀포시_해운_중유(0.3%),,,,,,,,,,,,,,,,,,,,,,,,,,,,,,,,,,,,,,,,,,,,,,,,,,,,,,,,,,,,,,,,,,,,,,,,91.774,161.697,72.675,85.648,51.229,1.758,1.691,0,0,0,1.966,0,21.236,82.474,62.221,68.694,9.399,,,,,,,,
제주 서귀포시_항공_JETA-1,,,,,,,,,,,,,,,,,,,,,,,,,,,,,,,,,,,,,,,,,,,,,,,,,,,,,,,,,,,,,,,,,,,,,,,,,,,,,,,,,,,,,,,8.109,3.713,,,,,1.048,2.729,,
제주 서귀포시_상업_무연보통휘발유,,,,,3.864,3.856,3.863,2.824,7.74,15.646,10.487,12.489,0.983,6.783,3.894,4.851,19.193,4.822,11.177,12.654,13.309,8.734,8.733,1.942,7.762,5.885,5.867,12.688,9.794,9.736,15.669,4.802,1.947,10.676,1.948,6.827,4.955,,,8.851,8.801,4.909,11.667,4.882,,8.803,4.94,7.957,,3.013,,2.991,5.975,5.897,3.929,2.943,6.91,2.982,6.991,,3.005,,3.017,,10.859,2.912,2.929,2.898,7.923,4.937,2.005,1.986,5.985,2.957,7.015,2.941,2.964,2.945,9.733,6.877,2.914,13.803,6.986,7.028,2.992,,8.926,9.961,8.868,4.941,7.807,6.896,7.855,8.95,8.845,6.984
제주 서귀포시_상업_실내등유,3.888,,,7.846,2.596,26.296,3.79,,27.43,22.993,45.289,3.783,7.786,3.817,26.298,7.546,22.198,26.361,23.611,5.051,23.008,33.879,81.2,64.725,81.291,55.347,82.91,61.652,68.247,14.836,17.826,31.518,19.274,21.723,96.191,62.054,61.917,38.185,35.81,35.881,12.234,28.935,4.106,9.802,35.577,21.729,60.017,50.368,79.879,49.855,61.349,19.338,16.221,18.313,7.023,38.975,20.966,50.433,49.482,108.075,90.736,85.141,54.306,54.95,30.855,44.298,16.54,41.52,21.347,42.535,38.867,111.617,79.837,72.194,60.767,23.928,19.331,39.349,10.166,17.536,37.738,29.592,31.074,70.128,29.58,49.011,49.257,26.496,35.186,14.867,7.406,30.191,11.994,40.138,28.535,65.872
제주 서귀포시_상업_경유(0.001%),3.85,3.817,3.864,3.927,11.497,3.843,7.642,15.06,3.816,7.286,3.867,7.62,3.919,,7.782,3.905,14.912,7.692,13.581,11.845,7.22,11.602,7.654,3.833,3.858,3.912,7.811,7.782,7.831,13.614,7.777,7.791,7.734,3.869,3.92,,7.825,,3.861,3.917,7.803,3.932,3.852,3.854,7.864,3.824,,8.006,4.027,,7.833,3.918,3.994,7.812,3.931,4.094,7.777,,3.922,4.044,4.01,,4.127,3.884,7.948,3.955,4.066,3.848,,,3.971,3.966,4.043,0,4.015,7.842,0,8.066,0,3.976,3.968,8.068,0,8.047,3.914,3.964,4.018,10.193,5.776,5.999,3.998,10.06,2.002,10.145,7.675,7.982
제주 서귀포시_상업_경질중유(2.0%),,19.715,17.027,,,18.555,,6.255,9.775,,,12.395,4.122,6.804,5.668,,,,,,,27.894,26.547,53.262,,,,,,,,,,,,,,,,,,,,,,,,,,,,,,,,,,,,,,,,,,,,,,,,,,,,,,,,,,,,,,,,,,,,,,,,
제주 서귀포시_상업_경질중유(0.3%),,,,,,,,,,,,,,,,,,,,,,,,,,,,,,,,,,,,,,,,,,,,,,,,,,,,,,,,,,,,,,,,,,,,,,,,,,,,,,,,,,,,,,,,10.258,,,,42.475,,,,
제주 서귀포시_상업_중유(0.3%),47.817,48.105,34.26,18.985,13.441,15.226,9.229,12.736,12.672,17.766,24.037,45.669,76.812,61.166,48.183,44.428,18.998,24.051,13.417,20.448,15.531,23.325,26.168,52.516,74.597,44.442,38.264,20.097,3.822,1.212,1.229,1.609,1.095,4.7,1.468,9.012,4.317,6.615,10.788,4.925,,1.528,0.357,0.313,,0.743,,6.276,10.82,2.113,2,2.095,1.127,,2.468,0.842,0.591,0.787,,3.261,2.285,3.362,,1.068,0.897,0.08,,0.095,0.19,0.395,,2.051,3.125,2.692,2.855,0,0.879,0,1.335,0,2.905,0.655,2.035,0,3.032,2.164,,0.4,,1.293,,2.153,1.414,,2.661,1.412
제주 서귀포시_상업_용제원료,,1.99,1.817,3.532,,2.917,1.782,2.121,3.843,6.615,4.325,2.459,,2.381,1.632,3.848,,2.848,2.499,2.021,4.172,6.937,4.874,3.743,,2.573,2.472,4.372,,4.582,2.062,2.296,4.889,8.505,7.14,5.675,,2.362,2.2,2.784,,3.397,1.758,1.703,3.753,6.003,4,2.432,,2.229,2.186,2.403,,2.679,1.323,1.499,3.442,5.894,3.439,1.883,,1.672,1.55,3.356,,3.826,2.087,2.563,3.922,5.995,5.039,3.351,0,2.147,2.02,3.834,0,2.473,2.118,1.998,3.893,6.102,3.798,2.528,,2.406,2.036,3.698,,5.339,2.672,3.099,5.478,9.774,8.131,5.235
제주 서귀포시_상업_프로판,2601.973,2116.136,2077.904,1760.535,1747.251,1235.071,1312.111,1386.109,1458.406,1708.079,1896.225,2450.567,2826.827,2193.573,2148.543,1964.827,1526.605,1076.113,1488.425,1551.48,1442.701,2070.513,2106.292,2540.543,2665.48,2015.567,1968.09,1725.78,1909.998,1188.82,1484.386,1419.847,1569.893,1839.737,2316.302,2782.412,2955.971,2259.323,2202.628,1658.824,1585.192,1637.843,1589.565,1400.514,1476.482,1968.437,2226.906,2581.98,2943.708,2867.643,2502.579,1669.004,1575.637,1196.265,1467.087,1473.413,1701.316,1714.555,2407.567,3097.345,2722.415,2908.054,2139.966,1730.063,1728.651,1279.525,1513.249,1927.212,1619.277,1870.06,2245.696,2775.912,2954.159,2445.594,2422.108,1891.29,1696.741,1354.617,1705.961,1419.256,1467.033,1976.163,2206.741,2793.721,2852.326,2678.468,2241.404,1934.032,1607.014,1300.104,1518.269,1426.783,1797.325,1618.78,2250.111,2980.575
제주 서귀포시_상업_부탄,18.654,12.87,5.944,3.543,0.277,0.013,,,,3.314,8.124,20.187,19.095,13.543,5.841,3.481,0.25,0.012,,,,3.739,8.175,19.368,18.031,10.763,4.265,2.737,0.257,0.011,,,,3.074,7.838,15.643,14.826,10.706,4.788,2.709,0.215,0.012,,,,3.186,7.21,15.262,15.201,11.57,4.561,2.558,0.229,0.01,,,,2.869,7.21,16.475,13.972,11.706,4.482,2.599,0.202,0.01,,,,2.754,6.277,15.28,13.77,10.374,4.544,2.629,0.201,0.011,0,0,0,2.938,6.835,15.768,14.235,10.099,4.637,2.863,0.193,0.01,,,,2.873,7.064,17.165
제주 서귀포시_상업_부생연료유(등유형),142.745,123.351,95.753,100.333,70.599,65.904,55.623,46.372,53.354,75.725,96.144,197.347,172.126,156.116,105.546,75.091,92.163,98.178,60.436,44.333,87.084,52.179,66.524,74.387,100.695,67.755,48.996,27.847,32.033,101.612,53.42,83.364,51.891,51.711,51.745,108.55,110.593,140.27,105.225,70.05,127.641,149.013,31.173,79.252,43.895,46.981,91.129,141.479,144.391,93.747,28.461,43.145,19.148,18.82,25.713,57.735,19.071,33.495,39.678,37.612,4.25,24.126,30.395,23.279,24.296,7.344,22.793,12.599,38.088,27.835,,20.827,36.843,25.421,27.787,9.785,25.868,20.049,3.526,21.777,0,22.927,14.118,17.702,,18.907,23.356,17.148,18.995,,15.366,19.364,,21.409,,23.85
제주 서귀포시_상업_부생연료유(중유형),,,,,,,,,,,,,,,,,,,,,,,12.192,56.939,63.966,22.606,24.03,34.8,58.584,49.513,44.723,40.596,26.988,45.483,43.794,11.005,10.661,13.489,9.754,10.904,21.128,16.397,15.799,13.8,15.486,10.464,2.063,,,,,,,,,,,,,,76.727,24.174,55.718,44.621,40.999,37.179,53.434,97.576,67.063,26.755,45.818,107.103,80.788,137.028,96.357,115.814,47.875,133.294,58.133,74.161,105.705,112.134,133.647,126.728,97.264,71.235,65.228,69.6,55.326,54.199,18.428,13.632,34.428,,44.465,172.951
제주 서귀포시_가정_무연보통휘발유,,,,,,,,,,,,,,,,,,,,,,,,,,,,,,,,,,,,,,,,,,,,,,,,,,,,,,0.045,0.267,,,,,,,,,,,,,,,,,,,,,,,,,,,,,,,,,,,,,,,,,
제주 서귀포시_가정_실내등유,8514.124,8272.566,4815.348,3043.504,1642.372,642.253,413.887,515.913,913.799,1674.141,7118.774,6416.178,7936.165,5665.017,4943.663,3981.401,1195.002,570.74,493.198,675.062,1041.332,1209.115,6993.123,4501.907,4816.853,4989.214,4948.132,7163.885,7276.05,1472.409,424.267,355.801,888.874,1026.155,2565.193,6545.679,8374.532,6220.404,3907.317,3159.5,1287,687.76,421.963,524.433,1128.752,3785.866,4821.903,6186.734,7780.423,8388.605,4155.791,1630.023,1009.817,476.846,324.752,867.629,570.696,1837.683,4184.48,6754.94,6141.699,4462.169,3800.58,2277.288,1542.883,623.482,778.404,482.13,682.391,1643.68,6100.278,6346.242,5757.284,3827.18,4491.247,1645.747,964.483,641.218,340.342,385.037,743.258,2452.77,5022.645,5026.403,5376.676,7264.863,4625.86,2711.884,1332.468,960.567,314.995,407.842,652.184,2877.078,5433.741,4466.236
제주 서귀포시_가정_경유(0.001%),217.908,165.993,99.666,101.707,113.753,104.26,92.128,117.789,82.692,89.566,117.313,122.833,135.068,128.841,120.122,133.602,148.056,130.816,78.758,88.419,33.099,88.075,68.009,80.478,81.219,64.451,75.349,39.612,43.023,40.343,37.575,33.529,39.292,45.596,51.823,47.383,49.523,40.851,51.596,54.345,55.153,49.732,63.231,48.428,38.802,67.995,79.011,68.673,72.619,61.271,68.837,58.401,39.765,68.809,65.663,51.121,62.47,56.129,67.867,71.396,51.31,64.045,77.584,64.45,56.771,52.553,63.34,52.309,53.763,58.335,62.081,46.493,56.949,57.624,55.552,45.562,64.428,64.821,41.355,72.916,46.753,62.948,52.895,53.665,39.374,55.116,52.724,53.861,48.063,42.659,65.219,46.547,49.94,37.279,49.187,51.675
제주 서귀포시_가정_중유(0.3%),23.237,19.932,19.487,14.855,9.966,16.681,12.657,14.802,14.529,12.477,19.13,18.502,31.636,30.709,28.774,29.584,28.781,21.127,25.303,23.604,23.853,23.215,18.194,5.202,,,1.594,,,,1.229,,,,,,,,1.541,,,,,,,,,,,,,,,,,,,1.574,,,,,2.022,1.068,,,0.257,,,,,,,,,,,,,,,,,,,,,,,,,,,,,
제주 서귀포시_가정_용제원료,,,,0.214,,1.984,0.48,0.742,1.573,2.176,,0.639,,,,0.233,,1.936,0.674,0.707,1.708,2.281,,0.972,,,,0.265,,3.116,0.556,0.803,2.001,2.797,,1.474,,,,0.169,,2.31,0.474,0.596,1.536,1.974,,0.632,,,,0.145,,1.822,0.357,0.524,1.409,1.938,,0.489,,,,0.203,,2.602,0.563,0.897,1.605,1.972,,0.87,0,0,0,0.232,0,1.682,0.571,0.699,1.593,2.007,0,0.656,,,,0.224,,3.63,0.72,1.084,2.242,3.214,,1.36
제주 서귀포시_가정_프로판,1994.809,1622.34,1593.03,1484.783,1332.215,864.952,891.17,966.13,1118.09,1309.503,1453.746,1878.732,2167.194,1681.709,1647.185,1657.076,1163.979,753.63,1010.922,1081.395,1106.051,1587.363,1614.794,1947.713,2043.498,1545.238,1508.84,1455.471,1456.302,832.562,1008.177,989.644,1203.563,1410.438,1775.798,2133.142,2266.202,1732.115,1688.65,1399.001,1208.65,1147.024,1079.614,976.169,1131.949,1509.106,1707.262,1979.481,2256.8,2198.484,1918.608,1407.587,1201.364,837.774,996.427,1026.981,1304.317,1314.468,1845.767,2374.587,2087.145,2229.466,1640.611,1459.084,1318.032,896.085,1027.781,1343.283,1241.423,1433.685,1721.668,2128.159,2264.813,1874.921,1856.914,1595.056,1293.703,948.673,1158.67,989.233,1124.705,1515.03,1691.803,2141.813,2186.743,2053.454,1718.377,1631.105,1225.289,910.497,1031.191,994.478,1377.923,1241.042,1725.053,2285.065
제주 서귀포시_가정_부탄,59.616,37.935,21.867,18.352,1.715,2.728,0.592,0.033,0.081,7.056,16.198,53.757,61.026,39.92,21.485,18.032,1.548,2.425,0.56,0.034,0.075,7.962,16.301,51.575,57.625,31.723,15.688,14.178,1.59,2.349,0.5,0.028,0.066,6.547,15.627,41.657,47.381,31.554,17.611,14.035,1.329,2.539,0.5,0.026,0.065,6.782,14.378,40.645,48.583,34.103,16.778,13.253,1.421,2.122,0.497,0.026,0.068,6.109,14.379,43.872,44.654,34.501,16.486,13.461,1.255,2.04,0.45,0.028,0.064,5.864,12.514,40.69,44.008,30.575,16.717,13.615,1.246,2.211,0.46,0.025,0.065,6.254,13.63,41.989,45.491,29.766,17.058,14.826,1.197,2.15,0.483,0.026,0.07,6.118,14.087,45.711
제주 서귀포시_공공_무연보통휘발유,6.945,6.192,9.435,5.827,85.476,6.427,10.548,6.545,6.378,24.91,6.167,5.018,5.509,4.674,5.491,5.988,24.266,29.063,4.747,7.06,3.526,3.015,3.137,2.997,2.855,2.378,22.472,3.001,3.169,2.781,3.117,3.748,2.994,27.143,3.697,2.356,1.685,2.203,2.798,3.284,3.629,3.346,3.73,3.73,3.41,3.042,2.957,3.314,3.038,1.997,2.584,26.453,3.604,2.465,3.29,3.883,2.76,3.002,2.601,3.67,2.844,3.414,4.477,3.746,28.258,4.419,5.7,5.049,4.377,4.591,4.222,3.871,4.179,3.337,4.058,3.744,4.065,3.352,26.304,3.625,3.125,2.91,2.087,2.065,1.644,1.499,1.893,2.308,2.011,2.214,2.388,25.861,2.422,2.342,1.819,1.89
제주 서귀포시_공공_실내등유,106.881,73.275,19.643,11.373,7.357,4.147,13.001,6.658,14.374,23.044,8.194,28.37,27.494,38.743,28.004,21.716,14.023,4.123,19.192,7.29,9.051,31.806,20.302,54.129,32.529,46.409,22.467,24.434,28.996,5.887,4.869,6.127,8.162,5.648,31.532,52.989,64.543,29.305,20.012,21.695,6.915,13.776,3.291,4.192,14.872,28.496,17.01,32.799,57.104,44.776,23.625,9.541,1.724,0.616,1.029,2.189,4.808,,,1.728,,14.798,4.536,7.189,9.561,,1.035,,,,7.794,10.125,9.079,5.141,1.81,0,0,0,0,0,0,14.493,0,2.133,,2.121,1.866,,9.436,3.719,8.952,,17.578,17.243,0.744,19.405
제주 서귀포시_공공_경유(0.05%),4177.208,6562.793,3534.093,3503.32,432.436,3395.351,158.498,3312.438,5586.626,330.82,3633.621,3438.766,3784.511,522.527,3369.244,206.272,3555.526,2346.121,712.684,3107.757,10.183,3103.318,3.228,3100.188,2037.512,6200.309,12.567,15.355,,2815.845,3123.35,3406.332,3112.577,11.615,35.247,3451.436,,34.434,3251.857,116.434,3400.223,91.759,55.546,42.944,16.247,3284.574,38.335,3419.553,43.793,,12.51,7.399,3400.079,,338.551,3789.865,448.5,877.556,948.857,3871.043,3916.906,3900.597,396.83,3742.637,3834.906,397.496,294.73,3755.916,3664.143,7430.674,434.877,3747.479,3985.512,559.531,703.239,495,605.028,3905.058,3921.877,651,4060.703,892.422,761.234,3958.402,752,835.347,4042.145,492,3935.383,594.14,3142.002,2748.385,2803.783,732.217,3667.663,324.95
제주 서귀포시_공공_경유(0.001%),195.122,35.159,32.593,198.027,104.865,158.175,62.583,42.101,92.304,65.957,78.15,42.733,77.691,38.584,62.459,50.067,53.723,45.116,37.173,125.512,52.872,13.989,124.746,159.105,23.647,21.912,305.093,57.067,16.36,32.687,21.222,181.804,54.508,21.65,42.668,49.233,46.007,10.068,27.464,14.916,40.907,51.489,12.223,12.772,28.132,45.398,20.919,30.984,46.46,16.599,56.086,67.994,20.75,6.37,8.648,24.092,35.77,34.432,28.114,32.285,120.18,16.294,40.622,8.569,106.483,17.409,9.363,32.703,24.586,9.384,98.857,65.7,222.762,15.358,61.501,8.231,138.234,271.663,117.818,154.506,397.344,8.251,33.489,14.215,40.152,193.504,6.856,16.982,54.865,30.561,87.347,92.926,3.825,5.965,27.202,222.794
제주 서귀포시_공공_경질중유(0.3%),,,,53.762,65.257,48.917,,,,,,74.16,,,34.514,68.229,41.904,23.151,60.336,16.423,9.48,,33.233,,60.825,,45.66,68.774,84.265,46.912,46.338,30.494,70.417,170.065,119.48,21.959,,,,,,,,,,,,,,,,,,,,,,,,,,,,,,,,,,,,,,,,,,,,,,,,,,,,,,,,,,,,
제주 서귀포시_공공_중유(0.3%),8.408,8.366,5.556,2.978,1.054,1.562,0.71,1.498,0.792,2.09,3.925,6.524,10.542,10.194,5.753,7.052,3.04,2.237,2.683,,1.412,2.455,7.964,3.89,5.086,4.301,,,,,,,,,,,,,,,,22.914,8.918,,,31.96,,52.72,,,,,,,11.721,,,,,,,,,,,,2.979,,,,,,,,,,,,,,,,,,,,,,,,,,,,,
제주 서귀포시_공공_JETA-1,,,,,,,,,,,,,,,,,,,,,,,,,,,,,,,,,,,,,,,,,,,,,,,,,,,,,,,,,,,,,,,,,,,,,32,32,,,,,,,,,,,,,,,,,,,,,,,,,,
제주 서귀포시_공공_JP-8,,,,,,,,,,,,,,,,,,,,,,,,,,,,,,,,,,,,,,,,,,,,,,,,,,,,,,,,,,,,,,,,,,,,,,,,,,,,,,,,,,,,,,,64,,,,32,,32,,,32
제주 서귀포시_공공_프로판,22.318,18.151,17.823,,1.962,,13.059,12.314,12.509,14.651,16.265,21.02,24.247,18.815,18.429,,1.715,,14.814,13.783,12.375,17.76,18.067,21.792,22.863,17.289,16.881,,2.145,,14.774,12.614,13.466,15.78,19.868,23.866,25.355,19.379,18.893,,1.78,,15.82,12.442,12.665,16.884,19.101,22.147,25.25,24.597,21.466,,1.77,,14.601,13.089,14.593,14.707,20.651,26.567,23.352,24.944,18.356,,1.942,,15.061,17.121,13.889,16.04,19.263,23.81,25.339,20.977,20.776,0,1.906,0,16.979,12.608,12.583,16.951,18.928,23.963,24.466,22.975,19.226,,1.805,,15.11,12.675,15.417,13.885,19.3,25.566
제주 서귀포시_공공_부생연료유(중유형),,,,,,,,,,,,,,,,,,,,,,,,,,,,,,,,,,,,,,,,,,,,,,,,,,,,,,,,,,,,,,,,,,,,,,,,,,,,,,,,,,,,,30.6,5.642,2.878,,,,,,,,,9.349
