기간,전국,서울,경기,강원,충북,충남,전북,전남,경북,경남,부산,제주,대구,인천,광주,대전,울산,세종
2022-04-30,1804.4,2114.52,1885.25,1902.41,1759.15,1756.54,1729.85,1761.23,1682.32,1736.39,1749.13,1848.25,1753.54,1896.73,1819.14,1866.36,1687.04,1699.62
2022-05-31,1783.97,2110.4,1867,1832.78,1730.51,1744.92,1689.98,1772.14,1687.33,1695.23,1745.77,1867.04,1725.2,1835.8,1825.2,1875.15,1685.22,1750.83
2022-06-30,1750.81,2085.06,1836.92,1750.73,1669.29,1719.95,1674.42,1735.73,1661.2,1666.17,1727.55,1827.22,1691.34,1789.54,1811.98,1854.09,1668.99,1672.22
2022-07-31,1739.83,2067.41,1821.91,1735.63,1685.65,1715.34,1668.56,1723.3,1650.65,1654.94,1726.61,1820.21,1677.21,1773.55,1786.87,1845.9,1641.38,1642.02
2022-08-31,1730.69,2058.22,1811.3,1724.7,1665.92,1712.57,1657.8,1712.83,1634.47,1650.45,1720.1,1818.84,1667.81,1781.06,1781.52,1847.75,1634.65,1624.45
2022-09-30,1722.65,2054.74,1811.31,1735.21,1638.72,1706.81,1642.72,1702,1621.7,1643.97,1698.83,1778.04,1653.56,1777.23,1767.56,1844.88,1643.15,1603.25
2022-10-31,1711.52,2063.63,1805.28,1724.78,1620.24,1691.83,1625.79,1701.01,1604.28,1627.07,1699.51,1756.85,1650.34,1756.47,1752.16,1831.54,1635.92,1600.73
2022-11-30,1706.1,2071.45,1794.36,1722.21,1611.42,1684.13,1623.24,1690.34,1592.35,1633.43,1709.85,1744.1,1647.2,1745.04,1733.18,1810.2,1681.87,1612.7
2022-12-31,1700.67,2071.27,1782.65,1711.78,1606.64,1683.44,1615.87,1681.94,1580.87,1631.28,1704.74,1749.22,1685.48,1730.32,1725.78,1801.97,1679.91,1636.07
2023-01-31,1695.23,2058.22,1774,1720.22,1585.4,1683.9,1608.66,1693.5,1574.29,1618.22,1716.64,1732.64,1678.12,1722.38,1728.55,1805.83,1663.77,1634.06
2023-02-28,1689.31,2050.13,1768.93,1718.76,1595.05,1683.37,1593.98,1687.68,1567.54,1609.43,1714.54,1723.24,1655,1713.95,1730.33,1800.99,1651.34,1630.64
2023-03-31,1679.21,2011.26,1757.04,1703.92,1611.33,1676.19,1580.91,1672.44,1561.08,1602.2,1705.42,1728.81,1648.08,1691.66,1711.99,1778.85,1645.44,1634.44
2023-04-30,1669.49,2011.96,1749.4,1690.59,1590.01,1676.43,1565.3,1653.04,1552.01,1583.74,1698.64,1703.61,1645.88,1695.53,1712.9,1764.76,1636.06,1684.43
2023-05-31,1659.19,2005.8,1738.89,1685.01,1574.74,1658.29,1553.71,1658.38,1540.74,1572.58,1688.43,1691.85,1645.33,1694.41,1690.91,1757.76,1616.15,1662.83
2023-06-30,1650.55,2012.21,1727.19,1684.42,1553.25,1652.61,1535.05,1660.31,1530.5,1563.05,1682.4,1689.75,1650.74,1686.35,1677.76,1737.74,1601.8,1646.58
2023-07-31,1635.44,2000.69,1707.74,1677.25,1536.71,1647.99,1512.67,1649.58,1518.64,1550.54,1652.3,1669.25,1624.27,1672.74,1668.31,1717.62,1579.08,1618.29
2023-08-31,1626.35,1986.64,1700.41,1664.6,1532.96,1635.49,1519.05,1641.06,1509.99,1535.14,1629.56,1654.91,1609.52,1665.86,1660.97,1700.65,1575.93,1604.24
2023-09-30,1625.03,2011.56,1709.01,1655.49,1514.34,1615.71,1520.36,1630.66,1508.85,1534.12,1639.58,1650.52,1619.07,1684.26,1677.12,1702.84,1558.69,1616.16
2023-10-31,1633.34,2023.19,1715.5,1677.39,1494.92,1605.89,1536.48,1635.15,1526.01,1554.72,1646.99,1661.15,1621.63,1716.93,1693.24,1723.76,1541,1640.99
2023-11-30,1625.16,2014.37,1697.28,1680.96,1489.79,1608.39,1525.7,1635.49,1512.56,1546.24,1637.94,1667.65,1604.96,1697.25,1681.83,1724.46,1549.68,1639.39
2023-12-31,1648.21,2049.03,1731.53,1712.96,1503.59,1617.9,1550.18,1646.42,1529.34,1564.71,1666.12,1666.47,1639.44,1744.06,1684.42,1761.39,1581.61,1615.57
2024-01-31,1644.29,2051.57,1730.32,1705.35,1505.34,1612.82,1549.7,1639.53,1528.16,1549.41,1663.15,1674.35,1615.78,1740.61,1667.74,1779.2,1558.91,1603.44
2024-02-28,1639.49,2042.81,1722.27,1703.92,1507.37,1612.02,1545.85,1638.65,1510.3,1547.2,1660.32,1685.08,1608.9,1725.97,1669.66,1773.34,1559.11,1581.34
2024-03-31,1630.7,2046.81,1715.65,1686.78,1486.23,1600.48,1537.21,1637.32,1497.03,1536.32,1649.85,1684.38,1628.69,1716.77,1668.29,1755.97,1539.58,1547.85
2024-04-30,1628.45,2056.4,1709.08,1675.36,1487.35,1599.32,1542.3,1640.32,1502.88,1527.84,1627.3,1695.14,1633,1722.08,1663.98,1739.52,1524.73,1558.76
2024-05-31,1621.8,2054.77,1700.22,1656.8,1477.75,1592.18,1539.36,1635.98,1505.25,1519.17,1624.74,1684.3,1626.83,1715.19,1658.4,1725.81,1523.79,1554.91
2024-06-30,1613.71,2049.29,1684.31,1670.53,1471.55,1582.97,1527.82,1630.12,1498.05,1510.57,1614.48,1694.24,1620.71,1701.55,1654.7,1725.84,1524.03,1540.66
2024-07-31,1608.32,2032.2,1679.27,1677.79,1459.62,1578.34,1521.92,1618.67,1492.56,1507.18,1621.48,1702.55,1612.01,1689.86,1645.14,1720.15,1519.12,1525.21
2024-08-31,1601.51,2027.95,1668.21,1675.06,1454.2,1571.32,1524.35,1616.67,1493.82,1498.12,1607.24,1676.1,1588.86,1682.53,1639.02,1713.27,1503.72,1510.13
2024-09-30,1592.32,2009.54,1657.56,1667.68,1446.54,1570.15,1510.84,1612.63,1487.05,1488.15,1592.9,1673.01,1572.56,1680.49,1626.63,1699.87,1489.01,1493.56
2024-10-31,1585.23,2008.77,1654.12,1653.9,1440.42,1562.42,1498.69,1600,1474.34,1485.39,1588.11,1697.63,1569.85,1682.25,1610.75,1685.37,1484.06,1487.04
2024-11-30,1579.14,2010.67,1651.51,1644.22,1439.02,1559.35,1486.6,1591.28,1468.39,1473.58,1581.97,1698.88,1577.87,1677.76,1598.89,1673.55,1449.92,1481.63
2024-12-31,1575.31,2000.39,1646.91,1646.48,1436.9,1562.78,1477.84,1589.89,1462.93,1468.59,1588.16,1697.34,1578.32,1670.92,1590.7,1664.89,1430.25,1484.55
2025-01-31,1574.2,2009.07,1642.42,1643.51,1427.84,1565.14,1478.09,1589.79,1467.58,1468.24,1586.01,1713.49,1583.8,1666.23,1582.13,1661.61,1423.77,1492.31
2025-02-28,1573.66,2008.15,1639.35,1648.76,1428.58,1564.58,1480.46,1588.23,1472.99,1465.28,1581.96,1729.36,1581.5,1660.06,1579.17,1655.21,1418.59,1486.62
2025-03-31,1569.66,2003.69,1630.89,1643.52,1431.6,1563,1469.15,1581.64,1473.34,1466.84,1565.3,1720.64,1588.06,1656.01,1582.05,1648.74,1421.89,1472.89
2025-04-30,1565.74,1996.78,1628.07,1639.58,1428.8,1558.46,1459.88,1573.77,1471.23,1468.98,1564.64,1719,1577.06,1640.52,1574.36,1649.31,1429.37,1459.53
2025-05-31,1555.05,1985.47,1621.59,1620.48,1417.24,1548.96,1444.68,1553.57,1459.57,1469.28,1554.66,1706.1,1559.06,1622.83,1556.62,1650.14,1408.75,1507.96
2025-06-30,1539.21,1977.35,1607.48,1600.26,1400.45,1544.18,1417.74,1515.81,1435.27,1465.83,1556.45,1688.27,1536.64,1617.18,1550.07,1645.66,1386.54,1475.69
2025-07-31,1533.10,1977.22,1602.01,1588.50,1394.44,1526.78,1417.66,1516.17,1438.35,1452.44,1553.26,1690.65,1518.00,1616.74,1539.97,1632.86,1382.35,1439.65
2025-08-31,1530.80,1977.01,1599.32,1590.20,1395.50,1522.25,1419.45,1512.25,1434.29,1449.62,1559.25,1675.50,1518.52,1612.33,1536.54,1625.24,1382.56,1439.05
2025-09-30,1528.94,1970.18,1593.40,1594.74,1402.39,1523.50,1415.53,1509.76,1431.70,1449.07,1564.16,1664.91,1516.15,1608.87,1533.00,1627.78,1380.62,1422.51
2025-10-31,1527.09,1978.29,1588.66,1602.69,1402.96,1523.57,1413.25,1506.40,1427.11,1446.02,1553.61,1670.21,1516.89,1607.76,1527.77,1642.75,1370.47,1409.97
2025-11-30,1525.68,1974.97,1589.06,1604.29,1405.11,1522.08,1409.57,1509.44,1423.40,1447.85,1534.48,1667.98,1514.23,1604.85,1527.53,1644.42,1359.64,1406.40
2025-12-31,1523.60,1964.47,1585.40,1604.10,1404.05,1510.28,1407.45,1521.09,1424.28,1446.33,1523.17,1659.03,1515.92,1597.42,1525.10,1652.77,1354.16,1401.48
2026-01-31,1522.02,1962.94,1586.50,1601.12,1404.31,1505.44,1403.48,1519.77,1425.77,1438.60,1522.15,1648.09,1514.06,1597.66,1527.65,1654.45,1348.64,1402.28
2026-02-28,1516.69,1957.91,1585.01,1595.20,1401.28,1504.56,1398.14,1512.84,1416.10,1432.26,1502.04,1621.61,1496.90,1599.71,1520.20,1655.77,1349.76,1399.46
2026-03-31,1522.74,1962.58,1596.19,1599.17,1413.28,1508.86,1397.47,1516.27,1416.75,1438.26,1506.70,1643.10,1499.20,1609.53,1522.56,1664.12,1353.40,1415.64
2026-04-30,1584.33,2037.82,1663.53,1667.34,1483.25,1561.10,1444.00,1563.35,1480.74,1499.24,1564.82,1658.30,1558.31,1691.35,1607.22,1728.13,1414.34,1523.29
2026-05-31,1617.79,2077.60,1698.34,1696.21,1516.16,1599.14,1481.70,1600.41,1513.55,1522.35,1596.14,1701.80,1595.54,1724.97,1636.65,1771.13,1445.31,1558.24
2026-06-30,1619.88,2058.24,1701.95,1702.98,1522.66,1602.18,1486.03,1605.23,1513.38,1529.45,1581.06,1707.52,1594.68,1723.23,1641.42,1772.37,1447.07,1567.11
