년,농림수산업,광업,식품 담배업,섬유제품업,목재업,제지_인쇄업,화학제품업,요업,철강업,비철금속산업,기계조립업,수송장비업,기타제조업,건설업,기타에너지,철도,도로,해운,항공,가정,상업,발전,석유정제,개스제조,공공,기타
1997,25193,391,8211,9478,599,9212,237038,10068,5935,985,6953,3836,12223,15125,3252,2196,180710,28874,16366,91025,51283,56960,,7842,10142,
1998,22100,293,6868,10306,423,7794,248698,6886,4801,941,5172,5608,9522,12260,4125,2163,142385,28752,14435,62382,39818,21772,6,4186,8581,0.95
1999,23917,274,5957,10981,531,8510,249511,7717,7499,1220,5854,6896,10291,12849,3716,2255,156950,31329,15351,75092,45717,23739,,4518,8984,
2000,24905,362,5790,10526,539,7790,258457,7665,6171,1349,4055,6386,10339,13648,4049,2307,175116,30315,15715,75044,32218,38528,3,3205,8074,
2001,26544,389,5121,9858,493,7130,261299,7362,4583,1199,3632,5572,8458,14212,4075,2329,184995,27749,16024,74127,25650,41529,2,1894,9440,
2002,26231,425,5072,9610,528,7340,278315,7433,4496,1158,3724,5462,7010,14162,3941,2329,196517,28506,16694,73036,24137,36403,0.94,1687,8653,0
2003,22498,533,5004,8558,446,7234,285398,7014,4132,1199,3416,4303,6104,14497,4329,2382,202658,28767,15819,68428,22611,36624,5,956,10027,
2004,20391,455,4911,7854,413,6964,296824,6930,3903,1133,3434,2804,5603,15891,5549,2037,203950,26497,16625,64589,15154,29871,19,960,9568,
2005,19089,481,4668,6402,325,6248,308328,6716,4070,913,3304,1371,5745,15010,6187,1922,206778,26278,20376,64323,13879,27349,0.26,1397,9922,
2006,18032,627,4326,4936,264,5599,323678,6890,3744,955,3236,1134,8116,17070,5073,1751,208999,28497,21892,38758,24836,27174,15,830,9086,0.59
2007,17802,550,3713,4436,237,4914,352287,6708,3375,862,2833,1375,8503,16645,5278,1607,216526,27331,22981,35833,23108,28176,14,770,9082,
2008,14942,496,2653,3409,201,3852,350839,6235,2957,731,2604,1871,8924,15570,5917,1583,210309,24288,22098,33948,20828,15765,9,2208,8405,
2009,15720,558,2490,2865,216,3213,364753,5622,1824,618,2118,1648,8976,18148,6157,1396,212608,21419,22932,32199,19702,21813,10,2449,9024,
2010,16348,662,2281,2569,244,2551,371430,6045,2011,648,2049,1889,10122,17241,6410,1355,216601,21174,24815,33652,20021,19967,10,4904,9279,
2011,15207,653,1486,1776,191,1440,395804,5712,1747,586,1730,2443,9178,16608,5044,1232,214780,21692,24917,31071,18445,14435,6,6599,8861,
2012,15013,633,1163,833,146,635,419626,4132,1136,425,1481,2720,9019,15545,5395,1231,217607,20254,26891,26977,17865,22398,48,7486,9020,
2013,15403,711,766,588,112,395,426843,3380,916,326,1282,2183,7785,15914,5266,1087,223625,15696,26955,25795,16428,22961,93,1892,8800,
2014,11810,510,631,554,65,250,442200,3006,880,247,1379,2123,8300,14890,5004,910,224339,14923,28602,24695,14851,11025,6,899,9356,
2015,10371,469,600,604,39,241,451272,3537,946,234,663,1743,8302,16399,5563,829,236511,19039,30758,25424,18435,12852,7,1028,10380,
2016,9843,437,614,549,33,298,490876,3820,730,254,757,1862,9251,17829,5395,725,247715,21595,33570,29319,17934,19307,17,1217,10253,
2017,9173,395,681,693,29,316,513197,3398,838,274,649,1822,10342,17084,7965,703,248045,22793,34668,29236,17890,8060,98,1228,10505,
2018,8747,396,737,455,25,314,514230,3507,619,290,634,1472,10323,16031,6400,699,247763,20506,36177,27217,17358,8607,35,2037,10224,
2019,9846,401,554,266,29,227,514496,4047,730,282,633,1543,10620,15826,6730,664,254713,17119,35558,25643,16001,5684,17,1185,9131,
2020,10971,486,561,202,47,261,491972,3634,694,313,635,1611,10656,15242,6541,586,242856,20125,18442,23262,14957,3826,30,1174,8095,
2021,9795,657,390,156,50,230,544872,3388,674,281,645,1478,10383,14340,10428,521,248470,20663,17733,23168,14655,4187,12,2822,8172,
2022,8939,701,354,170,48,220,548225,3156,558,354,638,1783,9899,13113,10418,439,247599,23605,21725,22701,14607,5023,24,4645,8330,
2023,8653,535,346,116,44,221,526544,3422,581,349,608,2249,9584,13445,12014,401,246075,18906,31630,20643,14276,3207,17,3897,8234,
2024,8561,338,328,101,51,193,557614,3190,431,329,584,2245,9485,13326,11438,384,247807,18729,36003,19290,14215,3378,12,2354,8014,
2025,8111,321,347,92,33,209,538342,2910,536,319,594,2234,9468,12112,10858,335,241916,18465,36879,19446,13885,4044,3,1951,8210,
,,,,,,,,,,,,,,,,,,,,,,,,,,
