년,서울,경기,강원,충북,충남,전북,전남,경북,경남,부산,제주,대구,인천,광주,대전,울산,세종
1997,98871,94265,22799,19496,56417,25042,127607,36842,174623,43280,7305,21919,46377,8774,10283,,
1998,84342,68154,17631,14472,75713,18577,121763,29431,36085,32632,5511,17612,27985,6412,8176,105782,
1999,76835,78592,21454,16142,83149,21954,125396,34796,32113,35758,6936,20831,29433,7148,10086,119034,
2000,66664,82711,21204,17654,87754,23745,129791,33753,31287,37925,7689,21275,33375,8209,12389,127131,
2001,58400,85669,21197,18177,88877,23562,128152,34668,31832,36949,8379,20031,45473,8509,10520,123273,0.12
2002,54824,90116,20206,17547,93254,23165,136912,33575,32005,34196,8567,19920,46213,8762,10902,132703,0.21
2003,52536,90329,19603,17896,94278,22560,138545,32791,31582,34064,8400,18939,47027,8438,10577,135377,
2004,52368,86752,18394,16819,92660,21617,141339,31005,29932,31173,7958,17056,46575,8335,10330,140017,
2005,47755,96023,17054,17128,95426,21468,143814,30807,30489,29679,8048,15672,52379,7803,9009,138525,
2006,49364,90765,15786,17407,100741,21147,142117,30660,30934,30198,7835,15256,49906,7060,9260,147084,
2007,51383,92220,16224,17275,114681,19794,152601,30798,30512,29708,8389,14649,50767,7696,9211,149037,
2008,49272,84596,14575,16389,123997,18189,155197,28971,30211,28167,7831,13901,44556,7239,8618,128932,
2009,45060,86962,14879,16660,130704,17801,168343,28741,31251,25751,8526,14131,48001,7490,8552,125628,
2010,44548,90969,14726,17150,130058,18144,171337,29584,32144,25407,10027,14610,50723,8073,8822,127959,
2011,46218,87702,13845,16231,129217,17374,170223,28040,31048,23965,9402,13681,47778,7654,7891,151375,
2012,45829,88154,14432,16127,139552,16351,173164,26404,29323,23215,9549,12766,51275,7760,7424,166354,
2013,46951,81408,14375,15497,141519,16297,179978,25692,29295,21502,10245,12581,48576,8798,7960,164529,
2014,48243,78458,13722,14429,152750,16913,172963,24879,28197,18897,8252,12721,55484,9016,8591,156900,1042
2015,49392,88683,14821,15279,156150,19121,181091,26144,29148,20244,8414,12933,63430,8434,9073,152579,1311
2016,49228,97240,15955,16991,185541,19912,170690,27966,30617,22543,8287,13383,65829,8421,9068,181162,1365
2017,46817,91734,15650,17189,182663,19782,188749,28080,32387,21424,9305,13382,70994,8257,8523,183758,1389
2018,42468,92343,15747,17461,190542,18821,175616,27473,30333,21799,9805,13397,73035,8105,8372,188181,1304
2019,41388,90608,16553,17962,192256,18131,183288,28030,30539,22190,9714,13709,71050,8177,8079,178830,1443
2020,35341,87607,15781,17243,197282,17424,158549,27202,29740,19390,7339,11910,57340,7528,7450,178353,1700
2021,35214,89815,16279,17625,193343,17090,220527,28180,29999,18326,7812,12567,53579,7471,7268,181233,1843
2022,32270,91305,16391,17610,216944,17014,205344,27234,30012,19150,8035,14308,53642,7497,7075,181542,1903
2023,28352,89356,16288,18059,201142,16961,186202,27076,30561,19856,7946,13990,69753,7327,6544,184749,1837
2024,27074,87483,16118,18410,217096,16899,198171,27187,31152,21077,7144,13011,76849,7319,6429,185164,1814
2025,26910,84988,15744,17944,202872,16765,203406,26545,31071,21147,7250,12430,72878,7100,6425,176432,1711
