국가명,2023년,2024년,2025년,2025년 점유율
미국,20275,20464,20610,19.35
캐나다,2404,2446,2491,2.34
멕시코,1814,1808,1800,1.69
브라질,3273,3378,3496,3.28
아르헨티나,683,631,630,0.59
기타 중남미,3123,3135,3194,3
독일,2111,2119,2113,1.98
프랑스,1436,1436,1428,1.34
영국,1371,1393,1399,1.31
스페인,1253,1313,1322,1.24
이탈리아,1249,1264,1220,1.15
튀르키예,1147,1174,1219,1.14
러시아,3665,3646,3657,3.43
기타 유럽 및 유라시아,6998,7091,7159,6.72
중동,9558,9671,9726,9.13
아프리카,4428,4510,4682,4.4
중국,16877,16997,17447,16.38
인도,5550,5754,5837,5.48
일본,3522,3369,3329,3.13
한국,2812,2919,2849,2.67
인도네시아,1805,1853,1929,1.81
싱가포르,1416,1484,1483,1.39
태국,1233,1277,1274,1.2
호주,1061,1091,1096,1.03
말레이시아,946,971,998,0.94
대만,835,835,857,0.8
베트남,624,671,699,0.66
기타,2344,2435,2574,2.42
