참조입찰번호,수의계약일련번호,계약번호,계약명,계약기간,계약금액,수의계약사유
KNOC2025010014,2025010010,4100075056,2025년도 그룹웨어 시스템 유지보수 용역,2025-01-01 ~ 2025-06-30,146617000, 제조공급자가 설치 조립시
,2025010020,4100074780,2025년도 법률규정시스템 유지보수,2025-01-01 ~ 2025-12-31,8192800, 제조공급자가 설치 조립시
,2025010030,4100074778,2025년도 기록관리시스템 유지보수,2025-01-01 ~ 2025-12-31,8343500, 제조공급자가 설치 조립시
,2025010040,4100074781,2025년도 통합검색시스템 유지보수,2025-01-01 ~ 2025-12-31,8378700, 제조공급자가 설치 조립시
,2025010050,4100075176,2025년도 방호과학화설비 유지보수 용역,2025-01-01 ~ 2025-12-31,10936200,"추정가격이 건설공사 2억원, 전문공사 1억원, 기타공사 8천만원, 물품·용역 등 5천만원 이하의 계약"
KNOC2024120382,2025010060,4100074948,2025년 NEXACRO 및 UBI REPORT 유지관리 용역,2025-01-01 ~ 2025-12-31,14300000, 제조공급자가 설치 조립시
KNOC2024120441,2025010070,4100074946,2025년 SAP DB 암호화 유지관리,2025-01-01 ~ 2025-12-31,16500000, 제조공급자가 설치 조립시
KNOC2024120470,2025010080,4100074941,2025년도 통합커뮤니케이션(UC) 유지관리,2025-01-01 ~ 2025-12-31,27522000, 제조공급자가 설치 조립시
KNOC2024120372,2025010090,4100074951,2025년 TLG 모니터링 시스템 유지보수 용역,2025-01-01 ~ 2025-12-31,29990400, 제조공급자가 설치 조립시
KNOC2025010023,2025010100,4100075085,2025년 사옥 출입통제설비 유지보수 용역,2025-01-01 ~ 2025-12-31,30500000, 제조공급자가 설치 조립시
KNOC2024120052,2025010110,4100074590,2025년 지하수위 무선관측시스템 유지관리 용역,2025-01-01 ~ 2025-12-31,69850000, 제조공급자가 설치 조립시
KNOC2025010053,2025010120,4100075105,2025년 전자조달시스템 유지보수 용역,2025-01-01 ~ 2025-12-31,124838400, 제조공급자가 설치 조립시
KNOC2025010042,2025010130,4100075072,2025년도 석유개발 IT자원 통합관리시스템 유지관리 용역,2025-01-01 ~ 2025-12-31,176112000, 제조공급자가 설치 조립시
,2025010140,4100075692,2025년 ESRI사 석유개발 S/W 유지보수 계약,2025-01-01 ~ 2026-03-31,8555800,생산자가 1인인 경우
,2025010150,4100075016,동해지사 방호과학화설비 점검 및 보수용역,2025-01-06 ~ 2025-12-31,10670035,"추정가격이 건설공사 2억원, 전문공사 1억원, 기타공사 8천만원, 물품·용역 등 5천만원 이하의 계약"
KNOC2025010112,2025010160,4100075209,남해대륙붕 석유부존 환경 평가 용역(3차년도),2025-01-13 ~ 2025-12-12,918500000,"특정인,조사,용역계약"
,2025010170,4100075106,전기실 고압 진상콘덴서 교체공사,2025-01-14 ~ 2025-03-31,10857000,"추정가격이 건설공사 2억원, 전문공사 1억원, 기타공사 8천만원, 물품·용역 등 5천만원 이하의 계약"
,2025010180,4100075141,작업용 플랜지 스프레드 외 2종 구매,2025-01-17 ~ 2025-03-17,10975800,"추정가격이 건설공사 2억원, 전문공사 1억원, 기타공사 8천만원, 물품·용역 등 5천만원 이하의 계약"
,2025010190,4100075191,2025년 대기오염물질 자가측정 위탁용역,2025-01-22 ~ 2025-12-31,5948800,"추정가격이 건설공사 2억원, 전문공사 1억원, 기타공사 8천만원, 물품·용역 등 5천만원 이하의 계약"
KNOC2025010092,2025010200,4100075215,2025년도 거제지사 통근버스 임차 용역,2025-02-01 ~ 2026-01-31,78500000,재공고입찰등과 수의계약
KNOC2025020021,2025010210,4100075317,서해대륙붕 석유부존 유망성 연구용역(2차년도),2025-02-03 ~ 2025-12-02,310000000,"특정인,조사,용역계약"
,2025010220,4100075298,여직원 휴게실 조성공사,2025-02-11 ~ 2025-03-11,10934000,"추정가격이 건설공사 2억원, 전문공사 1억원, 기타공사 8천만원, 물품·용역 등 5천만원 이하의 계약"
KNOC2025020060,2025010230,4100075334,2025 ~ 2026년도 이러닝 교육 위탁 운영 용역,2025-02-19 ~ 2026-12-31,199000000,기재부장관 고시기간 내 입찰자가 1인뿐일 경우 재공고 없이 수의계약
,2025010240,4100075407,당직실 수선공사,2025-02-21 ~ 2025-03-21,10868000,"추정가격이 건설공사 2억원, 전문공사 1억원, 기타공사 8천만원, 물품·용역 등 5천만원 이하의 계약"
KNOC2025020041,2025010250,4100075389,2025년 상반기 MTN프로그램 업데이트 관련 회계용역,2025-02-26 ~ 2025-05-15,185900000,"특정인,조사,용역계약"
,2025010260,4100075353,2025년도 방호과학화설비 점검 및 보수용역,2025-03-01 ~ 2025-12-31,10890000,"추정가격이 건설공사 2억원, 전문공사 1억원, 기타공사 8천만원, 물품·용역 등 5천만원 이하의 계약"
KNOC2025020090,2025010270,4100075487,구리지사 한강수 취수시설 설치공사 실시설계 용역,2025-03-04 ~ 2025-05-02,42081000,"추정가격이 건설공사 2억원, 전문공사 1억원, 기타공사 8천만원, 물품·용역 등 5천만원 이하의 계약"
,2025010280,4100075373,2025년도 평택지사 안전밸브 정기검사 및 보수,2025-03-04 ~ 2025-05-22,60993715,"추정가격이 건설공사 2억원, 전문공사 1억원, 기타공사 8천만원, 물품·용역 등 5천만원 이하의 계약"
KNOC2025020200,2025010290,4100075498,[재입찰]볼탱크 입출하 밸브 전동구동장치 구매,2025-03-05 ~ 2025-05-03,32686000,부품공급 및 설비확충 시 호환성
KNOC2025020170,2025010300,4100075499,공동 레벨게이지 예비품 구매,2025-03-05 ~ 2025-07-02,23100000,부품공급 및 설비확충 시 호환성
KNOC2025020100,2025010310,4100075488,유량계측설비 PIPE PROVER SPHERE 구매,2025-03-06 ~ 2025-05-04,12500000,"추정가격이 건설공사 2억원, 전문공사 1억원, 기타공사 8천만원, 물품·용역 등 5천만원 이하의 계약"
,2025010320,4100075522,트럭입출하대 입하펌프(#11) 구매(설치 포함),2025-03-06 ~ 2025-07-04,21450000,"추정가격이 건설공사 2억원, 전문공사 1억원, 기타공사 8천만원, 물품·용역 등 5천만원 이하의 계약"
KNOC2025030011,2025010330,4100075530,유량계측기설비 PIPE PROVER 검교정 용역,2025-03-10 ~ 2025-04-18,44400000,"특정인,조사,용역계약"
KNOC2025030100,2025010340,4100075673,해상플랫폼 무인화 운영용 경유 구매,2025-03-20 ~ 2025-04-30,16828900,재공고입찰등과 수의계약
KNOC2025030091,2025010350,4100075634,동해지사 전기실 고압차단기(접촉기) 교체공사,2025-03-24 ~ 2025-05-23,103850000,제조공급자가 설치 조립시
KNOC2025030121,2025010360,4100075650,서산지사 원유펌프실 조명 설치공사,2025-03-25 ~ 2025-04-21,23188640,"추정가격이 건설공사 2억원, 전문공사 1억원, 기타공사 8천만원, 물품·용역 등 5천만원 이하의 계약"
,2025010370,4100075723,PSM 자율안전진단 현장진단 용역,2025-03-25 ~ 2025-05-06,10890000,"추정가격이 건설공사 2억원, 전문공사 1억원, 기타공사 8천만원, 물품·용역 등 5천만원 이하의 계약"
KNOC2023060180,2025010380,4100075715,2025년 동해지사 제품탱크 보수공사 계약체결,2025-03-26 ~ 2025-10-22,299381973,성과공유제 확산
,2025010390,4100075717,2025년도 동해지사 제품탱크 도장공사 계약체결,2025-03-26 ~ 2025-10-22,341148878,성과공유제 확산
KNOC2025030131,2025010400,4100075699,거제지사 지하공동(T-102) 삼출수 레벨게이지 구매,2025-03-28 ~ 2025-10-23,64790000,부품공급 및 설비확충 시 호환성
,2025010410,4100075774,단신부임자숙소 에어컨 구매(설치포함),2025-03-31 ~ 2025-05-29,10398300,"추정가격이 건설공사 2억원, 전문공사 1억원, 기타공사 8천만원, 물품·용역 등 5천만원 이하의 계약"
KNOC2025030160,2025010420,4100075758,2025년 여수지사 원유탱크 청소공사,2025-03-31 ~ 2025-06-18,510000000,기재부장관 고시기간 내 입찰자가 1인뿐일 경우 재공고 없이 수의계약
,2025010430,4100075744,지상탱크 프로세스 지역 벌목,2025-04-01 ~ 2025-04-11,10879000,"추정가격이 건설공사 2억원, 전문공사 1억원, 기타공사 8천만원, 물품·용역 등 5천만원 이하의 계약"
KNOC2025030151,2025010440,4100075649,행정동 정문 전광판 구매(설치포함),2025-04-01 ~ 2025-04-30,11294910,"추정가격이 건설공사 2억원, 전문공사 1억원, 기타공사 8천만원, 물품·용역 등 5천만원 이하의 계약"
KNOC2025030071,2025010450,4100075665,알뜰주유소 사업 점검 용역 계약체결 품의,2025-04-01 ~ 2025-07-31,302500000,재공고입찰등과 수의계약
KNOC2025030220,2025010460,4100075759,2025년 상반기 여수지사 굴삭기 단기임차 용역,2025-04-01 ~ 2025-08-31,15400000,"추정가격이 건설공사 2억원, 전문공사 1억원, 기타공사 8천만원, 물품·용역 등 5천만원 이하의 계약"
,2025010470,4100075700,2025년도 기록관리시스템 유지관리 용역,2025-04-01 ~ 2025-12-31,6864000,제조공급자가 설치 조립시
,2025010480,4100075562,2025년도 UIT사 석유개발 소프트웨어 유지보수건 계약체결,2025-04-01 ~ 2026-03-31,9680000,생산자가 1인인 경우
KNOC2025030190,2025010490,4100075753,클라우드 메일 서비스 이용 용역,2025-04-01 ~ 2026-03-31,58300000,디지털서비스에 관한 계약
KNOC2025030203,2025010500,4100075771,2025 ~ 2027년도 ERP 운영 및 유지관리 용역(2025년도),2025-04-01 ~ 2028-03-31,8677000000,기재부장관 고시기간 내 입찰자가 1인뿐일 경우 재공고 없이 수의계약
,2025010510,4100075805,7초소앞 산지 소화배관(매설) 굴착공사,2025-04-02 ~ 2025-04-30,7733000,"추정가격이 건설공사 2억원, 전문공사 1억원, 기타공사 8천만원, 물품·용역 등 5천만원 이하의 계약"
,2025010520,4100075815,2025년 한국석유공사 청렴윤리 뉴스레터(KNOC 클린시그널) 발간 용역,2025-04-04 ~ 2025-12-31,1089000,"추정가격이 건설공사 2억원, 전문공사 1억원, 기타공사 8천만원, 물품·용역 등 5천만원 이하의 계약"
KNOC2025040030,2025010530,4100075817,울산지사 밸브스테이션 MOV-P893 ACTUATOR 구매,2025-04-07 ~ 2025-12-31,20480000,부품공급 및 설비확충 시 호환성
KNOC2025040070,2025010540,4100075842,2025년 재난대응 안전한국훈련 행사 용역,2025-04-08 ~ 2025-06-30,19150000,"추정가격이 건설공사 2억원, 전문공사 1억원, 기타공사 8천만원, 물품·용역 등 5천만원 이하의 계약"
KNOC2025030170,2025010550,4100075770,2025년 한국석유공사 방문기념품 구매,2025-04-08 ~ 2025-06-30,37022580,"추정가격이 건설공사 2억원, 전문공사 1억원, 기타공사 8천만원, 물품·용역 등 5천만원 이하의 계약"
KNOC2025040061,2025010560,4100075863,3공동 플레임어레스터 점검시설 및 1공동 배수로 설치공사,2025-04-09 ~ 2025-05-06,32450000,"추정가격이 건설공사 2억원, 전문공사 1억원, 기타공사 8천만원, 물품·용역 등 5천만원 이하의 계약"
,2025010570,4100075858,휘발유탱크 질소공급용 밸브 개선 전기공사,2025-04-10 ~ 2025-05-09,27959800,"추정가격이 건설공사 2억원, 전문공사 1억원, 기타공사 8천만원, 물품·용역 등 5천만원 이하의 계약"
KNOC2025040080,2025010580,4100075877,한국석유공사 저압 터보냉동기 세관 및 정비 용역,2025-04-10 ~ 2025-05-31,20350000, 제조공급자가 설치 조립시
,2025010590,4100075876,2025년도 서산지사 저장탱크 침하량 측정 용역,2025-04-10 ~ 2025-07-08,10890000,"추정가격이 건설공사 2억원, 전문공사 1억원, 기타공사 8천만원, 물품·용역 등 5천만원 이하의 계약"
KNOC2025040010,2025010600,4100075812,지구통계기반 채널연결성 연구,2025-04-10 ~ 2025-09-10,17292695,재공고입찰등과 수의계약
KNOC2025040090,2025010610,4100075890,거제지사 3차기지 삼출수 펌프(P-F652B) 보수자재 구매,2025-04-17 ~ 2025-09-13,66464200,부품공급 및 설비확충 시 호환성
,2025010620,4100075909,2025년 일반도서 대여 시범서비스(고급형100) 용역,2025-04-17 ~ 2025-12-17,2700000,추정가격이 2천만원 이하인 물품의 제조·구매계약 또는 용역계약
KNOC2025040150,2025010630,4100075945,2025년 공개채용 대행 용역,2025-04-17 ~ 2025-12-31,377700000,기재부장관 고시기간 내 입찰자가 1인뿐일 경우 재공고 없이 수의계약
,2025010640,4100075978,트럭 입출하대 수평도체(낙뢰보호설비) 보수공사,2025-04-18 ~ 2025-05-02,9365180,"추정가격이 건설공사 2억원, 전문공사 1억원, 기타공사 8천만원, 물품·용역 등 5천만원 이하의 계약"
KNOC2025040111,2025010650,4100075977,평택지사 뉴프로판 전기실 폐쇄형 배전반(변압기반) 구매,2025-04-21 ~ 2025-07-19,116000000,NEP인증제품
,2025010660,4100076039,제2종 시설물 자동계측시스템 계측기 구매,2025-04-25 ~ 2025-07-04,42295000,"추정가격이 건설공사 2억원, 전문공사 1억원, 기타공사 8천만원, 물품·용역 등 5천만원 이하의 계약"
,2025010670,4100076021,2025년도 평택지사 알뜰탱크 도장공사,2025-04-28 ~ 2025-09-24,110788286,성과공유제 확산
,2025010680,4100076036,2025년도 평택지사 알뜰탱크 보수공사,2025-04-28 ~ 2025-09-24,365959440,성과공유제 확산
,2025010690,4100076067,소화펌프(엔진) 가동제어반 구매(설치포함),2025-04-29 ~ 2025-06-12,10406000,"추정가격이 건설공사 2억원, 전문공사 1억원, 기타공사 8천만원, 물품·용역 등 5천만원 이하의 계약"
KNOC2025040160,2025010700,4100076059,거제지사 1차기지 주요밸브 ACTUATOR 구매,2025-04-29 ~ 2025-06-27,51824190,생산자가 1인인 경우
KNOC2025040233,2025010710,4100076068,거제지사 해상로딩암 보수자재 구매,2025-04-30 ~ 2025-11-25,105953760,부품공급 및 설비확충 시 호환성
KNOC2025040261,2025010720,4100076090,탱크노즐부 방폭조명등 교체공사,2025-05-09 ~ 2025-06-05,18364000,"추정가격이 건설공사 2억원, 전문공사 1억원, 기타공사 8천만원, 물품·용역 등 5천만원 이하의 계약"
,2025010730,4100076145,트럭출하대 정온식 감지선형 감지기 2-A/B(5 ~ 8BAY) 보수작업,2025-05-09 ~ 2025-07-07,10670000,"추정가격이 건설공사 2억원, 전문공사 1억원, 기타공사 8천만원, 물품·용역 등 5천만원 이하의 계약"
KNOC2025040270,2025010740,4100076136,서산지사 유분감지기 교체공사,2025-05-12 ~ 2025-06-05,20800000,"추정가격이 건설공사 2억원, 전문공사 1억원, 기타공사 8천만원, 물품·용역 등 5천만원 이하의 계약"
,2025010750,4100076176,원유탱크 W/D PIT COVER 보수공사,2025-05-13 ~ 2025-06-30,10384000,"추정가격이 건설공사 2억원, 전문공사 1억원, 기타공사 8천만원, 물품·용역 등 5천만원 이하의 계약"
,2025010760,4100076175,"저장시설 필수 안전수칙 표지 제작, 구매(설치 포함)",2025-05-14 ~ 2025-06-05,6497700,"추정가격이 건설공사 2억원, 전문공사 1억원, 기타공사 8천만원, 물품·용역 등 5천만원 이하의 계약"
KNOC2025040280,2025010770,4100076161,부두 DAS용 LARGE DISPLAY BOARD 구매,2025-05-14 ~ 2025-09-10,29876000,부품공급 및 설비확충 시 호환성
KNOC2025050110,2025010780,4100076211,저장시설 작업 필수 안전수칙 표지판 제작 설치 용역,2025-05-16 ~ 2025-07-14,10662135,"추정가격이 건설공사 2억원, 전문공사 1억원, 기타공사 8천만원, 물품·용역 등 5천만원 이하의 계약"
KNOC2025050060,2025010790,4100076183,저장시설 상부작업 필수 안전수칙 표지판 제작 설치 용역,2025-05-21 ~ 2025-07-21,15712000,"추정가격이 건설공사 2억원, 전문공사 1억원, 기타공사 8천만원, 물품·용역 등 5천만원 이하의 계약"
,2025010800,4100076268,부두 노후 배관 WATER JET CUTTING 공사,2025-05-21 ~ 2025-08-29,10890000,"추정가격이 건설공사 2억원, 전문공사 1억원, 기타공사 8천만원, 물품·용역 등 5천만원 이하의 계약"
KNOC2025050190,2025010810,4100076286,변전실(UNIT NO2) VTS 구매,2025-05-22 ~ 2025-06-20,12474000,부품공급 및 설비확충 시 호환성
KNOC2025050100,2025010820,4100076259,함철광물의 수소 발생조건 연구,2025-05-22 ~ 2025-12-31,19551308,기재부장관 고시기간 내 입찰자가 1인뿐일 경우 재공고 없이 수의계약
,2025010830,4100076291,제2종 시설물 자동계측 시스템 구축공사,2025-05-23 ~ 2025-06-23,5566000,"추정가격이 건설공사 2억원, 전문공사 1억원, 기타공사 8천만원, 물품·용역 등 5천만원 이하의 계약"
KNOC2025050120,2025010840,4100076225,거제지사 유량계측기설비 PIPE PROVER 검교정 용역,2025-05-26 ~ 2025-07-04,44200000,"특정인,조사,용역계약"
,2025010850,4100076316,고정식 가스감지기(112EA)사외 검교정 용역,2025-05-27 ~ 2025-06-25,10964800,"추정가격이 건설공사 2억원, 전문공사 1억원, 기타공사 8천만원, 물품·용역 등 5천만원 이하의 계약"
KNOC2025050241,2025010860,4100076336,2025년도 공공데이터 품질관리 컨설팅,2025-05-28 ~ 2025-11-27,31581000,"추정가격이 건설공사 2억원, 전문공사 1억원, 기타공사 8천만원, 물품·용역 등 5천만원 이하의 계약"
,2025010870,4100076414,2025년 원유탱크 청소공사 재활용 폐기물(1차) 처리,2025-05-29 ~ 2025-06-16,10811570,"추정가격이 건설공사 2억원, 전문공사 1억원, 기타공사 8천만원, 물품·용역 등 5천만원 이하의 계약"
,2025010880,4100076363,악취방지시설 흡착탑 활성탄 교체공사(상반기),2025-05-29 ~ 2025-06-26,10890000,"추정가격이 건설공사 2억원, 전문공사 1억원, 기타공사 8천만원, 물품·용역 등 5천만원 이하의 계약"
,2025010890,4100076369,기지내 배수로 정비용역,2025-05-30 ~ 2025-06-20,7247000,"추정가격이 건설공사 2억원, 전문공사 1억원, 기타공사 8천만원, 물품·용역 등 5천만원 이하의 계약"
,2025010900,4100076367,2025년 한국석유공사 윤리위험 식별 및 통제체계 재평가 용역,2025-05-30 ~ 2025-06-30,5500000,"추정가격이 건설공사 2억원, 전문공사 1억원, 기타공사 8천만원, 물품·용역 등 5천만원 이하의 계약"
KNOC2025050211,2025010910,4100076320,여수지사 변전실 UPS 및 DC반 배터리 구매,2025-05-30 ~ 2025-07-28,41500000,"추정가격이 건설공사 2억원, 전문공사 1억원, 기타공사 8천만원, 물품·용역 등 5천만원 이하의 계약"
KNOC2025050181,2025010920,4100076310,2025년도 지하비축기지 수리지구화학특성 분석 용역,2025-05-30 ~ 2025-12-29,136842750,기재부장관 고시기간 내 입찰자가 1인뿐일 경우 재공고 없이 수의계약
,2025010930,4100076358,2025년 인권영향평가 용역,2025-06-02 ~ 2025-10-01,22000000,"추정가격이 건설공사 2억원, 전문공사 1억원, 기타공사 8천만원, 물품·용역 등 5천만원 이하의 계약"
KNOC2025050220,2025010940,4100076335,서산지사 예초관리 용역,2025-06-04 ~ 2025-06-30,17998000,"추정가격이 건설공사 2억원, 전문공사 1억원, 기타공사 8천만원, 물품·용역 등 5천만원 이하의 계약"
KNOC2025050281,2025010950,4100076362,2025년도 문서중앙화 시스템 유지관리 용역,2025-06-07 ~ 2026-06-06,101200000, 제조공급자가 설치 조립시
KNOC2025060040,2025010960,4100076397,한국석유공사 승강기 에어컨 교체 용역,2025-06-09 ~ 2025-07-31,20409000,"추정가격이 건설공사 2억원, 전문공사 1억원, 기타공사 8천만원, 물품·용역 등 5천만원 이하의 계약"
KNOC2025060030,2025010970,4100076395,프로판 입하펌프 토출 밸브 전동구동장치 구매,2025-06-09 ~ 2025-08-07,17669520,NEP인증제품
,2025010980,4100076424,용인지사 제초 및 가지치기 작업,2025-06-10 ~ 2025-06-30,7658000,"추정가격이 건설공사 2억원, 전문공사 1억원, 기타공사 8천만원, 물품·용역 등 5천만원 이하의 계약"
,2025010990,4100076405,2025년도 용인지사 안전밸브 정기점검 및 보수공사,2025-06-10 ~ 2025-07-31,10824000,"추정가격이 건설공사 2억원, 전문공사 1억원, 기타공사 8천만원, 물품·용역 등 5천만원 이하의 계약"
KNOC2025050200,2025011000,4100076337,산지 지하수위 관측장비 구매(설치포함),2025-06-10 ~ 2025-08-08,17688000,부품공급 및 설비확충 시 호환성
KNOC2025060060,2025011010,4100076438,서산지사 탱크 바닥철판 두께 측정기(FLOOR SCANNER) 보수 용역,2025-06-12 ~ 2025-12-08,36432000, 제조공급자가 설치 조립시
KNOC2025050270,2025011020,4100076375,"구리지사 1,2,3공동 LED 조명등 교체공사",2025-06-16 ~ 2025-07-13,36663000,"추정가격이 건설공사 2억원, 전문공사 1억원, 기타공사 8천만원, 물품·용역 등 5천만원 이하의 계약"
,2025011030,4100076587,정비고 건물 외벽 도장공사,2025-06-25 ~ 2025-07-21,10967000,"추정가격이 건설공사 2억원, 전문공사 1억원, 기타공사 8천만원, 물품·용역 등 5천만원 이하의 계약"
KNOC2025060141,2025011040,4100076552,용인지사 트럭입출하대 SSV 구매,2025-06-25 ~ 2025-10-22,53600000,부품공급 및 설비확충 시 호환성
KNOC2025060100,2025011050,4100076553,서산지사 탱크유위측정설비 구매,2025-06-26 ~ 2025-11-02,58300000,부품공급 및 설비확충 시 호환성
,2025011060,4100076650,제품탱크 RING WALL 보수공사,2025-07-01 ~ 2025-08-31,10956000,"추정가격이 건설공사 2억원, 전문공사 1억원, 기타공사 8천만원, 물품·용역 등 5천만원 이하의 계약"
KNOC2025060131,2025011070,4100076648,ERP 고도화 ISMP 수립 용역,2025-07-01 ~ 2025-11-30,310154074,기재부장관 고시기간 내 입찰자가 1인뿐일 경우 재공고 없이 수의계약
KNOC2025050012,2025011080,4100076160,2025년도 동해가스전 시설관리 점검용역,2025-07-01 ~ 2026-06-30,335000000,기재부장관 고시기간 내 입찰자가 1인뿐일 경우 재공고 없이 수의계약
,2025011090,4100076612,2025년도 울산지사 입출하시설 관리 용역,2025-07-01 ~ 2026-06-30,2856282000,성과공유제 확산
KNOC2025070010,2025011100,4100076669,지상탱크(T-504) 온도전송장치 구매 및 설치,2025-07-03 ~ 2025-11-29,21340000,부품공급 및 설비확충 시 호환성
,2025011110,4100076685,식당동 냉난방기용 변압기 교체 공사,2025-07-04 ~ 2025-08-04,9960000,"추정가격이 건설공사 2억원, 전문공사 1억원, 기타공사 8천만원, 물품·용역 등 5천만원 이하의 계약"
,2025011120,4100076705,등유 출하펌프(P-102B) 수리작업,2025-07-07 ~ 2025-07-31,10945000,"추정가격이 건설공사 2억원, 전문공사 1억원, 기타공사 8천만원, 물품·용역 등 5천만원 이하의 계약"
,2025011130,4100076699,정비고 및 소방차고 외벽 크랙 보수공사,2025-07-07 ~ 2025-08-04,10516000,"추정가격이 건설공사 2억원, 전문공사 1억원, 기타공사 8천만원, 물품·용역 등 5천만원 이하의 계약"
,2025011140,4100076702,IP전화기 송수화기 구매,2025-07-08 ~ 2025-07-31,2310000,"추정가격이 건설공사 2억원, 전문공사 1억원, 기타공사 8천만원, 물품·용역 등 5천만원 이하의 계약"
KNOC2025070030,2025011150,4100076684,레벨게이지 예비품(저장품) 구매,2025-07-08 ~ 2025-11-04,42350000,부품공급 및 설비확충 시 호환성
KNOC2025070060,2025011160,4100076717,충전기반 및 소방엔진펌프 축전지 교체,2025-07-09 ~ 2025-09-06,19091600,"추정가격이 건설공사 2억원, 전문공사 1억원, 기타공사 8천만원, 물품·용역 등 5천만원 이하의 계약"
KNOC2025070020,2025011170,4100076651,2026년 공사 달력 및 수첩 제작 구매,2025-07-09 ~ 2025-12-03,50900000,"추정가격이 건설공사 2억원, 전문공사 1억원, 기타공사 8천만원, 물품·용역 등 5천만원 이하의 계약"
,2025011180,4100076749,"정문 앞 철계단 제작, 설치 용역",2025-07-10 ~ 2025-07-31,1826000,"추정가격이 건설공사 2억원, 전문공사 1억원, 기타공사 8천만원, 물품·용역 등 5천만원 이하의 계약"
,2025011190,4100076748,원유펌프 유압 TOP UNIT OVERHAUL 국산화 보수,2025-07-10 ~ 2025-10-17,10807500,"추정가격이 건설공사 2억원, 전문공사 1억원, 기타공사 8천만원, 물품·용역 등 5천만원 이하의 계약"
,2025011200,4100076740,무정전전원공급장치(UPS) 접지공사,2025-07-11 ~ 2025-07-31,2940000,"추정가격이 건설공사 2억원, 전문공사 1억원, 기타공사 8천만원, 물품·용역 등 5천만원 이하의 계약"
,2025011210,4100076767,"PSM 이행상태 재평가 관련 안전표지판 제작, 설치",2025-07-14 ~ 2025-07-31,10971400,"추정가격이 건설공사 2억원, 전문공사 1억원, 기타공사 8천만원, 물품·용역 등 5천만원 이하의 계약"
,2025011220,4100076776,기지내 안전표지판 정비 및 추가설치 용역,2025-07-14 ~ 2025-08-27,10998900,"추정가격이 건설공사 2억원, 전문공사 1억원, 기타공사 8천만원, 물품·용역 등 5천만원 이하의 계약"
,2025011230,4100076775,프로세스구역 방유제 설치공사,2025-07-14 ~ 2025-08-31,10351000,"추정가격이 건설공사 2억원, 전문공사 1억원, 기타공사 8천만원, 물품·용역 등 5천만원 이하의 계약"
,2025011240,4100076851,2025년도 여수지사 안전밸브 정기검사 및 보수공사,2025-07-24 ~ 2025-09-06,31576160,"추정가격이 건설공사 2억원, 전문공사 1억원, 기타공사 8천만원, 물품·용역 등 5천만원 이하의 계약"
KNOC2025070191,2025011250,4100076903,VOC 배관 변경 및 PANEL 개선 공사,2025-07-29 ~ 2025-09-26,19400000, 제조공급자가 설치 조립시
,2025011260,4100076902,프로세스지역 체크밸브(CH-001) 탈거 및 설치공사,2025-07-29 ~ 2025-12-26,8525000,"추정가격이 건설공사 2억원, 전문공사 1억원, 기타공사 8천만원, 물품·용역 등 5천만원 이하의 계약"
KNOC2025070241,2025011270,4100076926,2025년 평택지사 내외부 제초작업,2025-08-01 ~ 2025-08-21,13312200,"추정가격이 건설공사 2억원, 전문공사 1억원, 기타공사 8천만원, 물품·용역 등 5천만원 이하의 계약"
,2025011280,4100076962,JETTY BD 및 MD 난간대 개선공사,2025-08-04 ~ 2025-10-02,10780000,"추정가격이 건설공사 2억원, 전문공사 1억원, 기타공사 8천만원, 물품·용역 등 5천만원 이하의 계약"
,2025011290,4100076995,VOC 신설배관 설치 공사,2025-08-05 ~ 2025-10-17,10945000,"추정가격이 건설공사 2억원, 전문공사 1억원, 기타공사 8천만원, 물품·용역 등 5천만원 이하의 계약"
,2025011300,4100076996,해상로딩암 PMI(예방정비점검) 용역,2025-08-06 ~ 2025-09-03,10439000,"추정가격이 건설공사 2억원, 전문공사 1억원, 기타공사 8천만원, 물품·용역 등 5천만원 이하의 계약"
,2025011310,4100077032,"2025년 우수 협력주유소 현판 제작, 설치",2025-08-11 ~ 2025-10-31,9680000,"추정가격이 건설공사 2억원, 전문공사 1억원, 기타공사 8천만원, 물품·용역 등 5천만원 이하의 계약"
KNOC2025080040,2025011320,4100077040,거제지사 산지구간 방호휀스 주변 보수공사,2025-08-18 ~ 2025-09-21,32100000,천재지변등 경쟁이 불가능할때
,2025011330,4100077126,사내도서관 도서 및 서가 이전 용역,2025-08-21 ~ 2025-09-20,4125000,2) 추정가격이 2천만원 이하인 물품의 제조·구매계약 또는 용역계약
KNOC2025080030,2025011340,4100077003,"부두 RCM 유압호스, 연결피팅류 교체공사",2025-08-21 ~ 2025-10-10,15400000,"추정가격이 건설공사 2억원, 전문공사 1억원, 기타공사 8천만원, 물품·용역 등 5천만원 이하의 계약"
KNOC2025080101,2025011350,4100077119,2025년도 하반기 MTN프로그램 업데이트 관련 회계 용역,2025-08-22 ~ 2025-11-12,152900000,"특정인,조사,용역계약"
KNOC2025080110,2025011360,4100077124,서산지사 방유제 예초관리 용역,2025-08-25 ~ 2025-09-30,18900000,"추정가격이 건설공사 2억원, 전문공사 1억원, 기타공사 8천만원, 물품·용역 등 5천만원 이하의 계약"
KNOC2025080091,2025011370,4100077122,여수지사 공정제어설비(DCS) H/W 교체공사,2025-08-25 ~ 2026-02-20,522365800, 제조공급자가 설치 조립시
KNOC2025080151,2025011380,4100077158,한국석유공사 거제지사 광파측량기 구매,2025-08-27 ~ 2025-11-05,43950000,5) 가)「여성기업지원에 관한 법률」 제2조제1호에 따른 여성기업
,2025011390,4100077170,한국석유공사 사례로 톺아보는 윤리경영(업무매뉴얼) 출간 용역,2025-08-29 ~ 2025-09-05,1234200,"추정가격이 건설공사 2억원, 전문공사 1억원, 기타공사 8천만원, 물품·용역 등 5천만원 이하의 계약"
,2025011400,4100077211,동해지지사 내부 제초작업,2025-08-29 ~ 2025-09-28,10967000,"추정가격이 건설공사 2억원, 전문공사 1억원, 기타공사 8천만원, 물품·용역 등 5천만원 이하의 계약"
KNOC2025080121,2025011410,4100077140,HDO 내 KNOC 케이블 교체 공사,2025-08-29 ~ 2025-10-13,38120000,"추정가격이 건설공사 2억원, 전문공사 1억원, 기타공사 8천만원, 물품·용역 등 5천만원 이하의 계약"
KNOC2025080180,2025011420,4100077209,2025년 하반기 여수지사 굴삭기 단기임차 용역,2025-09-01 ~ 2025-12-31,11880000,"추정가격이 건설공사 2억원, 전문공사 1억원, 기타공사 8천만원, 물품·용역 등 5천만원 이하의 계약"
,2025011430,4100077243,트럭출하대 정온식 감지선형 감지기 보수공사,2025-09-02 ~ 2025-10-01,10868000,"추정가격이 건설공사 2억원, 전문공사 1억원, 기타공사 8천만원, 물품·용역 등 5천만원 이하의 계약"
,2025011440,4100077254,펌뱅킹 VAN 서비스 교체 및 테스트 용역,2025-09-04 ~ 2025-12-15,10450000,"추정가격이 건설공사 2억원, 전문공사 1억원, 기타공사 8천만원, 물품·용역 등 5천만원 이하의 계약"
,2025011450,4100077289,DCS PROGRAM 오류 점검 및 복구공사,2025-09-08 ~ 2025-11-05,10560000,"추정가격이 건설공사 2억원, 전문공사 1억원, 기타공사 8천만원, 물품·용역 등 5천만원 이하의 계약"
,2025011460,4100077268,안심신고인 제도 운영 용역,2025-09-08 ~ 2026-09-07,12210000,"추정가격이 건설공사 2억원, 전문공사 1억원, 기타공사 8천만원, 물품·용역 등 5천만원 이하의 계약"
,2025011470,4100077306,전기실 냉난방기(PAC-601 B) 교체공사,2025-09-09 ~ 2025-11-08,10890000,"추정가격이 건설공사 2억원, 전문공사 1억원, 기타공사 8천만원, 물품·용역 등 5천만원 이하의 계약"
KNOC2025090011,2025011480,4100077335,석유개발 IT자원 통합 관리시스템(E-CENTER) 업그레이드 용역,2025-09-15 ~ 2025-12-13,359700000, 제조공급자가 설치 조립시
,2025011490,4100077404,"MOV-114, 309 ACTUATOR 구매설치",2025-09-16 ~ 2025-11-30,10890000,"추정가격이 건설공사 2억원, 전문공사 1억원, 기타공사 8천만원, 물품·용역 등 5천만원 이하의 계약"
,2025011500,4100077424,UPS OVERHAUL(정밀점검),2025-09-18 ~ 2025-10-17,10985700,"추정가격이 건설공사 2억원, 전문공사 1억원, 기타공사 8천만원, 물품·용역 등 5천만원 이하의 계약"
,2025011510,4100077437,위험물 예방규정 이행실태 평가 컨설팅 용역,2025-09-18 ~ 2025-11-07,10890000,"추정가격이 건설공사 2억원, 전문공사 1억원, 기타공사 8천만원, 물품·용역 등 5천만원 이하의 계약"
KNOC2025090050,2025011520,4100077378,업무망PC VDI 업그레이드 용역,2025-09-22 ~ 2025-11-21,49940000,부품공급 및 설비확충 시 호환성
,2025011530,4100077468,"JETTY VOC 배관 10"" RELIEF VALVE 구매",2025-09-23 ~ 2025-12-31,10978000,"추정가격이 건설공사 2억원, 전문공사 1억원, 기타공사 8천만원, 물품·용역 등 5천만원 이하의 계약"
KNOC2025090080,2025011540,4100077445,소음·진동이 해양생물에 미치는 영향조사,2025-09-23 ~ 2026-03-22,35000000,기재부장관 고시기간 내 입찰자가 1인뿐일 경우 재공고 없이 수의계약
KNOC2025090090,2025011550,4100077470,UPS 및 차단기 조작용 축전지 구매(설치 포함),2025-09-25 ~ 2025-12-31,24314400,"추정가격이 건설공사 2억원, 전문공사 1억원, 기타공사 8천만원, 물품·용역 등 5천만원 이하의 계약"
,2025011560,4100077557,서산지사 JET MIXER TEST용 PUMP 교체 및 설치 공사,2025-09-30 ~ 2025-11-14,10560000,"추정가격이 건설공사 2억원, 전문공사 1억원, 기타공사 8천만원, 물품·용역 등 5천만원 이하의 계약"
,2025011570,4100077581,기지내 안전표지판 추가 보완 설치작업,2025-10-01 ~ 2025-10-30,10989000,"추정가격이 건설공사 2억원, 전문공사 1억원, 기타공사 8천만원, 물품·용역 등 5천만원 이하의 계약"
,2025011580,4100077573,기록관리시스템 서버용 바이러스 백신 소프트웨어 라이선스 갱신,2025-10-01 ~ 2025-10-31,9900000,"추정가격이 건설공사 2억원, 전문공사 1억원, 기타공사 8천만원, 물품·용역 등 5천만원 이하의 계약"
KNOC2025100040,2025011590,4100077593,지정폐기물(폐연료유) 처리 용역,2025-10-02 ~ 2025-11-21,30729000,"추정가격이 건설공사 2억원, 전문공사 1억원, 기타공사 8천만원, 물품·용역 등 5천만원 이하의 계약"
,2025011600,4100077623,원유탱크 상부 안전블록 설치(3기) 작업,2025-10-14 ~ 2025-11-14,10362000,"추정가격이 건설공사 2억원, 전문공사 1억원, 기타공사 8천만원, 물품·용역 등 5천만원 이하의 계약"
,2025011610,4100077624,2025년 서산지사 지하안전점검 육안조사 용역,2025-10-14 ~ 2025-11-30,10890000,"추정가격이 건설공사 2억원, 전문공사 1억원, 기타공사 8천만원, 물품·용역 등 5천만원 이하의 계약"
KNOC2025100050,2025011620,4100077636,서산지사 예초관리 용역,2025-10-15 ~ 2025-10-31,19270000,"추정가격이 건설공사 2억원, 전문공사 1억원, 기타공사 8천만원, 물품·용역 등 5천만원 이하의 계약"
,2025011630,4100077707,2025년 한국석유공사 비축기지 현장 근무복 및 작업복 구매,2025-10-15 ~ 2025-12-31,278908000, 재공고입찰등과 수의계약
,2025011640,4100077667,방송설비 구매설치,2025-10-16 ~ 2025-11-16,10893300,"추정가격이 건설공사 2억원, 전문공사 1억원, 기타공사 8천만원, 물품·용역 등 5천만원 이하의 계약"
,2025011650,4100077729,가스감지기 센서교체 (검교정 포함),2025-10-22 ~ 2025-12-22,10230000,"추정가격이 건설공사 2억원, 전문공사 1억원, 기타공사 8천만원, 물품·용역 등 5천만원 이하의 계약"
KNOC2025100060,2025011660,4100077697,본사 사옥 승강기 부품(도어행거)교체 용역,2025-10-23 ~ 2026-01-20,46904000, 제조공급자가 설치 조립시
KNOC2025100090,2025011670,4100077777,거제지사 방호용 NVR 교체공사,2025-10-29 ~ 2025-11-22,44000000,"추정가격이 건설공사 2억원, 전문공사 1억원, 기타공사 8천만원, 물품·용역 등 5천만원 이하의 계약"
KNOC2025100031,2025011680,4100077762,사회적 책무 및 방만경영 체계 고도화 용역,2025-10-29 ~ 2026-01-28,43200000,"추정가격이 건설공사 2억원, 전문공사 1억원, 기타공사 8천만원, 물품·용역 등 5천만원 이하의 계약"
KNOC2025100100,2025011690,4100077793,PHC 입찰담합 손해배상 판결채권 집행대행 용역,2025-10-30 ~ 2026-12-31,4950000, 추정가격 2천만원 이하 물품 또는 용역
,2025011700,4100077840,지사 내 제초작업,2025-10-31 ~ 2025-11-28,9835000,"추정가격이 건설공사 2억원, 전문공사 1억원, 기타공사 8천만원, 물품·용역 등 5천만원 이하의 계약"
KNOC2025100120,2025011710,4100077818,곡성지사 변전실 무정전 전원장치 구매(설치포함),2025-10-31 ~ 2025-12-14,35000000,"추정가격이 건설공사 2억원, 전문공사 1억원, 기타공사 8천만원, 물품·용역 등 5천만원 이하의 계약"
,2025011720,4100077835,2025년 자영알뜰주유소 SNS 이벤트 상품 구매,2025-11-01 ~ 2025-12-31,12716897,"추정가격이 건설공사 2억원, 전문공사 1억원, 기타공사 8천만원, 물품·용역 등 5천만원 이하의 계약"
KNOC2025100150,2025011730,4100077843,곡성지사 변전실 콘덴서 구매(설치포함),2025-11-03 ~ 2026-01-01,22200000,"추정가격이 건설공사 2억원, 전문공사 1억원, 기타공사 8천만원, 물품·용역 등 5천만원 이하의 계약"
KNOC2025100131,2025011740,4100077855,표준기록관리시스템 S/W 및 기록물 이관 용역,2025-11-06 ~ 2025-12-26,50600000, 제조공급자가 설치 조립시
,2025011750,4100077934,"해상 DETONATION FLAME ARRESTER 분해, 보수 용역",2025-11-07 ~ 2025-12-31,10109000,"추정가격이 건설공사 2억원, 전문공사 1억원, 기타공사 8천만원, 물품·용역 등 5천만원 이하의 계약"
KNOC2025110040,2025011760,4100077941,잡목제거 용역,2025-11-10 ~ 2025-11-21,11700000,"추정가격이 건설공사 2억원, 전문공사 1억원, 기타공사 8천만원, 물품·용역 등 5천만원 이하의 계약"
KNOC2025110020,2025011770,4100077970,2025년 안전밸브 정기검사,2025-11-11 ~ 2025-12-08,13473693,"추정가격이 건설공사 2억원, 전문공사 1억원, 기타공사 8천만원, 물품·용역 등 5천만원 이하의 계약"
,2025011780,4100077998,행정동 1층 화장실 보수공사,2025-11-11 ~ 2025-12-31,10700800,"추정가격이 건설공사 2억원, 전문공사 1억원, 기타공사 8천만원, 물품·용역 등 5천만원 이하의 계약"
KNOC2025110081,2025011790,4100078062,1방유제 탱크 노즐부 방폭조명등 교체공사,2025-11-17 ~ 2025-12-15,11990000,"추정가격이 건설공사 2억원, 전문공사 1억원, 기타공사 8천만원, 물품·용역 등 5천만원 이하의 계약"
,2025011800,4100078034,외곽휀스 제초작업,2025-11-18 ~ 2025-12-05,9977000,"추정가격이 건설공사 2억원, 전문공사 1억원, 기타공사 8천만원, 물품·용역 등 5천만원 이하의 계약"
,2025011810,4100078146,2025년 KNOC AI 전략 및 로드맵 수립 컨설팅 용역,2025-11-18 ~ 2025-12-31,20000000, 추정가격 2천만원 이하 물품 또는 용역
KNOC2025110100,2025011820,4100078129,서산지사 원유이송펌프(P-P001) 수리 공사,2025-11-19 ~ 2026-01-07,64999000,"추정가격이 건설공사 2억원, 전문공사 1억원, 기타공사 8천만원, 물품·용역 등 5천만원 이하의 계약"
KNOC2025110061,2025011830,4100078064,울산지사 BUOY MBC OVERHAUL 용역,2025-11-19 ~ 2026-06-16,237930000, 제조공급자가 설치 조립시
,2025011840,4100078241,방호용CCTV(5대),2025-11-20 ~ 2025-12-18,9300000, 추정가격 2천만원 이하 물품 또는 용역
KNOC2025110030,2025011850,4100078109,3차 지하공동 전기방식 정류기설비 구매(설치포함),2025-11-21 ~ 2025-12-30,18896933,"추정가격이 건설공사 2억원, 전문공사 1억원, 기타공사 8천만원, 물품·용역 등 5천만원 이하의 계약"
KNOC2025110090,2025011860,4100078190,"거제지사 펌프룸(#100,200) LED 조명등 교체공사",2025-11-25 ~ 2025-12-22,33900000,"추정가격이 건설공사 2억원, 전문공사 1억원, 기타공사 8천만원, 물품·용역 등 5천만원 이하의 계약"
KNOC2025110050,2025011870,4100077984,곡성지사 건물 옥상 지붕강판 설치공사,2025-11-25 ~ 2025-12-23,42042000,"추정가격이 건설공사 2억원, 전문공사 1억원, 기타공사 8천만원, 물품·용역 등 5천만원 이하의 계약"
,2025011880,4100078239,오산밸브스테이션 방화문 교체공사,2025-11-26 ~ 2025-12-16,7370000," 추정가격이 건설공사 4억원, 전문공사 2억원, 기타공사 1억6천"
,2025011890,4100078291,이산화탄소 소화설비 방출구역 전동댐퍼 설치 및 방화문 교체,2025-11-26 ~ 2025-12-24,10670000," 추정가격이 건설공사 4억원, 전문공사 2억원, 기타공사 1억6천"
R25BK01168915,2025011900,4100078231,2025년 평택지사 내외부 제초작업,2025-11-26 ~ 2025-12-25,15000000, 추정가격 2천만원 초과 1억원 이하 물품·용역
,2025011910,4100078292,용인지사 오폐수동 옥상 지붕강판 설치공사 시행품의,2025-11-27 ~ 2025-12-25,40931000, 추정가격 2천만원 초과 1억원 이하 물품·용역
R25BK01187927,2025011920,4100078328,오폐수동 필터 라인 밸브 보온재(4R Cover) 제작,2025-12-02 ~ 2025-12-31,21120000, 추정가격 2천만원 초과 1억원 이하 물품·용역
,2025011930,4100078397,프로세스지역 통로개선공사,2025-12-03 ~ 2025-12-31,9460000," 추정가격이 건설공사 4억원, 전문공사 2억원, 기타공사 1억6천"
,2025011940,4100078380,소방펌프실 안전난간 설치공사,2025-12-03 ~ 2025-12-31,10230000," 추정가격이 건설공사 4억원, 전문공사 2억원, 기타공사 1억6천"
,2025011950,4100078416,BD-2 Fender Protector Panel Bolting Plat,2025-12-03 ~ 2025-12-31,10945000," 추정가격이 건설공사 4억원, 전문공사 2억원, 기타공사 1억6천"
R25BK01174578,2025011960,4100078327,2025년 업무자동화(RPA) 개발 및 운영,2025-12-03 ~ 2026-02-02,64288850, 경쟁입찰을 실시했으나 입찰자가 1인뿐인 경우 수의계약(기재부장관 고시기간
,2025011970,4100078362,오폐수처리시설 필터 배관 보온재 보수공사,2025-12-04 ~ 2025-12-28,10890000," 추정가격이 건설공사 4억원, 전문공사 2억원, 기타공사 1억6천"
,2025011980,4100078406,2025년도 안전밸브 정기검사 및 보수공사,2025-12-04 ~ 2025-12-31,20010000, [상생협력법]성과공유제 확인제품
,2025011990,4100078396,통제실 Access Floor 교체공사,2025-12-05 ~ 2025-12-26,9000000," 추정가격이 건설공사 4억원, 전문공사 2억원, 기타공사 1억6천"
,2025012000,4100078234,송유관 입하배관 스트레이너(STR-001A) 점검 및 청소 용역,2025-12-08 ~ 2025-12-25,10268500, 추정가격 2천만원 이하 물품 또는 용역
,2025012010,4100078407,지사 내 가지치기 작업,2025-12-09 ~ 2025-12-31,9849000, 추정가격 2천만원 이하 물품 또는 용역
R25BK01214543,2025012020,4100078436,LED 전광판 구매,2025-12-10 ~ 2026-01-08,25600000, 추정가격 2천만원 초과 1억원 이하 물품·용역
,2025012030,4100078489,"로딩암(LA-5-01A,B) #1 Swivel Joint 보수작업",2025-12-12 ~ 2025-12-31,10780000," 추정가격이 건설공사 4억원, 전문공사 2억원, 기타공사 1억6천"
,2025012040,4100078503,오디오북  서비스 이용권 구매,2025-12-15 ~ 2025-12-31,3000000, 추정가격 2천만원 이하 물품 또는 용역
,2025012050,4100078544,마케팅 및 홍보용 물품 구매,2025-12-19 ~ 2025-12-31,3056000, 추정가격 2천만원 이하 물품 또는 용역
,2025012060,4100078579,온라인 학술 플랫폼 DBpia 전체 패키지 이용권 구매,2025-12-19 ~ 2025-12-31,8513000, 추정가격 2천만원 이하 물품 또는 용역
,2025012070,4100078547,오폐수동 필터 밸브 보온재(4R Cover) 설치공사 시행품의,2025-12-19 ~ 2026-01-02,10450000," 추정가격이 건설공사 4억원, 전문공사 2억원, 기타공사 1억6천"
R25BK01234811,2025012080,4100078623,울산지사 Buoy Expansion Joint 구매,2025-12-24 ~ 2026-05-23,48800000, 추정가격 2천만원 초과 1억원 이하 물품·용역
,2025012090,4100078646,도서관 도서 대출·반납기 내부 PC 부품 교체,2025-12-27 ~ 2026-01-23,1430000, 추정가격 2천만원 이하 물품 또는 용역
R25BK01232090,2025012100,4100078659,본사 사옥 승강기 보수용 예비자재 구매,2025-12-29 ~ 2025-12-31,67000000, 부품공급 및 설비확충 시 호환성
,2025012110,4100078648,AI-ON 서비스 토큰 구매,2025-12-29 ~ 2026-12-31,58300000, GS 인증제품
,2025012120,4100078701,2026년 무정전전원공급장치 유지관리 용역(본사),2026-01-01 ~ 2026-06-30,6025800, 추정가격 2천만원 이하 물품 또는 용역
,2025012130,4100078712,2026년 도서관 운영시스템 하드웨어 유지관리 용역,2026-01-01 ~ 2026-12-31,2587200, 제조공급자가 설치 조립시
,2025012140,4100078706,2026년 무정전전원공급장치 유지관리 용역(용인DR센터),2026-01-01 ~ 2026-12-31,6600000, 추정가격 2천만원 이하 물품 또는 용역
,2025012150,4100078704,2026년도 방호과학화설비(CCTV) 유지보수용역,2026-01-01 ~ 2026-12-31,10560000, 추정가격 2천만원 이하 물품 또는 용역
R25BK01218133,2025012160,4100078558,2026년 TLG 모니터링 시스템 유지관리 용역,2026-01-01 ~ 2026-12-31,26136000, 제조공급자가 설치 조립시
R25BK01225797,2025012170,4100078594,한국석유공사 2026년도 통합커뮤니케이션(UC) 유지관리 용역,2026-01-01 ~ 2026-12-31,28670400, 제조공급자가 설치 조립시
R25BK01248425,2025012180,4100078715,2026년 뉴스저작물 통합이용 용역,2026-01-01 ~ 2026-12-31,71200000, 경쟁입찰을 실시했으나 입찰자가 1인뿐인 경우 수의계약(기재부장관 고시기간
