년,대만_물량,대만_금액,대만_단가,일본_물량,일본_금액,일본_단가,중국_물량,중국_금액,중국_단가,필리핀_물량,필리핀_금액,필리핀_단가,태국_물량,태국_금액,태국_단가,말레이시아_물량,말레이시아_금액,말레이시아_단가,싱가폴_물량,싱가폴_금액,싱가폴_단가,인도네시아_물량,인도네시아_금액,인도네시아_단가,방글라데시_물량,방글라데시_금액,방글라데시_단가,인도_물량,인도_금액,인도_단가,파키스탄_물량,파키스탄_금액,파키스탄_단가,스리랑카_물량,스리랑카_금액,스리랑카_단가,홍콩(중)_물량,홍콩(중)_금액,홍콩(중)_단가,브루나이_물량,브루나이_금액,브루나이_단가,괌(미)_물량,괌(미)_금액,괌(미)_단가,호주_물량,호주_금액,호주_단가,뉴질랜드_물량,뉴질랜드_금액,뉴질랜드_단가,북한_물량,북한_금액,북한_단가,베트남_물량,베트남_금액,베트남_단가,미얀마_물량,미얀마_금액,미얀마_단가,파푸아뉴기니_물량,파푸아뉴기니_금액,파푸아뉴기니_단가,피지_물량,피지_금액,피지_단가,러시아_물량,러시아_금액,러시아_단가,사모아_물량,사모아_금액,사모아_단가,카자흐스탄_물량,카자흐스탄_금액,카자흐스탄_단가,우즈베키스탄_물량,우즈베키스탄_금액,우즈베키스탄_단가,타히티(프)_물량,타히티(프)_금액,타히티(프)_단가,뉴칼레도니아_물량,뉴칼레도니아_금액,뉴칼레도니아_단가,디에고가르시아(영)_물량,디에고가르시아(영)_금액,디에고가르시아(영)_단가,마셜제도공화국_물량,마셜제도공화국_금액,마셜제도공화국_단가,나우르_물량,나우르_금액,나우르_단가,동티모르_물량,동티모르_금액,동티모르_단가,마카오_물량,마카오_금액,마카오_단가,미크로네시아_물량,미크로네시아_금액,미크로네시아_단가,몽골_물량,몽골_금액,몽골_단가,아시아(기타)_물량,아시아(기타)_금액,아시아(기타)_단가,몰디브_물량,몰디브_금액,몰디브_단가,팔라우_물량,팔라우_금액,팔라우_단가,솔로몬제도_물량,솔로몬제도_금액,솔로몬제도_단가,캄보디아_물량,캄보디아_금액,캄보디아_단가,네팔_물량,네팔_금액,네팔_단가,아메리칸사모아(미)_물량,아메리칸사모아(미)_금액,아메리칸사모아(미)_단가,튀니지_물량,튀니지_금액,튀니지_단가,알제리_물량,알제리_금액,알제리_단가,모리셔스_물량,모리셔스_금액,모리셔스_단가,이집트_물량,이집트_금액,이집트_단가,앙골라_물량,앙골라_금액,앙골라_단가,에티오피아_물량,에티오피아_금액,에티오피아_단가,카메룬_물량,카메룬_금액,카메룬_단가,케냐_물량,케냐_금액,케냐_단가,나이지리아_물량,나이지리아_금액,나이지리아_단가,남아프리카공화국_물량,남아프리카공화국_금액,남아프리카공화국_단가,모잠비크_물량,모잠비크_금액,모잠비크_단가,수단_물량,수단_금액,수단_단가,가나_물량,가나_금액,가나_단가,마다가스카르_물량,마다가스카르_금액,마다가스카르_단가,라이베리아_물량,라이베리아_금액,라이베리아_단가,모로코_물량,모로코_금액,모로코_단가,세네갈_물량,세네갈_금액,세네갈_단가,시에라리온_물량,시에라리온_금액,시에라리온_단가,탄자니아_물량,탄자니아_금액,탄자니아_단가,토고_물량,토고_금액,토고_단가,지부티_물량,지부티_금액,지부티_단가,잠비아_물량,잠비아_금액,잠비아_단가,캐나다_물량,캐나다_금액,캐나다_단가,미국_물량,미국_금액,미국_단가,멕시코_물량,멕시코_금액,멕시코_단가,베네수엘라_물량,베네수엘라_금액,베네수엘라_단가,브라질_물량,브라질_금액,브라질_단가,에콰도르_물량,에콰도르_금액,에콰도르_단가,페루_물량,페루_금액,페루_단가,아르헨티나_물량,아르헨티나_금액,아르헨티나_단가,콜롬비아_물량,콜롬비아_금액,콜롬비아_단가,푸에르토리코_물량,푸에르토리코_금액,푸에르토리코_단가,아루바_물량,아루바_금액,아루바_단가,바하마_물량,바하마_금액,바하마_단가,칠레_물량,칠레_금액,칠레_단가,파나마_물량,파나마_금액,파나마_단가,트리니다드토바고_물량,트리니다드토바고_금액,트리니다드토바고_단가,엘살바도르_물량,엘살바도르_금액,엘살바도르_단가,도미니카공화국_물량,도미니카공화국_금액,도미니카공화국_단가,안틸리스_물량,안틸리스_금액,안틸리스_단가,코스타리카_물량,코스타리카_금액,코스타리카_단가,과테말라_물량,과테말라_금액,과테말라_단가,니카라과_물량,니카라과_금액,니카라과_단가,파라과이_물량,파라과이_금액,파라과이_단가,이란_물량,이란_금액,이란_단가,이라크_물량,이라크_금액,이라크_단가,쿠웨이트_물량,쿠웨이트_금액,쿠웨이트_단가,바레인_물량,바레인_금액,바레인_단가,카타르_물량,카타르_금액,카타르_단가,아랍에미레이트_물량,아랍에미레이트_금액,아랍에미레이트_단가,사우디아라비아_물량,사우디아라비아_금액,사우디아라비아_단가,예멘_물량,예멘_금액,예멘_단가,오만_물량,오만_금액,오만_단가,중립지대_물량,중립지대_금액,중립지대_단가,튀르기예_물량,튀르기예_금액,튀르기예_단가,이스라엘_물량,이스라엘_금액,이스라엘_단가,아제르바이잔_물량,아제르바이잔_금액,아제르바이잔_단가,요르단_물량,요르단_금액,요르단_단가,조지아_물량,조지아_금액,조지아_단가,레바논_물량,레바논_금액,레바논_단가,노르웨이_물량,노르웨이_금액,노르웨이_단가,덴마크_물량,덴마크_금액,덴마크_단가,네덜란드_물량,네덜란드_금액,네덜란드_단가,프랑스_물량,프랑스_금액,프랑스_단가,그리스_물량,그리스_금액,그리스_단가,독일_물량,독일_금액,독일_단가,루마니아_물량,루마니아_금액,루마니아_단가,오스트리아_물량,오스트리아_금액,오스트리아_단가,이탈리아_물량,이탈리아_금액,이탈리아_단가,영국_물량,영국_금액,영국_단가,스페인_물량,스페인_금액,스페인_단가,몰타_물량,몰타_금액,몰타_단가,벨기에_물량,벨기에_금액,벨기에_단가,불가리아_물량,불가리아_금액,불가리아_단가,핀란드_물량,핀란드_금액,핀란드_단가,헝가리_물량,헝가리_금액,헝가리_단가,우크라이나_물량,우크라이나_금액,우크라이나_단가,슬로베니아_물량,슬로베니아_금액,슬로베니아_단가,키프로스_물량,키프로스_금액,키프로스_단가,세르비아_물량,세르비아_금액,세르비아_단가,스위스_물량,스위스_금액,스위스_단가,라트비아_물량,라트비아_금액,라트비아_단가,리투아니아_물량,리투아니아_금액,리투아니아_단가,폴란드_물량,폴란드_금액,폴란드_단가,스웨덴_물량,스웨덴_금액,스웨덴_단가,지브롤터_물량,지브롤터_금액,지브롤터_단가,아이슬랜드_물량,아이슬랜드_금액,아이슬랜드_단가
1992,42.85,905,21.11,25984,560400,21.57,6488,125196,19.3,3163,54551,17.25,12043,184067,15.28,457,8715,19.09,16431,250504,15.25,228,6260,27.46,,,,,,,,,,,,,9602,168209,17.52,,,,3164,57602,18.21,399,10232,25.65,,,,,,,1596,36975,23.17,,,,,,,,,,,,,,,,,,,,,,,,,,,,,,,,,,,,,,,,,,,,,,,,,,,,,,,,,,,,,,,,,,,,,,,,,,,,,,,,,,,,,,,,,,,,,,,,,,,,,,,,,,,,,,,,,,,,,,,,,,,,,,,,,,,,,,,,,,,6714,96074,14.31,,,,,,,,,,,,,,,,,,,,,,,,,,,,,,,,,,,,,,,,,,,,,,,,,,,,,,,,,,,,,,,,,,,,,,,,,,,,,,,,,,,,,,,,,,,,,,,,,,,,,,,,,,,,,,,,,,,,,,,,,529,5775,10.91,,,,,,,,,,,,,,,,,,,,,,,,,,,,,,,,,,,,,,,,,,,,,,,,,,,,,,,,,,,,,,,,,,
1993,1065,15961,14.99,20774,386065,18.58,17158,303690,17.7,3646,78581,21.55,5348,118299,22.12,864,20403,23.6,15599,211549,13.56,,,,,,,,,,,,,,,,11445,189312,16.54,,,,1471,20626,14.02,1309,14018,10.71,,,,,,,4435,101967,22.99,,,,,,,10,229,22.94,293,6804,23.24,,,,,,,,,,,,,,,,,,,,,,,,,,,,,,,,,,,,,,,,,,,,,,,,,,,,,,,,,,,,,,,,,,,,,,,,,,,,,,,,,,,,,,,,,,,,,,,,,,,,,,,,,,,,,,,,,,,,,,,,,,,,,,,14888,181019,12.16,,,,,,,,,,,,,,,,,,,,,,,,,,,,,,,,,,,,,,,,,,,,,,,,,,,,,,,,,,,,,,,,,,,,,,,,,,,,,,,248,2599,10.5,,,,,,,,,,,,,,,,,,,,,,,,,,,,,,,,,,,,,,,,,,,,,,,,,,,,,,,,,,,,,,,,,,,,,,,,,,,,,,,,,,,,,,,,,,,,,,,,,,,,,,,,,,,,
1994,3335,57776,17.32,23263,426972,18.35,14914,243806,16.35,5016,90413,18.02,4547,96114,21.14,1177,24847,21.12,12747,172747,13.55,,,,,,,,,,,,,,,,8079,145025,17.95,,,,1193,19243,16.13,1017,16845,16.57,,,,,,,3653,74503,20.39,,,,,,,,,,867,16216,18.7,1.24,30.8,24.84,,,,,,,,,,,,,,,,,,,,,,,,,,,,,,,,,,,,,,,,,,,,,,,,,,,,,,,,,,,,,,,,,,,,,,,,,,,,,,,,,,,,,,,,,,,,,,,,,,,,,,,,,,,,,,,,,,,,,,,,,,,,10137,124262,12.26,,,,,,,,,,,,,,,,,,,,,,,,,,,,,,,,,,,,,,,,,,,,,,,,,,,,,,,,,,,,,,,,,,,,,,,,,,,,,,,,,,,,,,,,,,,,,,,,,,,,,,,,,,,,,,,,,,,,,,,,,,,,,,,,,,,,,,,,,,,,,,,,,,,,,,,,,,,,,,,,,,,,,,,,,,,,,,,,,,,,,,,,,,,,,
1995,2463,43803,17.78,44102,878441,19.92,23533,435490,18.51,2183,39316,18.01,5076,109030,21.48,1501,32781,21.85,11206,165645,14.78,,,,,,,,,,,,,,,,14278,277301,19.42,,,,687,14761,21.48,2126,32701,15.38,,,,470,6196,13.19,2356,49731,21.11,,,,,,,,,,1748,34559,19.77,6.51,165,25.34,,,,,,,,,,,,,,,,,,,,,,,,,,,,,,,,,,,,,,,,,,,,,,,,,,,,,,,,,,,,,,,,,,,,,,,,,,,,,,,,,,,,,,,,,,,,,,,,,,,,,,,,,,,,,,,,,,,,,,,,,,,,8112,121835,15.02,,,,,,,,,,,,,,,,,,,,,,,,,,,,,,,,,,,,,,,,,,,,,,,,,,,,,,,,,,,,,,,,,,,,,,,,,,,,470,10077,21.45,,,,,,,,,,,,,,,,,,,,,,,,,,,,,,,,,,,,,,,,,,,,,,,,,,,,,,,,,,,,,,,,,,,,,,,,,,,,,,,,,,,,,,,,,,,,,,,,,,,,,,,,,,,,,,,
1996,3311,66288,20.02,70952,1674515,23.6,36789,782468,21.27,1105,24829,22.47,12303,332912,27.06,1557,43356,27.84,5897,121876,20.67,295,7838,26.61,,,,,,,,,,,,,13852,340916,24.61,,,,995,25251,25.39,76.27,1963,25.73,265,7688,29,607,10494,17.29,1282,31826,24.83,,,,,,,,,,925,18465,19.96,,,,,,,,,,,,,,,,,,,,,,,,,,,,,,,,,,,,,,,,,,,,,,,,,,,,,,,,,,,,,,,,,,,,,,,,,,,,,,,,,,,,,,,,,,,,,,,,,,,,,,,,,,,,,,,,,,,,,,,,,,,,,,,4669,90866,19.46,,,,,,,,,,,,,,,,,,,,,,,,,,,,,,,,,,,,,,,,,,,,,,,,,,,,,,,,,,,,,,,,,,,24.01,362,15.07,,,,,,,,,,,,,,,,,,,,,,,,,,,,,,,,,,,,,,,,,,,0.08,6.38,84.57,,,,8.68,244,28.11,,,,,,,,,,270,6999,25.91,,,,,,,,,,,,,,,,,,,,,,,,,,,,,,,,,,,,,,,,,,,,,,,,,,,,,,,,,
1997,8707,194722,22.36,67703,1637472,24.19,83781,1701655,20.31,3128,77037,24.62,9135,226746,24.82,1870,45129,24.14,3874,81400,21.01,5890,131931,22.4,,,,734,18727,25.52,,,,,,,25700,594541,23.13,,,,2251,50467,22.42,737,12663,17.19,172,4446,25.79,1493,24395,16.34,2432,56692,23.31,,,,,,,,,,2550,53289,20.89,,,,,,,,,,,,,,,,,,,,,,,,,,,,,,,,,,,,,,,,,,,,,,,,,,,,,,,,,,,,,,,,,,,217,4154,19.11,,,,,,,,,,,,,,,,11.41,420,36.76,,,,,,,,,,,,,,,,,,,,,,,,,,,,,,,,,,,,,259,7166,27.67,3645,88404,24.25,,,,,,,,,,,,,,,,314,6375,20.29,,,,,,,,,,,,,,,,,,,,,,,,,,,,,,,,,,,,,,,,,,,,,,,,,,,,,,,,,,214,5318,24.84,2310,56772,24.58,,,,,,,,,,,,,,,,,,,,,,,,,,,,,,,781,19721,25.26,9.37,287,30.58,,,,,,,,,,,,,,,,,,,,,,,,,,,,,,,,,,,,,,,,,,,,,,,,,,,,,,,4.6,145,31.5,,,,,,,,,,,,,,,
1998,19136,296910,15.52,70344,1139202,16.19,93596,1256297,13.42,10269,162157,15.79,440,7897,17.94,306,4816,15.73,24776,366161,14.78,6483,96579,14.9,,,,2388,42343,17.73,42.57,1468,34.49,,,,35836,538113,15.02,,,,4083,60695,14.87,1678,27018,16.1,,,,1236,16814,13.6,2197,31995,14.56,789,11745,14.88,,,,,,,1743,26301,15.09,,,,,,,,,,4.95,102,20.7,735,6939,9.45,,,,,,,,,,,,,,,,,,,,,,,,,,,,,,,,,,,,,,,,,,,,,,,,,,,,,,,,,,,,,,,,33.94,1153,33.98,,,,,,,,,,,,,,,,,,,,,,,,,,,,,,,,,,,,,,,,,,,867,14180,16.36,11014,178012,16.16,,,,,,,,,,,,,,,,295,4355,14.76,,,,,,,,,,,,,569,9305,16.36,2597,38352,14.77,,,,224,3562,15.91,,,,,,,,,,,,,,,,,,,,,,,,,,,,,,,,,,36.05,960,26.64,216,3994,18.46,,,,,,,,,,,,,,,,,,,,,,,,,,,,,,,1718,28231,16.44,823,13336,16.2,,,,,,,,,,,,,,,,,,,,,,,,,0.1,4.8,47.52,,,,,,,,,,,,,,,,,,,,,,,,,,,,,,,,,,,,,,,,,,,,,
1999,16949,327644,19.33,93941,1977665,21.05,85088,1385028,16.28,5953,125456,21.08,2048,43059,21.02,667,15274,22.89,21051,353056,16.77,5144,103611,20.14,,,,3940,87266,22.15,,,,,,,26569,493355,18.57,,,,2806,46965,16.74,2851,58882,20.65,954,14229,14.91,2614,40739,15.59,1759,30572,17.38,2188,39648,18.12,,,,,,,618,14658,23.71,,,,,,,,,,8.15,182,22.3,389,3382,8.69,,,,,,,,,,,,,,,,,,,,,,,,,,,,,,,,,,,,,,,,,,,,,,,,,,,,,,,,,,,,,,,,,,,,,,,,,,,,,,,,,,,,,,,,,,,,,,,,,,,,,,,,,,,,,1822,43081,23.65,10989,234990,21.38,,,,,,,,,,,,,528,13427,25.45,283,7407,26.18,,,,,,,,,,,,,227,3230,14.21,433,9137,21.08,,,,,,,,,,,,,,,,,,,,,,,,,231,3748,16.22,,,,,,,,,,,,,959,15886,16.57,,,,,,,,,,,,,,,,,,,,,,,,,,,,,,,625,11517,18.43,129,4158,32.14,565,13977,24.74,,,,,,,36.86,883,23.96,,,,22.05,587,26.64,,,,,,,,,,,,,,,,,,,,,,,,,,,,,,,,,,,,,,,,,,,,,,,,,,,,,,,,,
2000,14097,422921,30,113244,3596647,31.76,72406,1839339,25.4,7372,237391,32.2,547,18304,33.49,1233,40862,33.15,7741,256088,33.08,8244,293070,35.55,,,,4419,157927,35.73,,,,,,,32523,999916,30.74,,,,3140,107653,34.29,2943,84604,28.75,,,,473,13989,29.56,2396,67783,28.29,3279,102704,31.33,,,,,,,795,27752,34.92,,,,,,,,,,4.02,150,37.16,,,,309,11155,36.15,,,,,,,,,,,,,,,,,,,,,,,,,,,,,,,,,,,,,,,,,,,,,,,,,,,,,,,,,,,,,,,,,,,,,,,,,,,,,,,,,,,,,,,,,,,,,,,,,,,,,,,,,,1086,36232,33.35,18545,631636,34.06,,,,,,,850,33411,39.32,214,7577,35.38,464,13428,28.93,,,,,,,,,,,,,,,,634,19162,30.21,273,8210,30.1,,,,,,,,,,,,,,,,,,,,,,,,,,,,,,,,,,,,,,,,,,,,,,,,,,,,,,,,,,,,,,,,,,,,,,,,,,,,5572,191386,34.35,,,,,,,,,,202,6745,33.31,,,,,,,,,,,,,18.21,440,24.17,,,,,,,,,,,,,,,,,,,,,,,,,,,,,,,,,,,,,,,,,,,,,,,,
2001,5168,148370,28.71,110121,3022127,27.44,72808,1610023,22.11,5957,169226,28.41,206,9819,47.63,507,12470,24.62,17432,450816,25.86,13148,365697,27.81,,,,484,22133,45.68,,,,,,,26593,703306,26.45,,,,3223,97785,30.34,1891,47402,25.07,545,15248,27.96,158,3834,24.32,3985,104798,26.3,2972,83341,28.04,,,,,,,480,12174,25.37,38.07,787,20.67,,,,,,,2.79,94.5,33.93,,,,,,,,,,,,,,,,,,,,,,,,,24.84,706,28.42,,,,,,,,,,,,,,,,,,,,,,,,,,,,,,,,,,,,,,,,,,,,,,81.03,4482,55.31,,,,,,,,,,,,,,,,,,,,,,,,,,,,,,,,,,,,,,,,20038,597935,29.84,,,,,,,1952,53571,27.45,,,,483,11482,23.78,,,,,,,,,,,,,,,,1908,51630,27.06,,,,,,,,,,,,,,,,,,,,,,,,,,,,,,,,,,,,,,,,,,,,,,,,,,,,,,,,,,,,,,,,,,,,,,235,6439,27.44,,,,,,,4258,125903,29.57,121,7550,62.44,,,,,,,,,,,,,,,,,,,122,7206,58.89,,,,,,,69.14,3537,51.16,,,,,,,,,,,,,,,,,,,,,,,,,,,,,,,,,,,,,,,,,,
2002,4969,143878,28.96,88945,2415311,27.16,47052,1139792,24.22,7521,203477,27.06,1798,48608,27.03,72.95,2151,29.49,18252,498408,27.31,6606,182642,27.65,,,,947,32717,34.55,,,,,,,24175,654884,27.09,,,,1862,51778,27.81,1671,46841,28.04,866,24643,28.45,9.42,369,39.18,3824,104596,27.35,,,,283,8032,28.36,239,6567,27.51,78.19,2148,27.47,37.62,930,24.72,,,,,,,,,,,,,,,,,,,,,,,,,,,,,,,,,,,,,,,,,,,,,,,,,,,,,,,,,,,,,,,,,,,,,,,,,,,,,,,,,,,,,,,,,,,,,,,,,,,,,,,,,,,,,,,,,,,,,,,,,,,,21476,591478,27.54,,,,,,,2065,59458,28.79,238,6632,27.89,480,14464,30.15,,,,,,,,,,,,,,,,1602,48404,30.22,618,16955,27.44,,,,,,,,,,,,,,,,,,,,,,,,,,,,,,,,,,,,,,,,235,6092,25.94,,,,,,,,,,,,,,,,,,,,,,,,,,,,,,,165,9445,57.38,322,13002,40.38,2517,77887,30.95,10.38,306,29.48,,,,,,,,,,,,,,,,164,7275,44.28,,,,,,,,,,,,,,,,,,,,,,,,,,,,,,,,,,,,,,,,,,,,,,,,,,,
2003,1516,61496,40.57,81439,2669920,32.78,60405,1727177,28.59,4806,161658,33.64,610,19909,32.66,,,,15153,481787,31.79,649,23384,36.03,,,,1793,78565,43.81,,,,,,,15585,502217,32.22,,,,1184,37066,31.32,846,28296,33.43,1416,47146,33.3,9.37,438,46.72,2570,87810,34.17,,,,,,,31.24,1068,34.19,100.17,3806,38,,,,,,,,,,,,,,,,,,,,,,,,,,,,,,,,,,,,,,,,,,,,,,,,,,,,,,,,,,,,,,,,,,,493,14398,29.23,,,,,,,,,,,,,,,,182,8741,47.9,,,,,,,,,,,,,,,,,,,,,,,,,,,,,,,,,,,,,,,,13929,467402,33.56,,,,,,,,,,,,,442,15094,34.16,,,,,,,,,,,,,,,,4062,129610,31.91,,,,,,,,,,,,,,,,,,,,,,,,,,,,,,,,,,,,,,,,,,,,,,,,,,,,,,,,,,,,,,,,,,,,,,,,,,,,224,12610,56.32,,,,1349,45202,33.5,136,7947,58.42,,,,,,,,,,,,,,,,149,7690,51.66,,,,,,,,,,,,,,,,,,,,,,,,,,,,,,,,,,,,,,,,,,,,,,,,,,,
2004,3108,149617,48.14,73512,3306899,44.98,73728,2615979,35.48,9137,421978,46.18,349,16501,47.3,55.77,3514,63,11662,509121,43.66,1954,95356,48.79,,,,2015,101596,50.41,,,,,,,20259,949480,46.87,,,,695,32242,46.39,2339,110476,47.24,2524,116195,46.04,487,19720,40.53,6002,302721,50.44,,,,,,,,,,70.56,3838,54.4,70.39,2732,38.81,,,,,,,,,,,,,,,,,,,,,,,,,,,,,,,,,,,,,,,,,,,,,,,,,,,,,,,,,,,,,,,,,,,,,,,,,,,,,,,,,,350,19732,56.39,193,10336,53.54,,,,,,,,,,,,,,,,,,,,,,,,,,,,,,,,,,,,,21676,1099090,50.71,,,,,,,,,,1466,78233,53.36,910,50816,55.85,,,,,,,,,,,,,,,,1750,84089,48.05,200,10608,53,,,,,,,,,,,,,,,,131,6425,49.01,,,,,,,,,,,,,,,,,,,269,14720,54.68,,,,1.49,56.99,38.17,,,,,,,,,,,,,,,,,,,,,,,,,,,,,,,,,,269,17522,65.09,304,18080,59.47,,,,19.04,1221,64.12,,,,,,,,,,,,,,,,,,,,,,,,,,,,,,,,,,,,,,,,,,,,,,,,,,,,,,,,,,,,,,,
2005,2050,121424,59.22,64008,3717071,58.07,69998,3223237,46.05,5756,337542,58.64,363,19552,53.81,553,23583,42.66,18042,1123768,62.29,24735,1563434,63.21,,,,2897,197166,68.05,,,,,,,9993,630583,63.1,,,,3073,203695,66.29,4646,331822,71.43,829,51485,62.11,241,15293,63.45,6389,397215,62.17,,,,,,,,,,86.25,4663,54.06,132,9222,69.85,,,,,,,,,,,,,,,,,,,,,,,,,,,,,,,,,,,,,,,,,,,,,,,,,,,,,,,,,,,,,,,,,,,,,,,,,,,,,,,,,,472,34207,72.44,,,,,,,,,,,,,,,,,,,,,,,,,,,,,,,,,,,,,,,,30674,2147223,70,,,,,,,,,,799,53653,67.18,300,22850,76.17,,,,315,19891,63.17,225,14098,62.59,,,,,,,3500,238352,68.11,553,33682,60.93,,,,,,,,,,,,,,,,,,,,,,,,,,,,,,,,,,,,,,,,1133,67559,59.64,,,,,,,,,,270,18401,68.27,,,,,,,,,,,,,,,,,,,1580,116178,73.51,,,,2833,204136,72.07,3333,228858,68.67,1528,95893,62.74,,,,,,,,,,,,,,,,872,64538,74.02,236,16976,71.92,228,14626,64.11,,,,,,,,,,,,,,,,,,,,,,,,,,,,,,,,,,,,,,,,,,
2006,2362,181684,76.93,57839,4087048,70.66,86357,5090609,58.95,5610,432158,77.04,624,44864,71.84,2489,113379,45.55,20108,1483720,73.79,17124,1323122,77.27,,,,3987,356259,89.36,7.83,840,107,,,,13951,1058385,75.86,,,,4277,346651,81.05,8935,725317,81.18,1739,139512,80.25,76.56,6477,84.6,6739,520570,77.25,,,,,,,74.99,5730,76.41,136,10790,79.1,,,,,,,,,,,,,,,,,,,,,,,,,,,,,,,,,,,,,,,,,,,,,,,,,,,,,,,,,,,,,,,,,,,,,,,,,,,,,,,1244,97666,78.51,,,,3083,270956,87.89,,,,,,,,,,,,,,,,,,,,,,,,,,,,,,,,,,,,,,,,36631,3035026,82.85,,,,,,,,,,265,17895,67.6,289,20191,69.9,,,,,,,,,,,,,,,,6919,547858,79.18,384,27303,71.05,,,,,,,,,,,,,,,,,,,,,,,,,,,,,,,,,,,,,,,,41.77,4769,114,30.42,3909,129,,,,,,,,,,,,,,,,,,,,,,,,,,,,756,91162,121,34.84,2763,79.3,4597,372063,80.94,339,34429,102,,,,839,63387,75.54,,,,,,,,,,,,,69.69,6125,87.88,1032,72065,69.84,5.5,273,49.68,,,,,,,,,,,,,,,,,,,,,,,,,,,,,,,,,,,,,,,,,,
2007,1326,138316,104,45279,3662769,80.89,75164,5148489,68.5,7554,658981,87.24,86.55,6324,73.07,406,30016,73.95,39561,3306148,83.57,14129,1169430,82.77,948,76947,81.15,5112,484925,94.87,,,,,,,13871,1159408,83.59,,,,634,53895,85.04,3389,304705,89.92,600,46036,76.76,181,14369,79.18,11864,972115,81.94,,,,33.99,2821,83,46.77,3594,76.85,95.49,7842,82.12,99.57,8043,80.78,,,,,,,,,,,,,,,,,,,,,,,,,,,,,,,,,,,,,,,,,,,,,,,,,,,,,,,,,,,,,,,,,,,,,,,,,,,,,,,,,,1383,132095,95.51,,,,,,,,,,,,,,,,,,,,,,,,,,,,,,,,,,,,,,,,44105,3715151,84.23,310,27242,87.91,,,,,,,,,,,,,,,,,,,,,,,,,,,,21021,1853793,88.19,,,,,,,,,,,,,,,,,,,,,,,,,,,,36.58,4183,114,,,,,,,,,,,,,1470,133851,91.06,400,69611,174,,,,,,,,,,,,,,,,,,,,,,,,,,,,,,,,,,2041,166625,81.65,29.93,3934,131,,,,,,,,,,,,,,,,327,23684,72.48,,,,,,,446,41999,94.24,0.14,19.37,140,,,,,,,,,,,,,,,,,,,274,23228,84.62,,,,,,,,,,,,,,,,,,
2008,1165,118216,101,35807,3775756,105,72093,6879684,95.43,7205,779728,108,241,28549,118,344,29010,84.3,91358,10679497,117,16985,1969573,116,1382,135525,98.07,4954,624835,126,315,43803,139,282,23237,82.28,22965,2682192,117,,,,963,131259,136,8340,959079,115,1352,137312,102,493,66715,135,11267,1421019,126,,,,36.57,2616,71.52,102,13512,132,119,11960,100.1,,,,,,,,,,270,30370,113,,,,,,,,,,,,,,,,,,,,,,,,,,,,,,,,,,,,,,,,,,,,,,,,,330,44833,136,,,,,,,,,,,,,,,,,,,,,,631,89701,142,,,,,,,,,,,,,,,,,,,,,,,,,,,,,,,,,,,,,258,43166,167,14656,1785722,122,880,83645,95.03,,,,7399,879158,119,,,,570,36745,64.44,,,,,,,,,,,,,,,,12347,1511887,122,,,,,,,,,,,,,,,,,,,,,,,,,,,,23.39,2854,122,,,,,,,,,,225,26564,118,1547,245450,159,1159,154687,133,703,75115,107,275,9978,36.33,551,61061,111,,,,,,,,,,,,,,,,,,,,,,,,,7627,724733,95.03,1932,153879,79.64,,,,,,,,,,,,,0.89,177,199,1994,238799,120,1759,114650,65.17,,,,706,121746,172,,,,,,,,,,,,,,,,,,,,,,,,,,,,,,,,,,,,,,,,,,
2009,2001,147598,73.78,30398,1970658,64.83,67271,4145587,61.62,8393,608864,72.55,146,13913,95.52,708,46902,66.23,66180,4564823,68.98,16660,1182624,70.98,493,35431,71.82,5191,408063,78.61,28.75,2501,87,63.55,6301,99.15,23324,1614197,69.21,,,,468,30318,64.74,12968,945179,72.89,4002,280360,70.05,65.21,5070,77.74,9765,672852,68.91,,,,,,,,,,432,25372,58.79,,,,,,,,,,1842,129464,70.3,,,,,,,175,15045,86.21,,,,,,,,,,,,,,,,,,,,,,,,,,,,,,,,,,,,,,,,,,,,,,817,51854,63.5,728,37112,50.97,,,,,,,,,,866,51008,58.91,143,12277,85.9,,,,,,,,,,,,,,,,,,,,,,,,,,,,,,,,,,,,,,,,23949,1784452,74.51,260,20427,78.41,,,,5600,413573,73.85,,,,1513,122491,80.98,,,,,,,,,,,,,,,,9103,635156,69.78,585,44350,75.86,,,,,,,,,,,,,,,,838,66236,79.09,,,,,,,47.82,4022,84.12,,,,,,,,,,,,,909,55278,60.79,66.58,6445,96.8,,,,,,,,,,0.28,41.86,149,,,,,,,,,,,,,,,,,,,,,,33119,2289992,69.14,,,,,,,,,,,,,,,,,,,597,42579,71.27,260,12965,49.9,,,,795,58016,72.99,,,,1.42,128,90.7,,,,,,,,,,,,,,,,,,,,,,,,,,,,,,,,,,,,
2010,2483,238095,95.9,40607,3363482,82.83,76736,6330071,82.49,5889,519369,88.2,570,67387,118,1081,97759,90.42,40546,3572154,88.1,37429,3312681,88.51,3718,329970,88.75,3896,432556,111,604,55335,91.69,105,12836,122,19209,1724859,89.79,,,,234,21832,93.39,11204,1030976,92.02,2777,248434,89.47,71.53,6754,94.42,9158,803293,87.72,,,,304,28305,92.98,214,19523,91.19,286,21579,75.41,232,23534,101,,,,659,64113,97.32,1477,129196,87.48,141,11069,78.31,,,,173,15733,90.87,24.79,2035,82.06,,,,,,,,,,,,,,,,,,,,,,,,,,,,,,,,,,,,,,,,,,,3155,281827,89.34,982,83152,84.65,,,,,,,699,61446,87.91,513,48473,94.51,776,76959,99.17,,,,,,,,,,,,,,,,,,,,,,,,,,,,,,,,,,,,,260,24000,92.48,36674,3298358,89.94,1796,158324,88.15,,,,3405,309555,90.91,145,14023,96.72,635,54577,85.93,,,,,,,,,,,,,,,,11704,1045140,89.3,543,49485,91.08,,,,,,,,,,,,,,,,,,,,,,,,,22.52,2865,127,,,,,,,,,,11.41,1124,98.51,103,12297,119,31.72,3876,122,597,52768,88.35,,,,,,,,,,,,,,,,,,,,,,,,,,,,,,,13348,1208274,90.52,143,12725,88.84,,,,,,,,,,,,,,,,1545,137512,89.02,1317,115753,87.89,662,64411,97.34,732,93176,127,,,,,,,,,,1977,187801,94.97,,,,,,,,,,,,,,,,,,,,,,,,,,,,,,
2011,10831,1370385,127,65009,7407512,114,91910,10266516,112,9825,1214627,124,498,86219,173,2203,241175,109,60787,7533252,124,50953,6215702,122,1857,236320,127,6644,1056825,159,55.81,9469,170,40.87,5997,147,26152,3226311,123,,,,240,31466,131,11722,1492414,127,2036,253351,124,72.79,8768,120,8858,1076159,121,,,,,,,69.67,6954,99.82,337,34150,101,302,38874,129,,,,659,72282,110,1586,192763,122,151,16927,112,199,25576,128,,,,,,,,,,,,,,,,,,,,,,,,,,,,,,,,,,,,,,,,,,,,,,,,,,,,,,,,,,,,,285,36800,129,0.8,152,189,4640,584297,126,,,,14.02,2880,205,,,,,,,,,,,,,,,,,,,,,,,,,,,,,,,315,38859,123,16438,2060610,125,505,63130,125,,,,9484,1202361,127,0.87,182,209,,,,,,,,,,,,,,,,,,,1279,156522,122,584,73512,126,,,,,,,,,,,,,,,,,,,,,,,,,,,,,,,55.42,3846,69.39,,,,,,,197,34693,176,340,45301,133,,,,,,,,,,433,58773,136,,,,,,,,,,,,,,,,,,,,,,10224,1279196,125,4126,519902,126,,,,568,69899,123,,,,,,,,,,3296,414638,126,988,118426,120,1034,126720,123,236,35123,149,,,,,,,,,,,,,,,,,,,,,,63.41,5805,91.54,,,,,,,,,,,,,,,,,,
2012,17792,2253291,127,63515,7362125,116,84454,9600035,114,14801,1846393,125,858,132155,154,12795,1610066,126,68541,8505122,124,44650,5505036,123,2021,264179,131,4723,680617,144,61.2,9386,153,68.71,10940,159,28744,3489587,121,0.14,22.29,160,768,92896,121,24348,3081656,127,4504,555305,123,102,12136,119,9034,1126032,125,,,,82.89,10640,128,,,,1017,122247,120,,,,,,,,,,305,35900,118,1885,232835,123,,,,,,,,,,,,,,,,,,,,,,,,,,,,,,,,,,,,,,,,,,,,,,,,,,,,,,,,,,,,,,,,,,,,,,2453,324641,132,,,,30.67,5518,180,,,,,,,,,,,,,,,,,,,709,88431,125,,,,,,,,,,,,,20691,2714220,131,799,100251,126,,,,8155,1030656,126,,,,,,,,,,,,,,,,,,,,,,1270,166921,131,892,112579,126,,,,,,,,,,,,,,,,,,,,,,,,,,,,,,,,,,,,,56.56,6688,118,272,41603,153,1191,161024,135,,,,,,,,,,13.47,1997,148,,,,,,,,,,,,,,,,,,,,,,14413,1768674,123,,,,,,,,,,,,,149,18675,125,,,,1518,192809,127,,,,,,,1117,186619,167,,,,1619,198571,123,,,,,,,,,,,,,,,,234,30639,131,,,,,,,,,,,,,,,,,,
2013,21937,2609245,119,66583,7468863,112,76150,8244290,108,15150,1814129,120,1089,147405,135,17032,2033215,119,74383,8997113,121,27759,3347233,121,979,126742,129,3678,485864,132,45.27,6260,138,373,49647,133,14655,1750599,119,,,,1808,227154,126,27781,3398132,122,5157,624806,121,48.28,5878,122,6108,715997,117,0.12,12.07,97.5,,,,,,,,,,,,,,,,,,,1789,212381,119,,,,240,28204,117,0.88,85.7,97.5,,,,0.34,33.19,97.5,6.16,480,77.87,64.24,9091,142,,,,,,,,,,,,,,,,,,,,,,,,,,,,,,,,,,,,,3104,382140,123,,,,,,,,,,0.3,80.78,266,4745,600982,127,,,,,,,,,,765,94630,124,,,,,,,,,,,,,,,,,,,,,,,,,,,,27459,3385846,123,299,35226,118,,,,691,86784,126,527,65652,124,33.03,4656,141,0.28,43.6,154,,,,,,,,,,760,88388,116,1250,152068,122,481,58793,122,,,,,,,,,,,,,,,,489,63514,130,,,,,,,,,,,,,,,,,,,55.63,7789,140,218,31620,145,918,114315,125,315,35746,113,,,,,,,25.77,4204,163,,,,,,,,,,,,,,,,,,,,,,18128,2204902,122,3494,424084,121,,,,,,,,,,,,,,,,1461,176649,121,,,,,,,913,136348,149,,,,,,,1.74,287,165,,,,,,,,,,,,,,,,,,,,,,,,,,,,,,,,,
2014,15922,1737214,109,59756,6119703,102,69770,6905333,98.97,22007,2516364,114,1109,153046,138,8385,956405,114,96712,10924995,113,34434,3742289,109,59.01,6682,113,4844,630033,130,61.31,8766,143,67.17,9370,139,17774,1964002,110,66.85,6543,97.87,1952,223082,114,38323,4212411,110,7027,807978,115,80.8,9475,117,5679,657016,116,142,16387,115,871,98805,113,2575,270171,105,,,,384,34579,90.13,,,,,,,590,73288,124,959,99949,104,,,,,,,,,,,,,,,,252,33096,132,24.33,3318,136,,,,,,,,,,,,,,,,,,,,,,,,,,,,,,,719,66082,91.94,929,83682,90.06,12.38,1175,94.88,,,,0.4,79.2,197,1207,111690,92.53,70.05,9853,141,,,,,,,,,,,,,,,,,,,348,40754,117,,,,1617,177829,110,,,,,,,,,,808,84028,104,24933,2872301,115,314,38477,122,,,,844,107250,127,,,,,,,,,,,,,493,45563,92.36,735,83867,114,,,,338,40052,118,,,,18.92,3199,169,,,,,,,,,,,,,,,,,,,,,,,,,,,,,,,,,,65.67,8612,131,705,79402,113,72.62,10853,149,1009,121786,121,,,,,,,44.22,6533,148,,,,,,,1126,135704,120,,,,,,,,,,,,,19072,2200802,115,783,94318,121,1.17,138,118,,,,,,,,,,,,,1558,177523,114,64.55,5527,85.62,,,,870,126678,146,,,,,,,,,,,,,,,,,,,,,,,,,,,,,,,,,,,,,,,,,,
2015,18052,1057166,58.56,57206,3259173,56.97,72338,4109207,56.81,17541,1153790,65.78,1626,125614,77.24,24191,1487322,61.48,76807,4893893,63.72,30011,2016436,67.19,343,24530,71.45,4722,377360,79.92,15.68,1327,84.64,31.81,2921,91.84,19177,1238211,64.57,0.03,4.26,169,205,13497,65.95,58164,3837900,65.98,5828,389696,66.87,83.31,6406,76.89,4288,276498,64.49,0.6,88.83,147,1245,83259,66.86,4448,281362,63.26,27.32,2105,77.06,45.95,3782,82.3,,,,,,,461,28309,61.35,2661,172556,64.84,,,,,,,,,,12.33,942,76.34,,,,64.72,3604,55.69,65.33,3740,57.24,,,,0.4,60.33,150,,,,,,,,,,,,,,,,,,,,,,,,,37.31,3212,86.09,1264,77071,60.95,,,,,,,2.38,284,119,285,16807,58.92,49.28,4867,98.78,,,,,,,,,,,,,,,,0.29,27,93.04,1182,84995,71.93,,,,13.74,1377,100.19,150,8288,55.26,,,,,,,1.09,138,127,37627,2566833,68.22,533,34611,64.88,,,,113,12144,108,821,56848,69.21,927,49714,53.63,2.35,262,112,,,,,,,,,,,,,642,40408,62.9,2.87,303,106,1387,86597,62.42,,,,,,,,,,,,,1529,93079,60.86,,,,,,,,,,2.52,398,158,0.29,33.52,116,,,,49.42,4777,96.67,624,51818,83.1,3940,248373,63.03,1486,100500,67.65,,,,,,,62.69,6523,104,4.13,423,102,,,,,,,,,,,,,,,,,,,22559,1474730,65.37,29.13,2404,82.5,3.1,323,104,,,,,,,,,,0.3,28.92,96.61,530,29867,56.38,0.29,24.2,83.64,748,43194,57.71,930,91235,98.11,0.15,15.61,105,,,,2.78,250,89.98,,,,,,,,,,,,,,,,,,,,,,,,,,,,,,,,,
2016,31240,1573299,50.36,44158,2018271,45.71,91644,4005950,43.71,14187,745452,52.55,1544,109226,70.72,13962,718471,51.46,72525,3684534,50.8,13859,680976,49.14,58.99,4776,80.97,4127,278916,67.58,229,16880,73.64,166,13681,82.63,18052,889653,49.28,,,,1034,63733,61.61,51471,2746579,53.36,7803,409647,52.5,9.92,579,58.38,18109,1013673,55.98,0.83,63.92,77.44,266,13626,51.3,2801,132363,47.26,,,,,,,,,,,,,1288,66874,51.93,1266,66450,52.5,,,,,,,,,,16.83,1037,61.63,,,,533,26276,49.25,96.38,4212,43.7,,,,,,,105,6011,57.08,243,11376,46.79,,,,,,,,,,0.15,16.87,112,,,,,,,1576,84692,53.76,13431,670969,49.96,,,,,,,2.32,203,87.38,2913,150132,51.54,74.86,6175,82.49,,,,,,,,,,0.15,17.42,117,,,,0.87,82.96,95.02,,,,,,,23.64,2096,88.66,,,,,,,,,,1.65,208,126,37099,2011325,54.22,147,7562,51.44,,,,139,12775,91.64,12.28,1244,101,2404,130595,54.32,303,14362,47.46,1.44,160,111,,,,,,,,,,1959,113262,57.83,,,,1498,63754,42.57,,,,,,,,,,,,,921,48742,52.92,,,,,,,,,,,,,0.15,15.69,105,,,,49.16,4305,87.56,565,44637,79.02,2346,124274,52.97,734,24558,33.47,0.14,13.91,96.47,,,,46.88,4252,90.7,8.83,862,97.6,3.79,398,105,,,,,,,,,,,,,,,,22239,1133811,50.98,729,42360,58.09,2.2,211,96.29,,,,,,,163,9436,57.81,0.59,56.04,95.4,5921,308343,52.08,0.44,36.37,83.15,,,,1093,93221,85.26,1.77,166,94.02,0.1,8.55,84.89,,,,0.3,30.53,103,1.75,166,94.44,,,,,,,307,11205,36.5,,,,,,,,,,,,,,,,,,
2017,41300,2610989,63.22,46508,2763574,59.42,99174,5783852,58.32,21555,1403488,65.11,1937,165253,85.32,11571,737534,63.74,57239,3723500,65.05,13975,943997,67.55,47.46,4897,103,4780,400850,83.87,417,35645,85.56,91.37,9604,105,16964,1099520,64.81,,,,0.57,72.68,127,64171,4235499,66,6976,466890,66.93,,,,28258,1896481,67.11,1.89,190,100.4,,,,2532,160372,63.33,71.21,4678,65.7,,,,,,,,,,1485,98344,66.24,1265,78453,62,,,,52.02,3894,74.86,,,,3.27,244,74.88,,,,349,22367,64.16,,,,,,,0.2,26.98,134,53.68,3751,69.87,250,15758,63.12,1.38,181,131,,,,,,,,,,,,,,,,15.98,1695,106,20346,1312684,64.52,,,,,,,5.39,543,100.71,1249,78235,62.63,714,49886,69.82,,,,,,,,,,,,,,,,0.44,54.03,124,,,,,,,6.58,808,123,966,59738,61.87,,,,,,,0.96,122,126,39746,2663661,67.02,,,,,,,140,14491,103,1.42,154,108,1325,93209,70.37,7.83,830,106,0.2,30.96,154,,,,,,,,,,1645,114065,69.32,,,,,,,,,,,,,,,,,,,249,14617,58.65,,,,,,,0.2,18.2,90.46,,,,,,,,,,84.83,9718,115,4181,291570,69.74,73.38,7375,100.5,,,,,,,,,,33.19,3565,107,12.85,1077,83.77,,,,0.24,26.67,109,,,,,,,,,,,,,13164,809679,61.51,2718,166766,61.35,0.73,63.73,87.8,3.77,392,104,,,,,,,3.46,389,112,,,,,,,,,,1199,117618,98.07,0.89,80.34,90.58,,,,1.27,126,98.67,,,,,,,,,,,,,,,,,,,,,,,,,,,,,,,,,
2018,59531,5108297,85.81,63222,4780385,75.61,112879,8616667,76.34,24181,1988124,82.22,2983,268877,90.14,16886,1290152,76.4,48218,3825838,79.34,16566,1321626,79.78,97.85,11889,122,5744,573520,99.85,345,36678,106,206,21521,105,14344,1208219,84.23,,,,1674,142732,85.25,49490,4116687,83.18,10068,821066,81.55,,,,23226,1894355,81.56,4.99,453,90.83,28.3,2106,74.43,2283,191167,83.75,115,8489,74.08,,,,1.42,193,135,,,,,,,1378,117557,85.28,,,,,,,,,,0.1,4.8,48.47,,,,0.92,136,148,,,,,,,,,,138,11829,85.87,267,18180,68.16,,,,,,,,,,0.28,39.75,143,,,,,,,3373,273515,81.1,14134,1132088,80.1,,,,,,,11.25,1374,122,3359,295589,87.99,643,52915,82.27,,,,0.1,14.21,141,0.29,36.01,125,,,,,,,4.74,630,133,44.82,4424,98.72,1.36,206,151,9.81,1179,120,600,52121,86.88,,,,,,,1187,99659,83.97,34622,3017135,87.15,2656,203689,76.68,,,,56.27,6451,115,1104,87876,79.61,666,58351,87.59,,,,1.26,131,104,,,,,,,,,,2763,231370,83.74,,,,,,,,,,,,,,,,,,,,,,,,,0.15,22.43,149,,,,,,,,,,,,,47.17,5097,108,3626,297136,81.94,166,17189,104,,,,,,,,,,16.8,1989,118,21.26,2102,98.87,,,,,,,,,,1,122,122,,,,,,,4312,376628,87.35,1249,105497,84.44,1.83,228,124,3.68,384,104,,,,,,,42.67,3736,87.55,1536,133860,87.14,,,,,,,1249,140832,113,0.43,48.01,112,,,,1.29,146,113,,,,4.2,530,126,,,,,,,,,,,,,,,,,,,,,,,,,,,
2019,39514,2885333,73.02,59689,4034366,67.59,105065,7276188,69.25,25315,1853351,73.21,3236,243091,75.13,22155,1615399,72.91,51046,3761054,73.68,13505,966501,71.57,2016,156865,77.82,4012,341336,85.08,349,29824,85.39,110,9706,87.99,14443,1110223,76.87,29.55,1182,39.98,1252,97833,78.14,39251,2977197,75.85,8136,604964,74.35,,,,27168,2019386,74.33,4.28,426,99.48,,,,3470,259867,74.89,187,13597,72.89,,,,,,,,,,,,,361,26024,72.01,,,,,,,,,,,,,,,,0.82,107,131,199,14845,74.51,,,,,,,136,10312,75.73,542,40650,75.03,0.71,68.84,97.47,,,,,,,,,,,,,0.2,26.62,132,2619,199932,76.33,12059,902555,74.84,,,,,,,9.58,1100,115,634,48256,76.06,75.64,6891,91.11,3,303,100.99,,,,7.71,724,93.92,5.25,531,101,,,,5.48,594,108,,,,,,,138,13351,96.56,5775,442386,76.6,,,,,,,,,,47863,3739984,78.14,3814,257863,67.61,,,,411,31765,77.2,1541,105262,68.32,648,53354,82.37,,,,9.78,880,89.97,,,,,,,,,,962,77460,80.51,85.24,6175,72.44,749,58029,77.5,,,,4.89,425,86.76,,,,,,,,,,,,,,,,,,,0.6,57.67,96.3,0.4,58.42,145,,,,36.16,3364,93.04,4018,275682,68.61,285,25617,89.9,,,,,,,,,,28.49,2636,92.52,76.77,7437,96.87,,,,,,,6.36,623,97.96,,,,,,,,,,4060,324897,80.02,1558,118390,76,4.13,419,101,38.81,3740,96.37,,,,13.04,1411,108,55.5,4971,89.56,8245,629208,76.31,739,60917,82.38,3225,249211,77.27,919,96333,105,1.72,161,93.54,,,,8.1,891,110,,,,,,,0.29,25.02,87.3,,,,,,,,,,,,,,,,,,,,,,,,
2020,30383,1329311,43.75,56138,2662971,47.44,131074,6522330,49.76,16352,818836,50.08,2418,157212,65,22150,1057622,47.75,38288,1921629,50.19,6893,355825,51.62,630,30984,49.15,5581,376795,67.51,546,37230,68.17,412,24808,60.26,13395,556421,41.54,329,12556,38.14,940,43654,46.43,30551,1507944,49.36,9515,505842,53.16,,,,23202,1115594,48.08,2.59,207,79.98,,,,2494,119344,47.85,89.4,4016,44.92,130,5874,45.07,,,,,,,,,,,,,,,,120,5660,47.2,,,,0.1,15.44,153,,,,0.29,30.57,107,,,,,,,,,,45.86,1344,29.31,483,29211,60.44,0.14,14.32,101,,,,,,,,,,,,,,,,349,14542,41.71,12200,621769,50.96,,,,0.1,5.38,52.75,10.03,1024,102,451,19163,42.5,835,23948,28.68,321,9954,31.05,,,,14.21,1268,89.25,3.14,207,65.8,,,,1.99,217,109,,,,,,,69.28,6252,90.24,4576,212155,46.36,628,28033,44.62,,,,,,,41230,1935080,46.93,608,19534,32.1,4.31,359,83.31,133,12243,92.29,2531,110794,43.78,79.93,8951,112,,,,89.56,6444,71.96,,,,,,,,,,1108,58374,52.69,52.8,3595,68.09,,,,,,,2.85,238,83.54,1996,57517,28.82,,,,,,,,,,,,,,,,,,,1.43,109,76.06,,,,29.48,2454,83.24,461,28602,62.07,70.22,6057,86.26,,,,,,,,,,20.79,1418,68.21,231,14971,64.92,,,,0.1,9.91,96.37,10.13,796,78.53,2.27,196,86.11,,,,,,,3332,171794,51.56,,,,3.37,186,55.28,47.58,4753,99.89,,,,,,,61.6,4998,81.15,3418,169531,49.6,2.57,223,86.71,,,,1208,118704,98.23,0.86,81.82,95.14,,,,14.24,1369,96.11,,,,,,,,,,37.02,1797,48.55,,,,,,,,,,,,,,,,,,,,,
2021,17967,1408794,78.41,58655,4477401,76.33,94991,7052547,74.24,19209,1577727,82.13,1780,202171,114,22938,1869450,81.5,52979,4298174,81.13,7272,642983,88.42,1973,161679,81.93,6486,704735,109,361,47418,131,94.66,13353,141,10100,808420,80.04,,,,377,29031,76.95,44019,3539008,80.4,10052,778908,77.49,,,,12496,966652,77.35,1.16,143,124,157,13401,85.25,1829,148320,81.1,139,11856,85.55,,,,,,,,,,,,,,,,,,,,,,,,,0.2,29.56,147,,,,,,,,,,,,,,,,86.21,6516,75.59,0.1,17.38,173,,,,,,,,,,,,,,,,,,,,,,4493,325210,72.38,,,,543,40860,75.23,2.34,303,130,5267,405063,76.91,1578,125526,79.54,2,276,138,,,,3.72,525,141,,,,,,,1.56,259,166,,,,,,,81.9,11944,146,,,,,,,,,,,,,50703,4515148,89.05,1217,93797,77.04,,,,111,16106,145,4215,329996,78.28,1003,83293,83.08,,,,28.7,4144,144,,,,,,,,,,1919,163560,85.25,299,21906,73.17,,,,,,,,,,2411,183367,76.06,,,,917,74175,80.85,,,,,,,,,,787,68223,86.65,,,,,,,30.79,4875,158,1500,140808,93.85,545,57359,105,,,,,,,,,,50.2,7948,158,6.51,849,130,,,,,,,11.38,1018,89.47,,,,,,,,,,2754,210274,76.36,54.58,5176,94.83,9.85,717,72.87,33.83,5188,153,,,,,,,7.35,1374,187,595,45035,75.67,0.43,90.98,213,,,,1260,185046,147,,,,,,,1.57,233,148,,,,,,,,,,,,,,,,,,,,,,,,,,,,,,,,,
2022,6420,727237,113,47127,5084872,108,52758,4901850,92.91,34373,4370193,127,1874,262352,140,28957,3271680,113,59412,7086073,119,13734,1668846,122,7333,985291,134,6083,796515,131,423,60238,142,104,14393,139,7046,889859,126,,,,2480,335768,135,83188,10982297,132,16999,2171251,128,,,,28954,3637762,126,1.77,308,174,677,81650,121,2103,271525,129,,,,,,,,,,,,,,,,,,,,,,,,,,,,,,,,,,,,,,,,,,,,,,134,17162,128,0.14,25.58,177,156,13274,85.25,,,,,,,,,,0.45,109,245,,,,30.53,4766,156,14827,1966324,133,,,,1044,164002,157,1346,200558,149,2305,297666,129,2309,312251,135,,,,,,,3.96,564,143,,,,,,,1.29,274,213,,,,,,,929,109902,118,,,,,,,,,,285,34885,122,43339,6082827,140,1886,255453,135,,,,87.95,18401,209,2798,396138,142,33,5368,163,366,52857,144,65.21,11362,174,1.71,459,268,,,,,,,616,87207,142,315,35641,113,,,,,,,,,,,,,,,,315,39510,126,,,,,,,,,,1363,168189,123,,,,,,,56.66,9443,167,956,115963,121,344,51645,150,,,,,,,,,,93.03,17048,183,10.35,2044,198,,,,,,,7.96,1230,155,0.29,68.76,235,,,,,,,14675,1971936,134,1810,246162,136,7.42,1150,155,54.78,8459,154,0.29,43.02,147,,,,,,,1474,176049,119,0.57,87.74,154,644,79797,124,2123,350529,165,2.64,601,227,,,,,,,,,,,,,,,,,,,,,,0.89,198,222,,,,,,,,,,,,,,,
2023,7832,820717,105,53446,5105303,95.52,49993,3966997,79.35,28073,2844617,101,2340,275046,118,19211,1846846,96.13,60156,5619302,93.41,8719,868803,99.65,6313,647077,102,5762,716269,124,623,71017,114,409,50301,123,9435,969450,103,,,,1922,208376,108,96325,10182358,106,18064,1865042,103,,,,30304,3135934,103,10.7,1455,136,1119,119151,106,1729,189189,109,,,,,,,,,,,,,37.35,3758,100.62,,,,,,,,,,,,,,,,,,,261,26823,103,,,,,,,,,,45.51,4547,99.91,0.14,22.75,158,,,,,,,,,,,,,,,,,,,85.19,12669,149,12083,1257588,104,,,,262,29118,111,749,80141,107,155,17731,115,427,47538,111,,,,,,,13.68,1822,133,,,,1.82,110,60.58,,,,,,,,,,630,71272,113,465,45725,98.25,,,,,,,727,78563,108,47608,5545731,116,691,81285,118,5.83,829,142,52.39,8240,157,3387,359685,106,354,37691,106,324,32334,99.68,88.28,12070,137,,,,,,,,,,1607,182854,114,642,70205,109,,,,,,,,,,,,,314,32383,103,,,,,,,,,,,,,314,31108,98.98,10.79,1286,119,,,,21.06,2928,139,1229,145430,118,445,58373,131,,,,606,57517,94.93,,,,172,26309,153,6.33,877,138,,,,,,,4.3,560,130,0.71,94.35,133,,,,,,,12125,1239994,102,1444,149311,103,3.91,709,181,35.06,5290,151,1.47,199,135,,,,782,83135,106,1673,164008,98.03,42.84,7290,170,,,,1983,305412,154,4.59,956,208,38.44,3871,100.69,,,,,,,,,,,,,,,,9.35,2053,219,2.24,401,179,0.28,36.34,128,0.45,77.3,173,0.15,32.24,215,476,56898,120,,,
2024,12972,1165184,89.82,70457,6391783,90.72,44264,3390815,76.6,38455,3569140,92.81,1752,204747,117,25726,2353297,91.47,122774,11262900,91.74,16240,1572828,96.85,10641,1042496,97.97,12574,1499969,119.29,1531,164154,107.24,515,63411,123.07,15269,1408368,92.24,130,10547,81.32,1277,122768,96.14,90269,8676257,96.12,23809,2276776,95.63,,,,26206,2488201,94.95,2.19,294,135,369,36538,99.03,2012,192007,95.42,,,,,,,,,,,,,,,,,,,,,,,,,,,,,,,,,,,,,,,,,,,,,,0.29,45.31,157,0.1,19.06,189,,,,,,,,,,,,,,,,,,,,,,5867,551389,93.98,,,,,,,2.6,379,146,0.42,52.32,125,772,80207,104,,,,,,,10.49,1356,129,1.44,199,139,,,,,,,,,,,,,,,,,,,,,,3.7,421,114,2337,215103,92.06,49331,4964310,100.63,300,30724,102,3.27,447,137,172,19464,113,1734,170123,98.13,19.12,2407,126,6.21,973,157,80.6,8971,111,294,30228,103,,,,,,,4223,407635,96.53,1193,120578,101,,,,,,,0.42,74.35,177,,,,,,,,,,,,,,,,,,,,,,3.66,421,115,,,,86.34,11942,138,1960,209426,107,33.28,4504,135,,,,3558,306424,86.12,,,,148,19578,132,2.77,313,113,,,,,,,,,,0.29,31.17,108,,,,,,,1354,169432,125,314,32604,104,1.33,222,166,35.97,4692,130,0.29,37.58,128,,,,825,91324,110.68,1868,188412,100.88,45,7543,169.28,,,,4305,614919,142.84,5,956,208.21,38,3871,100.69,2.6,311,119,,,,,,,,,,,,,175,35629,203,,,,37.74,3772,99.96,,,,,,,2053,198031,96.46,0.2,38.43,191
2025,12560,1091602,86.91,59328,4893709,82.49,47657,3391420,71.16,40625,3425598,84.32,1079,133234,123.48,20922,1712142,81.83,68373,5550438,81.18,2974,276031,92.81,9133,776963,85.07,7784,825844,106.1,228,27784,121.86,442,44534,100.76,9578,815476,85.14,,,,3806,328207,86.23,83132,7187809,86.46,23662,2031268,85.85,,,,22004,1931343,87.77,4,526,131.5,1137,99857,87.82,2055,179765,87.48,,,,,,,,,,,,,426,36666,86.07,125,10734,85.87,,,,,,,,,,-,34,-,,,,-,73,-,,,,,,,,,,-,40,-,,,,-,51,-,-,71,-,-,20,-,,,,,,,,,,,,,6340,544144,85.83,,,,,,,3,386,128.67,6,929,154.83,99,10677,107.85,,,,,,,1,144,144,4,591,147.75,,,,,,,,,,,,,,,,,,,,,,5,574,114.8,769,63155,82.13,56334,5117651,90.84,315,24983,79.31,1,163,163,147,16062,109.27,301,27964,92.9,320,27929,87.28,1219,108742,89.21,16,1950,121.88,,,,,,,,,,5989,520842,86.97,101,9122,90.32,,,,45,3803,84.51,,,,,,,,,,208,17577,84.5,59,4970,84.24,1424,128948,90.55,,,,,,,,,,235,21005,89.38,718,67565,94.1,1181,136633,115.69,112,14626,130.59,,,,3204,257635,80.41,,,,23,2729,118.65,1,113,113,,,,,,,4,469,117.25,,,,,,,,,,5115,460669,90.06,692,59815,86.44,13,971,74.69,26,3123,120.12,-,45,-,,,,,,,1016,104961,103.31,-,54,-,,,,1634,190834,116.79,,,,,,,1,132,132,,,,,,,,,,,,,159,29062,182.78,,,,11,1310,119.09,4,467,116.75,,,,,,,,,
