상호명,지리정보체계(GIS) X좌표,지리정보체계(GIS) Y좌표
덕적주유소,236133,515597
현대오일뱅크 고잔주유소,286465,533493
상야주유소,292454.0584,553800.5674
CJ대한통운㈜ 인천주유소,278840.8228,541303.3049
CJ대한통운㈜ 항만주유소,277112.8,540470.6
(주)광역주유소 만석점,278381.6588,543687.1521
새천년주유소,279409.7,541413.6
삼미상사(주)부광셀프주유소,280015.3608,557860.3008
석암주유소,284658.8,540318.9
백년탑주유소,278386.3,539581.5
영진주유소,278626.8108,541627.0735
뉴코리아주유소,278571.7871,543246.56
동일석유(주)남동클린주유소,285293,532903
내리주유소,265780,518408.7
삼영주유소,281040.6433,543041.3412
삼신주유소,278594.7139,539592.6296
남동농협주유소,288189,537158
박문주유소,280901.3036,541544.9105
나라상사 스타주유소,280506.4,557154.1
통일주유소,281465.8167,540112.4386
장봉주유소,253926,549018
선재주유소,269703.3455,516355.686
한국주유소,278649.085,539443.8445
공성주유소,280272.0295,540508.7347
학익셀프주유소,282100,538624
구도일주유소,288144,543495
부광알뜰셀프주유소,278502.5,541638.9
제물포하이웨이주유소,282016.5562,541165.227
황금주유소,283019.3103,538191.2794
영종,272423.7,545132.2
영남주유소,282725,541013
공항주유소,260539.0866,537152.4048
북포주유소,106938.2527,600245.0095
탑self주유소,281412.6053,542326.2486
정해(주) 인천주유소,282354,539700
(주)오일네트워크 인천항훼미리,278577.7693,539563.0651
옹진주유소,111476.3,601844.6
(주)인천항주유소,278632.5208,539656.8261
(주)을왕주유소,256190.4239,540929.6584
(주)고속주유소,279038.8,539583.1
동양산업(주)사동주유소,278623.141,541543.8804
극동유화(주) 인천주유소,277597.5276,538309.1844
지에스칼텍스(주)국제공항터미널점,263993.0959,543835.8178
HD현대오일뱅크㈜직영 인천셀프주유소,282527.4835,542366.601
HD현대오일뱅크㈜직영 미추홀셀프주유소,283405.3421,539601.026
SK에너지(주) 해바라기,281684.1307,543368.237
SK에너지(주) 문학주유소,283898.9743,538157.4035
SK에너지(주) 남강,280124.6481,540583.3354
지에스칼텍스(주) 인천국제공항점,265325.5794,538711.115
현대오일뱅크㈜직영 신공항주유소,266649.5565,544622.2661
한국2주유소,278013.5207,539687.4451
동양산업(주)항동주유소,278167.832,539608.2531
송현주유소,280398.6146,543503.7679
신화상사(주)구도일주유소 신화제일,279572.4696,541083.039
내트럭(주)인천사업소,278369.148,537610.342
연평주유소,196720,564018
동성주유소 ㈜태평석유 직영,278862,539337
SK드림월드셀프주유소,279341.3,538366.4
SK행복가득주유소,280778,538747
SK KH에너지 북항주유소,280445.8765,543719.2021
HD현대오일뱅크(주) 하이웨이주유소,278074,539655
대박주유소,280902.7681,543153.801
한국3주유소,279620.2327,540889.1192
허브제1주유소,270107.2063,545819.6225
허브제2주유소,268004.3825,543667.3102
최고주유소,284400.8518,541187.9495
오일캠프주유소,278640,539348
갤러리주유소 (주)제이씨네트웍,278283.3152,543664.2259
(주)창조 청라주유소,280402.1871,543651.1639
백운주유소(주),270833.1,543736.1
하은상사주유소,270539.0029,560063.9953
경인터미널주유소 ㈜북서울에너지,281447,542964
무진에너지(주)스카이점,261289.9579,538955.244
영흥주유소,268925.0029,517588.9953
계현주유소,288492.2321,553429.9893
유항주유소,287690.5239,547106.3318
(주)거보주유소,285827.9481,547765.4846
하이웨이주유소,287130.2733,546199.9782
동양동주유소,291533.1216,551592.2455
㈜자연에너지 계양주유소,288000,547744
(주)보라미주유소,288507.8,553496.1
SK에너지 삼성셀프주유소,289812.18,546720.8196
백악관주유소,283950.0029,540387.9953
고개마루주유소,285166,545486
부개주유소,288460,543452
남동하이웨이주유소,286601.1975,539376.5426
동암주유소,285276,541698
굿모닝주유소,284576.7041,547492.9481
남항주유소,277742.4,539920.3
미담주유소,287327,548691
갈산셀프주유소,288158.2157,546998.5377
아크로셀프주유소,289939,542162
(주)자연에너지 한강주유소,283299.848,551091.9842
지에스칼텍스(주)신부평주유소,288647,546895
지에스칼텍스(주)부흥로주유소,288025,545347
지에스칼텍스(주)계산신도시주유소,290067.0566,548329.9473
서울석유(주) 태경주유소,290069.9563,547744.6875
(주)신진에너지 양정셀프주유소,290498.4465,547803.4415
박촌주유소,289346.6788,551257.2878
㈜소모 동양7주유소,289242.8638,543261.1941
믿음주유소,290209.9988,547790.239
십정주유소,284501,542259
유카스에너지 열우물주유소,285181.0029,542896.9953
수림주유소,288670,540864
제일주유소,287917.4821,544835.8544
(주)오일리오인천지점,289051,550436
부일주유소,287211.9064,544974.8789
동양산업(주)직영 효성주유소,286175.6,547465.9
임학주유소(셀프),288533,549740
동일석유(주)동일주유소,287365.8359,547815.4163
SK에너지㈜ 보보프라자주유소,289702.7789,542570.6124
서일석유(주) 갈현주유소,287103.3182,553430.2722
HD현대오일뱅크㈜직영 싸이클셀프주유소,289865.0517,543135.7465
이안주유소,289424.6836,543277.2385
SK에너지(주) 하나원주유소,288782.0748,547768.5993
SK에너지(주) 행복날개주유소,287262.6841,548538.2635
공단하이웨이주유소,287182.7007,546624.7357
산곡하이웨이주유소,286382.7693,545417.7956
HD현대오일뱅크㈜직영 유화셀프주유소,286945.044,547750.2169
SK에너지(주) 삼산주유소,288098.7125,546803.511
삼미상사(주)북인천주유소,287705,549735
(주)태보에너지 송내I.C주유소,289721,543081
삼미상사(주)하늘빛셀프주유소,292214.2725,553482.7076
SK KH에너지 에이원주유소,292386.4242,553827.6875
주식회사 인에너지,284819,542690
명품주유소,286620,549893
HD현대오일뱅크㈜직영 계양IC셀프주유소,289599.9415,550797.4544
영부에너지주유소,286028,547762
(주)백마에너지,285729.3498,545897.9082
㈜한국주유소,286186.4,542821.6
SK에너지 대양셀프주유소,289780.3679,546776.9108
현대오일뱅크㈜직영 송도셀프주유소,281571.8882,532154.0643
HD현대오일뱅크㈜직영 오주유소,290068,547796
장수셀프주유소,284872.0029,541706.9953
금경주유소,282347,544558
단봉주유소,280422,555897
미소주유소,280511,555895
은혜셀프주유소,284039,542984
㈜창조 신화주유소,285011.6,537644.8
만수광해주유소,288269.794,539235.3417
명보주유소,282742.8934,539339.0034
하이웨이주유소,286769.3764,538077.8532
도림SELF주유소,287426,535302
메트로 다솜주유소,287384,535318
송화주유소,281500.4,535421.8
아시아self주유소 인천점,280922,536495
송도신도시주유소,281649.9,533617.9
한사랑주유소,287214,539265
지에스칼텍스(주)청능대로주유소,286833,533843
구월아시아드주유소,286768.877,539113.5448
고미에너지딜리버리(주)인천지점,285076,541495
지에스칼텍스㈜ 논현신도시주유소,286088,533808
지에스칼텍스(주)오일주유소,286897,539872
동성제2셀프주유소,286274.1,533134
지에스칼텍스(주)송도국제도시주유소,280161.3604,532357.6018
보문연수주유소,283090.8685,535576.4961
(주)박문석유 구월주유소,284598.8,539475.1
연수하이웨이주유소,285277.6,538184.1
장안주유소,280396.7522,540978.6691
HD현대오일뱅크㈜직영 수인주유소,287027.2763,540599.3936
HD현대오일뱅크㈜직영 만수동셀프주유소,288036.4656,539981.4905
송도하이웨이주유소,281312.0173,537077.7244
HD현대오일뱅크㈜직영 공단1주유소,285595,535689
HD현대오일뱅크㈜직영 공단2주유소,284372.3497,533640.2591
SK KH에너지 문광주유소,285563.4,541377.4
신화상사(주)주원고개주유소,285119.0078,540878.3006
동윤주유소,286314.7432,533397.777
HD현대오일뱅크㈜직영 인천대교주유소,281722.0713,533566.3829
서일석유(주)남동서일주유소,287603,539234
서창IC주유소,289118,539403
좋은주유소,286218.7869,532660.9835
원천제3주유소,281571.3412,537017.8929
SK KH에너지 수림공원주유소,285186.0475,540878.6636
청라셀프주유소,280077.7499,551332.1678
(주)유카스에너지,289580,539328
지에스칼텍스(주)선학로주유소,285009,537249
선학현대주유소 ㈜그린에너지,284952.6429,537512.4744
(주)서해에너지,285052.394,537472.3881
(주)다솜에너지 다솜주유소,282300.4,539482.3
토마토주유소(오류점),287612.7204,554871.7034
서문안주유소,262952.9541,568132.4993
아름주유소,266998.01,570881.6157
세광주유소,266719.9,570505.2
양갑주유소,246080,575994
대동주유소,267269.3236,562459.289
교동주유소,248763.4374,576762.068
길상주유소,267109.0038,561024.9613
화도주유소,260624.4,560556.9
삼산주유소,252235.1909,568206.3034
(주)창조 삼보주유소,279972.329,558025.7474
㈜인창실업 스마트주유소,284000,544745
팔도셀프주유소,285473,544500
백마외포리주유소,257327.6,567889.4
태성주유소,271722,544634
정해주유소,286434.7614,539321.8015
SK큰나무셀프주우소,283508.0029,538185.9953
가나안주유소,257397.4595,557961.1018
창신주유소,285481.924,555610.7108
(주)오성주유소,260366.0334,540007.591
가좌금강주유소,283340.8111,543483.921
양도주유소,260795.9917,563564.7566
경기주유소,266515.7843,570291.1978
유림주유소,281812.8583,543955.2935
스카이주유소,281594,550916
두운주유소,266357,565472
해명주유소,253933.7417,564358.4372
현대주유소,285714,543985
대일석유일공주유소,281877.2281,544861.8707
우리주유소,282247.5875,544988.1587
선원부광주유소,266348.506,568884.7319
파란들주유소,281757.498,544208.8999
㈜한경에너지 우진주유소,282668,543933
고려산주유소,265009.6764,574342.8334
㈜가정셀프주유소,281013.0058,541330.9906
신현주유소,281926,547370
그린주유소,282478.0029,545857.9953
솔로몬주유소,283217,548372
금광주유소,267141,563827
태평주유소,283213,549529
(주)보문 가좌주유소,281977,543346
가좌IC주유소,283652.5944,542871.8555
점보주유소,283452,543525
태평양주유소,258011,572497
한국주유소,264846.9066,569038.6855
(주)광역주유소,283210.9762,554139.7509
(주)자연에너지 금곡주유소,280649.0029,556778.9953
성화주유소,284179.7273,550810.1992
(주)석산에너지 태양주유소,280781.566,546524.3841
미래주유소,280049.137,557621.3833
신인천주유소,283828.6665,550826.313
동일석유(주) 인천주유소,283344.0029,550889.9953
(주)재원에너지,283235.284,554383.721
마전주유소,283284.3728,555386.3913
금광주유소,282475.0029,545812.9953
성우셀프주유소,283562.1454,544710.8837
서광유업㈜청도3주유소,280793.1029,546462.5953
(주)명진제1주유소,281309.5043,550856.4775
문화주유소,281164.0091,544978.0515
SK에너지 논현제일셀프주유소,286046,533732
미래주유소,286554,549849.1
씨앤에스유통신도시 주유소,284679.9461,547745.2444
새현에너지(주),290079.6361,543012.6714
(주)화동오일뱅크,280373.1,546692.6
인천부릉부릉주유소,281792.9642,544976.1061
(주)삼일에너지,281290.8836,550927.6575
인하주유소,281852.4872,539433.6867
검단농협주유소,283132.6058,554782.9402
동우석유(주)우진주유소,280732.4656,545540.0483
HD현대오일뱅크㈜직영 보령주유소,283726.0562,550757.5443
(주)검단주유소,281897.1122,556265.3097
(주)서울에너지 서인천주유소,283313.2307,550377.9369
영종대교주유소(인천공항방향),277149.4401,551125.2982
KH에너지㈜직영 삼성주유소,263109.9684,568293.3247
SK에너지(주) 봉수대로주유소,281927,545703
대성산업(주) 인천주유소,283055,544803
대성산업(주)서인천주유소,284595,550787
한밭산업㈜ 청라주유소,280659,544248
(주)오일드림주유소,281527.3121,555139.1108
대명에너지 청도2주유소,281046.8029,543936.4953
(주)늘품오일 한길셀프주유소,284808,558266
HD현대오일뱅크㈜직영 북인천ic셀프주유소,280864,550717
(주)유성주유소,261320.2039,575643.7128
구도일 검단신도시주유소,282134.7039,556058.5246
(주)디오티디 인천랍스터주유소,280464.332,557253.6572
인주대로주유소,288047,539197
보문주유소,285249.9,540845.3
신향주유소,287096.1182,539331.3158
크로바주유소,280535.6565,536435.1784
농장주유소,287060.6332,541428.2906
에스제이에너지,284895,532297
HD현대오일뱅크㈜직영 광장셀프주유소,286035.118,536518.5687
SK KH에너지 청도1주유소,284219.3367,540040.1336
SK셀프서비스주유소,281005.1393,539178.6401
(주)중앙에너비스 남동공단지점,285115.2849,534718.3313
서일석유(주) 수정주유소,285812.2277,537480.4542
원천제2주유소,291432.6767,551263.4307
(주)한진 항동주유소,278610.37,539768.4809
(주)한진 인천터미널주유소,285275,538490
(주)정현에너지,288128.9425,547110.4109
엘림주유소,283331.0029,544881.9953
하점주유소,263056,575269
SK에너지(주) 드림파크주유소,281946.4,554803.4
현대주유소,288388.914,539686.9553
백운하이웨이주유소,285550.5676,544253.9107
씨앤에스유통(주) 청중로주유소,286110,546919
강화남부농협주유소,267254.2,560685.8
비전주유소,283704,541324
HD현대오일뱅크㈜직영 여울물셀프주유소,284540.197,542375.7152
SK KH에너지 아트샵가좌IC주유소,283404.8685,543078.8083
백령주유소,112139,601174
(주)태리 인천지점,283293.0814,549721.9379
우리주유소,284255,547504.6
공단주유소,281206.2907,543275.246
굿데이셀프주유소,288087.4303,546668.4818
청라에너지,282094.3922,549244.5205
현대오일뱅크㈜직영 영종셀프주유소,272688.6418,543982.7087
구도일주유소 청라국제도시,278782.4321,548400.3423
현대오일뱅크㈜직영 송도팰리스셀프주유소,278979.1219,533537.9148
(주)보문 북항IC주유소,280056.0687,545868.7532
그린에너지,289610.5567,550859.2352
송림주유소,280985.7858,543144.1686
서강화농협주유소,248857.3337,577279.5368
로드801 주식회사,281592.6207,533657.1575
온수주유소,266938.5202,559521.5341
HD현대오일뱅크㈜직영 가정셀프주유소,281947.6718,547765.2969
GS칼텍스(주)제2여객터미널점,260799.4732,543304.3328
대청주유소,110058.3622,586348.8407
자월주유소,251085.4968,517444.4227
선수촌주유소,286267.6326,538189.1074
HD현대오일뱅크㈜직영 논현주유소,288492.97,535123.8788
SK에너지㈜직영 스카이파크주유소,268033.7838,543373.0972
인천현대셀프 ㈜강남오일뱅크,282347.128,543389.5462
동일석유(주)행복드림주유소,290168.6865,536596.0048
SK에너지(주) 아라웨이주유소,277496.0829,552428.497
강화농협주유소,266926.6486,571662.1112
삼미상사(주)서창셀프주유소,290501.4211,536945.1598
서일석유(주)북항서일주유소,278870.047,545743.8833
검단신도시주유소,284624.1708,554622.0135
㈜명륜석유 청라국제도시주유소,278787.8494,549097.5469
삼미상사(주)남촌도림셀프주유소,287373.5827,536308.7282
금광주유소,279686.1577,558219.014
서강화농업협동조합 내가지점,257512.6715,568015.3872
