수출국 및 수입국(백만 톤),캐나다,멕시코,미국,중남미,유럽,러시아,독립국가연합(CIS) 지역,중동,아프리카,남태평양 제도,중국,인도,일본,싱가포르,기타 아시아 지역
캐나다 ,0,0,194.7094134,0.00000005016,8.256053003,0,0,0,0.000000002,0,16.32718683,0.108894295,0.080473002,0.16013,2.652702257
멕시코 ,0,0,19.08976808,0.05672531,8.922321,0,0,0,0,0,0.797655631,1.37130408,0,0,3.6931541
미국 ,19.05373827,0,0,10.84650388,91.84888037,0,0,0.00479503,6.924119248,1.111732606,2.286839591,17.60246086,4.270395296,4.315613,44.5079314
중남미,0.452115575,0,50.26466576,0,38.77277937,0,0,0.06776186,3.661895079,0.000393553,68.03825577,9.272398488,1.581058636,2.555511,10.21905495
유럽 ,0.196886444,0,2.968758527,0.057598224,0,0,0.000048291,0.129090994,0.397150854,0.00000687766,4.160263362,0.587312774,0,0.384905,1.321763938
러시아 ,0,0,0,0.462089055,28.45167252,0,14.296987,5.507534554,0.2755,0,100.7177277,84.85909408,0.075001442,0,1.833558507
독립국가연합(CIS) 지역,0,0,1.517189632,1.164884,78.79991625,0.035752791,0,4.975089127,0.725266281,0,3.958754383,0,0,0.196748,3.069129452
이라크 ,0,0,8.889495225,0.186002729,31.78857088,0,0.002141105,1.688187449,0.572205866,0,64.62495002,49.70323931,0,3.941297,17.74818556
쿠웨이트 ,0,0,0.699863574,0,0.0892,0,0,6.70070566,0.076574772,0,19.0216655,8.775080103,7.403204055,0.238651,33.76162289
사우디 ,2.824222846,0,13.40763984,3.472736408,32.415835,0,0,15.11218943,3.398997984,0,80.75931203,36.51018243,45.78294902,3.245452,89.31329865
아랍에미리트(UAE) ,0.000000858092,0,1.382264666,0,0.631522951,0,0,0.327424147,0.204604023,0.015852168,37.50901371,26.74964862,49.1284996,19.942885,58.54850198
기타 중동 지역 ,0.000000858092,0,0,0.697135087,0.843323,0,0.00035141,7.915203247,0,0.090408592,127.054613,4.726778825,6.020725345,7.512107,17.66226498
북아프리카 ,0.74740191,0,3.858390177,1.328512661,69.69235675,0,0.00000010981,0.068908626,0.276531019,0.296528039,1.565719875,4.57936353,0,0.053177,4.039464238
서아프리카 ,3.533339029,0,10.40572988,4.013804669,51.01912831,0,0,2.880543011,4.161994344,0.57701728,51.75064459,15.4975475,0,0.607688,16.81828965
기타 아프리카 지역 ,0,0,0,0.000000324,0.838544015,0,0,0.000257059,0.001896263,0,0.670465789,0.079659627,0.285437561,0.28222136,2.08915528
남태평양 제도,0,0,0,0,0,0,0,0.650697344,0,0,0.673928198,0,0.290592747,1.74683,5.69791884
중국 ,0,0,0,0.31775317,0,0,0,0,0.079220779,0,0,0,0,0.028991,0.693573078
인도 ,0.00000343237,0,0,0.0000371188,0.00067,0,0,0.133312,0.000000001,0.000002,0,0,0,0,0.00000215971
일본 ,0,0,0,0,0,0,0,0,0.00000001,0,0,0,0,0.000021,0.091927754
싱가포르 ,0,0,0,0,0.13722,0,0,0,0,0,0,0.224294632,0,0,0.0001311
기타 아시아 지역,0.000000021007,0,0,0,0.00876,0,0.001793323,0.717071004,0,6.296220936,1.260449454,1.602648511,0.383287874,1.7818,0
