년,휘발유_물량,휘발유_금액,휘발유_단가,등유_물량,등유_금액,등유_단가,경유_물량,경유_금액,경유_단가,경질중유_물량,경질중유_금액,경질중유_단가,벙커C유_물량,벙커C유_금액,벙커C유_단가,납사_물량,납사_금액,납사_단가,용제_물량,용제_금액,용제_단가,항공유_물량,항공유_금액,항공유_단가,LPG_물량,LPG_금액,LPG_단가,아스팔트_물량,아스팔트_금액,아스팔트_단가,윤활유_물량,윤활유_금액,윤활유_단가,기타제품_물량,기타제품_금액,기타제품_단가,부생연료유_물량,부생연료유_금액,부생연료유_단가
1992,119,4517,37.97,3.21,104,32.38,27124,692680,25.54,3.21,79.19,24.68,50705,672981,13.27,5430,111362,20.51,52.19,1120,21.47,7543,194494,25.78,655,11294,17.25,19.13,932,48.7,,,,,,,,,
1993,520,14429,27.73,5.41,181,33.48,35709,856208,23.98,,,,49693,564761,11.37,10328,178116,17.25,14.8,318,21.46,5576,134415,24.11,1336,20128,15.07,310,5316,17.13,,,,,,,,,
1994,437,10668,24.43,462,10948,23.7,32776,685446,20.91,,,,40082,507366,12.66,9148,159050,17.39,8.38,174,20.73,4698,102408,21.8,1338,19203,14.35,1045,15234,14.58,,,,,,,,,
1995,343,9318,27.17,561,13291,23.7,41781,906663,21.7,,,,39911,580870,14.55,21337,392564,18.4,,,,12295,279547,22.74,2911,53575,18.4,1260,19320,15.33,,,,,,,,,
1996,2436,57056,23.42,2910,88967,30.57,53446,1474333,27.59,1584,37337,23.57,41491,689431,16.62,30771,652532,21.21,,,,17878,506718,28.34,3511,71397,20.33,1635,24155,14.77,,,,,,,,,
1997,10031,249542,24.88,10247,258934,25.27,92943,2263632,24.36,791,15922,20.13,49451,782016,15.81,36942,877748,23.76,,,,18365,468467,25.51,4557,95911,21.05,3319,53930,16.25,715,29104,40.7,1204,21366,17.74,,,
1998,15253,270821,17.76,6942,120883,17.41,108590,1675668,15.43,,,,60240,661286,10.98,44848,719461,16.04,17.47,294,16.84,41583,672990,16.18,10484,159221,15.19,2861,36590,12.79,1331,42703,32.08,2339,30380,12.99,,,
1999,10799,245329,22.72,14966,354162,23.66,87969,1682911,19.13,,,,82375,1288039,15.64,46218,934070,20.21,28.01,615,21.97,30451,649381,21.33,13649,242349,17.76,2915,44842,15.39,1511,51027,33.77,2258,44797,19.84,,,
2000,14869,482163,32.43,19874,690045,34.72,96675,3196520,33.06,,,,72157,1747006,24.21,48849,1460308,29.89,8.21,270,32.86,37675,1310037,34.77,8131,215526,26.51,3184,73618,23.12,2571,117062,45.53,2301,54209,23.56,,,
2001,16166,460557,28.49,18006,555225,30.84,90440,2486126,27.49,,,,67011,1400819,20.9,51228,1338308,26.12,,,,39500,1152979,29.19,4820,121057,25.11,3366,72243,21.46,2541,129728,51.05,1931,32850,17.01,,,
2002,15525,431114,27.77,10205,305172,29.9,76235,2096032,27.49,,,,35025,816485,23.31,44943,1166133,25.95,,,,42006,1183368,28.17,2882,64634,22.42,7060,162179,22.97,3560,157507,44.24,1684,37326,22.17,,,
2003,13538,477388,35.26,13144,476468,36.25,60817,1969766,32.39,,,,45835,1248103,27.23,30970,976400,31.53,0.17,12.08,70.97,27658,890615,32.2,2894,81441,28.14,6695,190596,28.47,5736,281740,49.12,1791,47907,26.75,,,
2004,18323,870424,47.5,7693,358164,46.56,68038,3212559,47.22,,,,45539,1356073,29.78,31157,1349539,43.31,30.21,1407,46.57,45508,2229188,48.98,964,28220,29.29,7725,197253,25.53,8200,470570,57.39,2328,95498,41.02,,,
2005,14515,902123,62.15,4455,271515,60.95,85890,5563536,64.78,,,,56065,2361439,42.12,25793,1386538,53.76,0.2,19.37,96.61,54533,3788262,69.47,714,27685,38.76,9181,246627,26.86,9377,720547,76.84,2122,93836,44.21,,,
2006,19927,1478507,74.19,4763,387563,81.37,91520,7123415,77.83,,,,58266,2921707,50.14,27991,1776592,63.47,,,,62399,5113298,81.95,762,36800,48.27,10250,445329,43.45,10439,1187861,114,2752,129492,47.05,,,
2007,15336,1324483,86.36,1250,122058,97.68,102974,8746240,84.94,,,,42699,2639165,61.81,29423,2276788,77.38,,,,72350,6211472,85.85,532,26304,49.43,13009,579313,44.53,12413,1414188,114,2086,106371,51,,,
2008,30911,2895182,93.66,2396,263340,110,130936,15931492,122,33.49,3978,119,35174,2785183,79.18,22915,2080625,90.8,,,,76869,9442464,123,372,26187,70.37,15651,932592,59.59,15895,2453077,154,2468,136753,55.41,144,16085,112
2009,40187,2831451,70.46,5425,390615,72,125474,8700347,69.34,,,,25394,1506764,59.33,26569,1636371,61.59,7.9,687,87.03,69819,4860440,69.61,126,6116,48.73,15854,856149,54,18258,1634094,89.5,3379,116180,34.38,419,31662,75.54
2010,39338,3479287,88.45,6462,600464,92.93,130761,11754622,89.89,,,,25565,1889765,73.92,32111,2578550,80.3,,,,71449,6383709,89.35,911,54565,59.91,18531,1411654,76.18,12992,1533970,118,3346,181988,54.39,319,30877,96.94
2011,53519,6328430,118,8960,1168256,130,159181,19969585,125,40.34,4698,116,34173,3500258,102,35386,3669046,104,217,32726,151,81239,10238945,126,905,65564,72.48,14297,1249595,87.4,13394,2211247,165,6754,609739,90.28,272,36841,135
2012,63492,7685560,121,7582,985534,130,176464,22366233,127,,,,28083,2974512,106,33287,3414196,103,419,58437,139,91539,11569519,126,1785,148399,83.13,14171,1397807,98.64,15323,2356373,154,8406,722276,85.93,345,46090,134
2013,64013,7523154,118,6685,887214,133,163759,20122182,123,7.51,887,118,22041,2261507,103,39552,4063575,103,952,131009,138,89534,10957079,122,857,66621,77.7,18113,1747571,96.48,14493,1999517,138,8898,690053,77.55,385,51246,133
2014,73327,7975559,109,4438,477394,108,174142,19640530,113,322,33329,103,13051,1264169,96.87,35363,3386785,95.77,1177,154895,132,93840,10656896,114,1348,105365,78.16,22972,1958250,85.25,17877,2430646,136,10528,848607,80.6,437,55948,128
2015,79293,5298409,66.82,3769,253819,67.34,171999,10904146,63.4,567,26061,46,10081,503622,49.96,47839,2591520,54.17,1206,94538,78.38,107272,6972668,65,1243,55606,44.73,26887,1387041,51.59,16087,1421826,88.38,10864,530739,48.85,317,25288,79.71
2016,76258,4111308,53.91,2065,111345,53.93,175032,8887957,50.78,485,19361,39.89,12509,535688,42.82,49763,2178495,43.78,1170,80330,68.63,111378,5876542,52.76,1867,63730,34.13,28478,841454,29.55,15232,1198360,78.68,12961,502176,38.75,518,33564,64.83
2017,82217,5530157,67.26,5227,370355,70.85,176154,11518630,65.39,362,19742,54.61,15824,889879,56.23,44194,2396122,54.22,1758,141703,80.59,121203,7849958,64.77,2413,105389,43.67,29689,1362524,45.89,16886,1602235,94.88,12675,676099,53.34,510,39005,76.48
2018,87895,6976892,79.38,6530,549066,84.08,190712,16142431,84.64,175,13199,75.59,25872,1870992,72.32,43564,2985172,68.52,1412,139827,99.01,115417,9872808,85.54,4942,249405,50.47,24008,1408260,58.66,18664,1969933,106,12074,810635,67.14,299,25911,86.73
2019,87872,6214884,70.73,4171,320591,76.85,195231,15145076,77.58,225,16617,73.97,16928,1092758,64.55,47382,2734996,57.72,1260,123707,98.17,114850,8869914,77.23,5807,235882,40.62,20808,1288878,61.94,15915,1446116,90.87,11311,615073,54.38,338,27871,82.53
2020,74147,3564977,48.08,6397,326489,51.04,200099,10210605,51.03,195,9783,50.07,12648,511262,40.42,36680,1538660,41.95,2018,132270,65.53,82248,3659765,44.5,6044,215917,35.73,19785,938788,47.45,17421,1335775,76.68,10429,435957,41.8,418,22735,54.39
2021,98370,7988702,81.21,7878,603748,76.64,180871,14077541,77.83,339,29534,87.04,7885,606218,76.88,31203,2227762,71.4,1383,131005,94.76,65465,4929870,75.31,3256,178864,54.94,14978,953967,63.69,23321,3388751,145,11007,754693,68.57,605,46845,77.49
2022,100335,11318736,113,5014,567863,113,203530,27017438,133,31.37,4355,139,12485,1282986,103,33944,2855512,84.12,1102,152277,138,85772,11094003,129,703,43835,62.38,13811,1107185,80.17,25412,4340577,171,14620,1126711,77.07,260,26615,102
2023,101997,9871513,96.78,3993,425494,107,196509,20574520,105,28.49,3394,119,5507,452118,82.1,39861,2879781,72.25,1209,142577,118,92805,9762273,105,609,31515,51.78,12200,894738,73.34,24607,3937842,160,14448,882641,61.09,630,60381,95.89
2024,114973,10454851,90.93,7792,754804,96.87,204713,19315934,94.36,32.63,2919,89.46,4231,365306,86.35,40478,3131970,77.37,1120,131144,117,92872,8946219,96.33,609,33016,54.2,8904,625720,70.27,24161,3267154,135,13962,840824,60.22,398,41003,103
2025,109107,8862082,81.22,6902,634285,91.9,205394,17780412,86.57,63,5867,93.13,10690,801603,74.99,34236,2353078,68.73,1715,178923,104.33,90353,7865046,87.05,2042,99861,48.9,11559,754002,65.23,23537,2939698,124.9,12186,787447,64.62,1241,98311,79.22
