년도,원유수입(천배럴),연간처리량(천배럴),월평균 처리량(천배럴),일평균 처리량(천배럴),증감률(퍼센트),정제능력(천BPSD),가동률(퍼센트)
1993,560563,543969,45331,1490,6.53,1675,88.97
1994,573024,560866,46739,1537,3.11,1700,90.39
1995,624945,631078,52590,1729,12.52,1818,95.1
1996,721927,720846,60070,1975,14.22,2438,81.01
1997,873415,871974,72664,2389,20.97,2438,97.99
1998,819094,825890,68824,2263,-5.29,2438,92.81
1999,874090,872742,72728,2391,5.67,2438,98.08
2000,893943,890304,74192,2439,2.01,2438,100.05
2001,859367,860115,71676,2356,-3.39,2438,96.66
2002,790992,786805,65567,2156,-8.52,2438,88.42
2003,804809,782951,65246,2145,-0.49,2438,87.98
2004,825790,826551,68879,2265,5.57,2735,82.8
2005,843203,852439,71037,2335,3.13,2735,85.39
2006,888794,878395,73200,2407,3.04,2735,87.99
2007,872541,882117,73510,2417,0.42,2765,87.41
2008,864872,865663,72139,2372,-1.87,2785,85.16
2009,835085,838475,69873,2297,-3.14,2835,81.03
2010,872415,872247,72687,2390,4.03,2845,84
2011,927044,924441,77037,2533,5.98,2934,86.32
2012,947292,945162,78764,2589,2.24,2949,87.81
2013,915075,906674,75556,2484,-4.07,2949,84.23
2014,927524,918345,76529,2516,1.29,3009,83.62
2015,1026107,1016157,84680,2784,10.65,3059,91.01
2016,1078119,1071731,89311,2936,5.47,3064,95.83
2017,1118167,1117376,93115,3061,4.26,3105,98.59
2018,1116281,1106266,92189,3031,-0.99,3204,94.6
2019,1071923,1064210,88684,2916,-3.8,3204,91
2020,980259,980379,81698,2686,-7.88,3204,84
2021,960147,961382,80115,2634,-1.94,3204,82.21
2022,1031283,1026121,85510,2811,6.73,3204,87.74
2023,1005770,1006628,83886,2758,-1.9,3204,86.08
2024,1029398,1027501,85625,2815,2.07,3204,87.86
2025,1028444,1026217,85518,2812,-0.11,3204,87.77
