년,휘발유_물량,휘발유_금액,휘발유_단가,등유_물량,등유_금액,등유_단가,경유_물량,경유_금액,경유_단가,경질중유_물량,경질중유_금액,경질중유_단가,벙커C유_물량,벙커C유_금액,벙커C유_단가,납사_물량,납사_금액,납사_단가,항공유_물량,항공유_금액,항공유_단가,LPG_물량,LPG_금액,LPG_단가,아스팔트_물량,아스팔트_금액,아스팔트_단가,윤활유_물량,윤활유_금액,윤활유_단가,기타제품_물량,기타제품_금액,기타제품_단가
1992,,,,8986,243722,27.12,5781,147166,25.46,,,,34271,532421,15.54,47948,1055184,22.01,,,,39631,593997,14.99,395,9300,23.55,,,,,,
1993,,,,16016,427542,26.7,11226,285211,25.41,,,,32624,496320,15.21,62414,1178950,18.89,,,,45479,601209,13.22,,,,,,,,,
1994,,,,17087,416775,24.39,17435,386100,22.14,,,,35486,524995,14.79,72167,1224093,16.96,,,,48595,599705,12.34,18.44,388,21.05,,,,,,
1995,,,,23361,584251,25.01,32190,746144,23.18,,,,24824,411053,16.56,71837,1358205,18.91,115,3548,30.79,53101,895500,16.86,,,,,,,,,
1996,,,,27679,880679,31.82,18540,529453,28.56,,,,29143,553830,19,80204,1749269,21.81,4408,132694,30.1,55149,1017177,18.44,,,,,,,,,
1997,,,,15769,468886,29.73,3134,81658,26.06,,,,26757,525729,19.65,79326,1885222,23.77,3582,110826,30.94,57230,1252026,21.88,,,,14.22,563,39.58,,,
1998,215,4190,19.46,5103,110754,21.7,2198,36581,16.65,,,,12926,184925,14.31,105100,1781860,16.95,1210,26558,21.95,49144,715587,14.56,,,,,,,,,
1999,390,9193,23.59,2687,67809,25.23,2311,55030,23.81,,,,16497,266079,16.13,101119,1981365,19.59,3828,76478,19.98,57659,1035835,17.96,,,,,,,,,
2000,740,26321,35.55,6870,255490,37.19,2818,102578,36.4,,,,25107,683213,27.21,111283,3403348,30.58,1696,63539,37.47,55763,1466017,26.29,24.19,608,25.15,,,,,,
2001,2108,62951,29.87,5310,166736,31.4,6681,205038,30.69,,,,22318,553857,24.82,119738,3252152,27.16,339,9600,28.35,48062,1220612,25.4,201,5040,25.04,23.67,1238,52.28,,,
2002,4032,122628,30.41,6917,206440,29.85,12928,378676,29.29,28.05,1038,37.03,23672,572192,24.17,121912,3086983,25.32,2781,75809,27.26,56216,1244283,22.13,57.18,1576,27.56,13.94,746,53.5,,,
2003,2061,70160,34.04,6624,248264,37.48,11141,378482,33.97,69.98,2627,37.54,13759,414759,30.14,131981,4126765,31.27,3459,131644,38.05,50801,1337207,26.32,,,,,,,,,
2004,1218,56586,46.45,1710,78123,45.69,4290,190516,44.41,3.14,152,48.19,8282,275308,33.24,131368,5555964,42.29,215,9238,42.93,47884,1500258,31.33,140,3957,28.36,,,,,,
2005,78.17,4015,51.36,360,23298,64.63,1912,123363,64.54,,,,4021,178302,44.34,123292,6527994,52.95,1.07,143,133,49689,1938391,39.01,,,,,,,,,
2006,,,,259,19719,76.05,1582,133187,84.2,,,,8737,470968,53.9,126964,8120590,63.96,2.73,469,172,54003,2540947,47.05,,,,,,,,,
2007,,,,514,42128,81.93,765,60087,78.49,,,,5910,322948,54.65,143766,10645222,74.05,2.21,263,119,58172,3081825,52.98,,,,,,,,,
2008,,,,379,40275,106,369,46447,126,,,,7192,644250,89.57,153381,15355327,100.11,251,18861,75,63041,4725731,74.96,,,,,,,,,
2009,,,,67.58,4817,71.28,836,51634,61.77,30.05,1622,53.97,19828,1050715,52.99,180840,10638354,58.83,2.48,315,127,66190,3043971,45.99,,,,382,30782,80.63,,,
2010,,,,331,33907,103,758,70868,93.48,,,,17478,1295351,74.11,188600,15166944,80.42,5.59,820,147,69629,4306981,61.86,,,,,,,,,
2011,,,,417,54066,130,950,123939,130,,,,15392,1580639,103,188507,19648644,104,15.87,2188,138,73940,5663249,76.59,,,,,,,,,
2012,83.95,10052,120,211,27125,128,4897,624334,127,,,,27264,2975775,109,207444,21930379,106,18.33,2559,140,70008,5573496,79.61,,,,,,,,,
2013,1718,214110,125,97.83,12392,127,8597,1093990,127,,,,44281,4486866,101,208297,21445070,103,17.49,3228,185,65968,5097746,77.28,,,,,,,,,
2014,,,,133,16699,126,5152,631273,123,,,,52006,4966995,95.51,205726,20939788,102,6.27,1106,176,63533,4855640,76.43,,,,42.74,7865,184,,,
2015,387,33219,85.91,10.67,1333,125,267,20126,75.43,,,,46737,2242318,47.98,197617,11022933,55.78,4.14,623,150,62712,2629607,41.93,31.11,1722,55.34,104,14154,136,,,
2016,1391,89259,64.15,17.78,848,47.67,198,10987,55.39,,,,47228,1793155,37.97,202224,8916953,44.09,6.54,971,148,83271,2569062,30.85,,,,24.07,2716,113,,,
2017,1127,74832,66.39,36.57,2297,62.79,236,16207,68.8,,,,40091,2189603,54.62,199632,10811939,54.16,3.07,476,155,73279,3009929,41.07,,,,,,,,,
2018,174,16098,92.42,0.71,44.23,62.5,237,20523,86.61,,,,42915,3034134,70.7,218814,15445074,70.59,2.6,454,175,79325,3807479,48,64.89,3419,52.69,11.21,1183,106,,,
2019,130,13031,100,35.31,2927,82.88,138,11007,79.98,,,,31585,2105798,66.67,226088,13217098,58.46,3.32,539,162,94093,3527235,37.49,,,,34.57,3701,107,,,
2020,0.14,72.4,506,80.25,3030,37.76,19.05,744,39.03,,,,29626,1508187,50.91,215878,9782879,45.32,4.78,721,151,101165,3295985,32.58,430,18454,42.89,165,13365,81.21,,,
2021,299,25107,84.02,216,16929,78.48,0.11,11.57,104,,,,37239,2591656,69.6,253313,18016852,71.12,5.39,980,182,96898,5242106,54.1,3353,234076,69.82,993,140474,142,,,
2022,85.51,12896,151,37.72,3427,90.85,300,34025,113,,,,20800,1917214,92.17,236608,20986621,88.7,2.47,549,223,107072,7083592,66.16,551,46378,84.13,1605,262462,164,,,
2023,804,97035,121,22.01,2521,115,,,,,,,31512,2610704,82.85,239951,17625175,73.45,304,37055,122,98402,5836904,59.32,53.91,4292,79.61,968,158021,163,37.83,3088,81.63
2024,383,40071,105,18.13,2077,115,,,,,,,41830,3401275,81.31,246692,18912870,76.67,14.32,4649,325,103903,5442182,52.38,70.27,5061,72.03,786,121772,155,65.09,4497,69.08
