기간,전국,SK에너지,GS칼텍스,HD현대오일뱅크,S-OIL,자영알뜰,EX알뜰,NH알뜰,자가상표
2022-04-30,1804.4,1919.21,1846.65,1859.17,1726.2,1714.13,1667.18,1716.06,1642.92
2022-05-31,1783.97,1898.01,1808.5,1839.86,1708.09,1681.95,1605.11,1697.79,1658.54
2022-06-30,1750.81,1830.92,1794.04,1798.19,1686.12,1662.9,1584.04,1675.52,1632.63
2022-07-31,1739.83,1808.95,1779.49,1793.96,1673.38,1642.45,1578.61,1665.06,1628.04
2022-08-31,1730.69,1811.94,1771.75,1783.5,1656.96,1623.88,1571.23,1650.61,1630.55
2022-09-30,1722.65,1813.21,1768.83,1769.44,1647.08,1605.56,1562.81,1642.98,1605.76
2022-10-31,1711.52,1810.89,1749.45,1756.73,1632.96,1592.49,1551.21,1637.91,1590.92
2022-11-30,1706.1,1823.26,1739.6,1747.79,1618.61,1578.25,1545.64,1638.04,1586.56
2022-12-31,1700.67,1824.85,1731.86,1741.8,1608.11,1563.58,1542.49,1635.71,1573.57
2023-01-31,1695.23,1818.03,1738.54,1732.29,1598.04,1552.67,1532.89,1635.25,1565.47
2023-02-28,1689.31,1810.19,1748.95,1720.95,1586.71,1539.61,1519.73,1631.3,1569.43
2023-03-31,1679.21,1806,1738.76,1701.79,1575.68,1531.91,1513.55,1629.73,1563.76
2023-04-30,1669.49,1803.56,1737.54,1684.33,1563.42,1517.81,1492.98,1617.83,1563.19
2023-05-31,1659.19,1784.17,1734.74,1675.79,1552.62,1507.87,1473.81,1604.91,1568.4
2023-06-30,1650.55,1771.16,1735.98,1666.71,1544.1,1500.63,1449.42,1585.09,1571.89
2023-07-31,1635.44,1761.02,1724.12,1648.79,1527.91,1486.56,1406.05,1563.39,1589.79
2023-08-31,1626.35,1755.34,1713.92,1635.82,1514.81,1487.24,1386.9,1567.77,1561.83
2023-09-30,1625.03,1731.65,1697.83,1640.9,1538.51,1513.29,1388.66,1536.49,1526.02
2023-10-31,1633.34,1728.26,1702.1,1661.43,1555.58,1532.08,1385.99,1502.01,1521.7
2023-11-30,1625.16,1724.51,1700.29,1650.91,1540.99,1522.21,1379.26,1498.37,1487.12
2023-12-31,1648.21,1760.75,1728.15,1669.88,1564.16,1540.26,1372.39,1479.21,1600.6
2024-01-31,1644.29,1744.1,1715.91,1674.53,1571.97,1545.52,1371.87,1451.37,1619.67
2024-02-28,1639.49,1737.72,1714.56,1667.79,1565.47,1542.52,1367.46,1455.85,1604.05
2024-03-31,1630.7,1727.23,1711.83,1656.58,1555.57,1532.33,1362.37,1453.07,1561.54
2024-04-30,1628.45,1728.33,1708.59,1656.5,1547.02,1522.75,1357.69,1459.79,1541.18
2024-05-31,1621.8,1728.05,1700.96,1649.81,1536.04,1512.62,1358.29,1454.07,1522.59
2024-06-30,1613.71,1725.37,1689.42,1640.88,1522.19,1499.56,1358.69,1457.85,1524.89
2024-07-31,1608.32,1727.21,1679.71,1631.31,1516.05,1497.54,1356.06,1454.21,1527.02
2024-08-31,1601.51,1720.27,1666.68,1626.86,1509.80,1487.54,1350.28,1454.73,1504.52
2024-09-30,1592.32,1709.51,1651.93,1622.45,1502.78,1474.25,1340.78,1447.51,1457.86
2024-10-31,1585.23,1695.91,1646.51,1613.48,1498.92,1464.50,1343.62,1444.98,1441.83
2024-11-30,1579.14,1685.20,1637.03,1607.80,1495.39,1465.66,1344.23,1443.48,1426.04
2024-12-31,1575.31,1680.75,1633.52,1602.46,1491.68,1463.29,1342.72,1448.79,1399.40
2025-01-31,1574.20,1677.53,1635.98,1600.15,1491.21,1465.68,1340.36,1455.99,1357.84
2025-02-28,1573.66,1677.44,1635.27,1598.80,1490.52,1466.42,1335.77,1463.04,1351.68
2025-03-31,1569.66,1673.17,1640.48,1594.20,1479.83,1462.71,1332.86,1466.60,1323.69
2025-04-30,1565.74,1671.25,1633.37,1591.35,1474.31,1452.76,1331.00,1471.09,1316.90
2025-05-31,1555.05,1655.58,1608.29,1585.85,1472.06,1445.83,1326.34,1461.61,1326.90
2025-06-30,1539.21,1632.60,1572.29,1583.27,1465.10,1425.44,1322.15,1435.64,1339.10
2025-07-31,1533.10,1625.86,1566.17,1578.37,1461.80,1403.46,1316.58,1426.62,1342.02
2025-08-31,1530.80,1634.19,1561.88,1573.48,1457.50,1396.05,1311.25,1422.65,1305.17
2025-09-30,1528.94,1631.13,1560.46,1572.69,1455.66,1390.51,1311.33,1419.90,1301.90
2025-10-31,1527.09,1627.39,1560.45,1571.48,1453.40,1388.93,1307.03,1418.31,1308.90
2025-11-30,1525.68,1626.79,1558.70,1568.78,1450.67,1396.92,1306.94,1419.68,1293.88
2025-12-31,1523.60,1625.80,1556.76,1566.38,1447.23,1397.28,1305.37,1422.34,1273.28
2026-01-31,1522.02,1625.33,1553.25,1566.10,1445.79,1395.88,1303.70,1422.52,1263.33
2026-02-28,1516.69,1619.38,1548.43,1561.91,1441.66,1382.92,1299.63,1419.36,1255.68
2026-03-31,1522.74,1626.08,1551.96,1567.86,1450.05,1391.27,1294.92,1417.22,1309.58
2026-04-30,1584.33,1684.46,1614.45,1624.96,1529.76,1464.13,1319.55,1437.50,1419.07
2026-05-31,1617.79,1723.13,1651.32,1647.56,1568.12,1488.54,1380.22,1463.21,1439.11
2026-06-30,1619.88,1731.05,1652.89,1640.86,1574.68,1487.47,1384.35,1468.73,1405.06
