파일명,원본인코딩,처리,원본크기,변환크기,검증
LPG집단공급사업자_제품별_평균판매가격.csv,CP949,변환,86,110,OK
LPG집단공급사업자_회사별_평균판매가격.csv,CP949,변환,104,142,OK
LPG집단사업소_지역별_평균판매가격.csv,CP949,변환,243,291,OK
LPG충전소_제품별_평균판매가격.csv,CP949,변환,71,90,OK
LPG충전소_지역별_평균판매가격.csv,CP949,변환,398,448,OK
LPG충전소_회사별_평균판매가격.csv,CP949,변환,131,172,OK
LPG판매소_제품별_평균판매가격.csv,CP949,변환,71,90,OK
LPG판매소_지역별_평균판매가격.csv,CP949,변환,398,448,OK
LPG판매소_회사별_평균판매가격.csv,CP949,변환,995,1263,OK
과거_판매가격(주유소)20260918-20260918.csv,CP949,변환,1359005,1662078,OK
대리점_평균판매가격.csv,CP949,변환,245,285,OK
자동차충전소_상표별_평균판매가격.csv,CP949,변환,158,188,OK
자동차충전소_제품별_평균판매가격.csv,CP949,변환,85,107,OK
자동차충전소_지역별_평균판매가격.csv,CP949,변환,253,299,OK
전자상거래.csv,CP949,변환,85,111,OK
정유사_월간판매가격_제품별.csv,CP949,변환,717,803,OK
정유사_월간판매가격_회사별.csv,CP949,변환,525,586,OK
정유사_주간공급가격_제품별.csv,CP949,변환,371,435,OK
정유사_주간공급가격_회사별.csv,CP949,변환,217,254,OK
정제능력(정유사별).csv,UTF-8-BOM,복사(이미 UTF-8 BOM),1068,1068,OK
주유소_상표별_면세유평균판매가격.csv,CP949,변환,250,291,OK
주유소_상표별_평균판매가격.csv,CP949,변환,407,466,OK
주유소_제품별_면세유평균판매가격.csv,CP949,변환,142,170,OK
주유소_지역별_면세유평균판매가격.csv,CP949,변환,476,524,OK
주유소_지역별_평균판매가격.csv,CP949,변환,662,721,OK
주유소_평균판매가격_제품별.csv,CP949,변환,178,213,OK
주유소_형태별_평균판매가격.csv,CP949,변환,404,452,OK
한국석유공사_국내 석유비축시설 및 비축물량_20251231.csv,CP949,변환,471,508,OK
한국석유공사_국내 석유비축일수_20251231.csv,CP949,변환,359,380,OK
한국석유공사_국내 석유제품 산업별 소비현황_20251231.csv,CP949,변환,4159,4253,OK
한국석유공사_국내 석유제품 생산 현황_20251231.csv,CP949,변환,3060,3108,OK
한국석유공사_국내 석유제품 제품별 소비현황_20251231.csv,CP949,변환,2832,2882,OK
한국석유공사_국내 석유제품 지역별 소비현황_20251231.csv,CP949,변환,3127,3165,OK
한국석유공사_국내 원유수입_국가별_20251231.csv,CP949,변환,23701,24521,OK
한국석유공사_국내 원유수입_유질별_20251231.csv,CP949,변환,3008,3081,OK
한국석유공사_국내석유제품재고_20251231.csv,CP949,변환,2422,2470,OK
한국석유공사_대전 석유제품 소비량_20251231.csv,CP949,변환,23087,25300,OK
한국석유공사_비축지사 주소_20230830.csv,CP949,변환,364,502,OK
한국석유공사_상표권 보유 현황_20260610.csv,CP949,변환,979,1204,OK
한국석유공사_석유 정제가동율 현황_20251231.csv,CP949,변환,1706,1761,OK
한국석유공사_석유제품수입_국가별_20241231.csv,CP949,변환,28637,30072,OK
한국석유공사_석유제품수입_제품별_20241231.csv,CP949,변환,5264,5424,OK
한국석유공사_석유제품수출_국가별_20251231.csv,CP949,변환,38467,40706,OK
한국석유공사_석유제품수출_제품별_20251231.csv,CP949,변환,7931,8124,OK
한국석유공사_세계 석유제품 수출입 물량_20250710.csv,CP949,변환,2753,2906,OK
한국석유공사_세계 원유 수출입 물량_20250710.csv,CP949,변환,2753,2906,OK
한국석유공사_세계석유 공급현황(주요국별 석유 매장량)_20250710.csv,CP949,변환,452,535,OK
한국석유공사_세계석유 공급현황(주요국별 석유 생산량)_20250710.csv,CP949,변환,461,543,OK
한국석유공사_세계석유 공급현황(지역별 석유 매장량)_20250804.csv,CP949,변환,1174,1338,OK
한국석유공사_세계석유 수요현황(세계 석유소비량 추이)_20250804.csv,CP949,변환,833,936,OK
한국석유공사_세계석유 수요현황(주요국 일인당 석유소비량)_20250710.csv,CP949,변환,582,670,OK
한국석유공사_수의계약업체_20251231.csv,UTF-8-BOM,복사(이미 UTF-8 BOM),25536,25536,OK
한국석유공사_수의계약정보공개_20251231.csv,UTF-8-BOM,복사(이미 UTF-8 BOM),45953,45953,OK
한국석유공사_알뜰주유소 현황_20251231.csv,CP949,변환,85116,118105,OK
한국석유공사_에너지 사용량_20241231.csv,CP949,변환,264,317,OK
한국석유공사_온실가스 감축실적_20241231.csv,CP949,변환,158,178,OK
한국석유공사_용수 사용량_20241231.csv,CP949,변환,200,228,OK
한국석유공사_유통단계별 석유제품 소비 비율_20251231.csv,CP949,변환,394,511,OK
한국석유공사_인천지역 경유 가격 현황_20260430.csv,UTF-8-BOM,복사(이미 UTF-8 BOM),27245,27245,OK
한국석유공사_인천지역 등유 가격 현황_20260430.csv,UTF-8-BOM,복사(이미 UTF-8 BOM),12529,12529,OK
한국석유공사_인천지역 주유소 위치 현황_20240530.csv,CP949,변환,13173,15871,OK
한국석유공사_인천지역 휘발유 가격 현황_20260430 (1).csv,UTF-8-BOM,복사(이미 UTF-8 BOM),27245,27245,OK
한국석유공사_저공해 자동차 구매임차 현황_20251231.csv,CP949,변환,160,188,OK
한국석유공사_저공해 자동차 보유현황_20251231.csv,CP949,변환,168,196,OK
한국석유공사_제주 석유제품 소비량_20251231.csv,CP949,변환,81553,83905,OK
한국석유공사_제주 석유제품 연간 소비량_20251231.csv,CP949,변환,10587,12893,OK
한국석유공사_주유소 요소수 평균판매가격_상표별_20260630.csv,CP949,변환,4343,4374,OK
한국석유공사_주유소 요소수 평균판매가격_지역별_20260630.csv,CP949,변환,7962,8003,OK
한국석유공사_지역별 자동차충전소 개수_20230830.csv,CP949,변환,479,536,OK
한국석유공사_지역별 주유소 수_20251231.csv,CP949,변환,388,437,OK
한국석유공사_지역별 직영 주유소 비율_20220329.csv,CP949,변환,388,436,OK
한국석유공사_폐기물 발생량_20250708.csv,CP949,변환,189,226,OK
한국석유공사_행정처분공표통계_20210805.csv,CP949,변환,308,368,OK
