파일명,확장자,인코딩,파일명NFC,크기(bytes),중복의심
LPG집단공급사업자_제품별_평균판매가격.csv,.csv,CP949,NFD(정규화필요),86,
LPG집단공급사업자_회사별_평균판매가격.csv,.csv,CP949,NFD(정규화필요),104,
LPG집단사업소_지역별_평균판매가격.csv,.csv,CP949,NFD(정규화필요),243,
LPG충전소_제품별_평균판매가격.csv,.csv,CP949,NFD(정규화필요),71,
LPG충전소_지역별_평균판매가격.csv,.csv,CP949,NFD(정규화필요),398,
LPG충전소_회사별_평균판매가격.csv,.csv,CP949,NFD(정규화필요),131,
LPG판매소_제품별_평균판매가격.csv,.csv,CP949,NFD(정규화필요),71,
LPG판매소_지역별_평균판매가격.csv,.csv,CP949,NFD(정규화필요),398,
LPG판매소_회사별_평균판매가격.csv,.csv,CP949,NFD(정규화필요),995,
과거_판매가격(주유소)20260918-20260918.csv,.csv,CP949,NFD(정규화필요),1359005,
대리점_평균판매가격.csv,.csv,CP949,NFD(정규화필요),245,
세금변동추이.xls,.xls,(binary .xls),NFD(정규화필요),4398,
월간국내유가동향_26년8월(1).pdf,.pdf,(binary .pdf),NFD(정규화필요),401141,Y
자동차충전소_상표별_평균판매가격.csv,.csv,CP949,NFD(정규화필요),158,
자동차충전소_제품별_평균판매가격.csv,.csv,CP949,NFD(정규화필요),85,
자동차충전소_지역별_평균판매가격.csv,.csv,CP949,NFD(정규화필요),253,
전자상거래.csv,.csv,CP949,NFD(정규화필요),85,
정유사_월간판매가격_제품별.csv,.csv,CP949,NFD(정규화필요),717,
정유사_월간판매가격_회사별.csv,.csv,CP949,NFD(정규화필요),525,
정유사_주간공급가격_제품별.csv,.csv,CP949,NFD(정규화필요),371,
정유사_주간공급가격_회사별.csv,.csv,CP949,NFD(정규화필요),217,
정제능력(정유사별).csv,.csv,UTF-8-BOM,NFD(정규화필요),1068,
주간국내유가동향_9월_1주(1).pdf,.pdf,(binary .pdf),NFD(정규화필요),357081,Y
주간국내유가동향_9월_2주(1).pdf,.pdf,(binary .pdf),NFD(정규화필요),342576,Y
주유소_상표별_면세유평균판매가격.csv,.csv,CP949,NFD(정규화필요),250,
주유소_상표별_평균판매가격.csv,.csv,CP949,NFD(정규화필요),407,
주유소_제품별_면세유평균판매가격.csv,.csv,CP949,NFD(정규화필요),142,
주유소_지역별_면세유평균판매가격.csv,.csv,CP949,NFD(정규화필요),476,
주유소_지역별_평균판매가격.csv,.csv,CP949,NFD(정규화필요),662,
주유소_평균판매가격_제품별.csv,.csv,CP949,NFD(정규화필요),178,
주유소_형태별_평균판매가격.csv,.csv,CP949,NFD(정규화필요),404,
지속가능경영보고서 25년_한국석유공사.pdf,.pdf,(binary .pdf),NFD(정규화필요),18350443,
한국석유공사_국내 석유비축시설 및 비축물량_20251231.csv,.csv,CP949,NFD(정규화필요),471,
한국석유공사_국내 석유비축일수_20251231.csv,.csv,CP949,NFD(정규화필요),359,
한국석유공사_국내 석유제품 산업별 소비현황_20251231.csv,.csv,CP949,NFD(정규화필요),4159,
한국석유공사_국내 석유제품 생산 현황_20251231.csv,.csv,CP949,NFD(정규화필요),3060,
한국석유공사_국내 석유제품 제품별 소비현황_20251231.csv,.csv,CP949,NFD(정규화필요),2832,
한국석유공사_국내 석유제품 지역별 소비현황_20251231.csv,.csv,CP949,NFD(정규화필요),3127,
한국석유공사_국내 원유수입_국가별_20251231.csv,.csv,CP949,NFD(정규화필요),23701,
한국석유공사_국내 원유수입_유질별_20251231.csv,.csv,CP949,NFD(정규화필요),3008,
한국석유공사_국내석유제품재고_20251231.csv,.csv,CP949,NFD(정규화필요),2422,
한국석유공사_대전 석유제품 소비량_20251231.csv,.csv,CP949,NFD(정규화필요),23087,
한국석유공사_비축지사 주소_20230830.csv,.csv,CP949,NFD(정규화필요),364,
한국석유공사_상표권 보유 현황_20260610.csv,.csv,CP949,NFD(정규화필요),979,
한국석유공사_석유 정제가동율 현황_20251231.csv,.csv,CP949,NFD(정규화필요),1706,
한국석유공사_석유제품수입_국가별_20241231.csv,.csv,CP949,NFD(정규화필요),28637,
한국석유공사_석유제품수입_제품별_20241231.csv,.csv,CP949,NFD(정규화필요),5264,
한국석유공사_석유제품수출_국가별_20251231.csv,.csv,CP949,NFD(정규화필요),38467,
한국석유공사_석유제품수출_제품별_20251231.csv,.csv,CP949,NFD(정규화필요),7931,
한국석유공사_세계 석유제품 수출입 물량_20250710.csv,.csv,CP949,NFD(정규화필요),2753,
한국석유공사_세계 원유 수출입 물량_20250710.csv,.csv,CP949,NFD(정규화필요),2753,
한국석유공사_세계석유 공급현황(주요국별 석유 매장량)_20250710.csv,.csv,CP949,NFD(정규화필요),452,
한국석유공사_세계석유 공급현황(주요국별 석유 생산량)_20250710.csv,.csv,CP949,NFD(정규화필요),461,
한국석유공사_세계석유 공급현황(지역별 석유 매장량)_20250804.csv,.csv,CP949,NFD(정규화필요),1174,
한국석유공사_세계석유 수요현황(세계 석유소비량 추이)_20250804.csv,.csv,CP949,NFD(정규화필요),833,
한국석유공사_세계석유 수요현황(주요국 일인당 석유소비량)_20250710.csv,.csv,CP949,NFD(정규화필요),582,
한국석유공사_수의계약업체_20251231.csv,.csv,UTF-8-BOM,NFD(정규화필요),25536,
한국석유공사_수의계약정보공개_20251231.csv,.csv,UTF-8-BOM,NFD(정규화필요),45953,
한국석유공사_알뜰주유소 현황_20251231.csv,.csv,CP949,NFD(정규화필요),85116,
한국석유공사_에너지 사용량_20241231.csv,.csv,CP949,NFD(정규화필요),264,
한국석유공사_온실가스 감축실적_20241231.csv,.csv,CP949,NFD(정규화필요),158,
한국석유공사_용수 사용량_20241231.csv,.csv,CP949,NFD(정규화필요),200,
한국석유공사_유통단계별 석유제품 소비 비율_20251231.csv,.csv,CP949,NFD(정규화필요),394,
한국석유공사_인천지역 경유 가격 현황_20260430.csv,.csv,UTF-8-BOM,NFD(정규화필요),27245,
한국석유공사_인천지역 등유 가격 현황_20260430.csv,.csv,UTF-8-BOM,NFD(정규화필요),12529,
한국석유공사_인천지역 주유소 위치 현황_20240530.csv,.csv,CP949,NFD(정규화필요),13173,
한국석유공사_인천지역 휘발유 가격 현황_20260430 (1).csv,.csv,UTF-8-BOM,NFD(정규화필요),27245,Y
한국석유공사_저공해 자동차 구매임차 현황_20251231.csv,.csv,CP949,NFD(정규화필요),160,
한국석유공사_저공해 자동차 보유현황_20251231.csv,.csv,CP949,NFD(정규화필요),168,
한국석유공사_제주 석유제품 소비량_20251231.csv,.csv,CP949,NFD(정규화필요),81553,
한국석유공사_제주 석유제품 연간 소비량_20251231.csv,.csv,CP949,NFD(정규화필요),10587,
한국석유공사_주유소 요소수 평균판매가격_상표별_20260630.csv,.csv,CP949,NFD(정규화필요),4343,
한국석유공사_주유소 요소수 평균판매가격_지역별_20260630.csv,.csv,CP949,NFD(정규화필요),7962,
한국석유공사_지역별 자동차충전소 개수_20230830.csv,.csv,CP949,NFD(정규화필요),479,
한국석유공사_지역별 주유소 수_20251231.csv,.csv,CP949,NFD(정규화필요),388,
한국석유공사_지역별 직영 주유소 비율_20220329.csv,.csv,CP949,NFD(정규화필요),388,
한국석유공사_폐기물 발생량_20250708.csv,.csv,CP949,NFD(정규화필요),189,
한국석유공사_행정처분공표통계_20210805.csv,.csv,CP949,NFD(정규화필요),308,
