구분,목록명,확장자,URL
파일,한국석유공사_빗물이용시설 운영자료,xlsx,https://www.data.go.kr/data/15163182/fileData.do
API,한국석유공사_시도별 주유소 평균가격(현재),XML,https://www.data.go.kr/data/15163154/openapi.do
API,한국석유공사_요소수 주유소 판매가격(지역별),XML,https://www.data.go.kr/data/15163152/openapi.do
API,한국석유공사_시군구별 주유소 평균가격(현재),XML,https://www.data.go.kr/data/15163148/openapi.do
파일,한국석유공사_무인잠수정(ROV) 사진,jpg,https://www.data.go.kr/data/15150935/fileData.do
파일,한국석유공사_오늘의 뉴스(일일석유뉴스),pdf,https://www.data.go.kr/data/15150934/fileData.do
API,한국석유공사_전국 주유소 평균가격 오픈 API,XML,https://www.data.go.kr/data/15150932/openapi.do
파일,한국석유공사_국내대륙붕 석유개발 기술자료 목록,csv,https://www.data.go.kr/data/15150922/fileData.do
API,한국석유공사_지역코드 오픈 API,XML,https://www.data.go.kr/data/15150471/openapi.do
API,한국석유공사_주유소 상세정보(ID) 오픈 API,XML,https://www.data.go.kr/data/15150468/openapi.do
API,한국석유공사_반경 내 주유소 오픈 API,XML,https://www.data.go.kr/data/15150464/openapi.do
API,한국석유공사_지역별 최저가 주유소(TOP20) 오픈 API,XML,https://www.data.go.kr/data/15150462/openapi.do
파일,한국석유공사_가격자유화이전 정유사 가격정보,csv,https://www.data.go.kr/data/15148676/fileData.do
파일,한국석유공사_주유소지역상표별통계,csv,https://www.data.go.kr/data/15148328/fileData.do
파일,한국석유공사_공공데이터 목록 현황 정보,csv,https://www.data.go.kr/data/15144357/fileData.do
파일,한국석유공사_석유개발과 생산 2차시,mp4,https://www.data.go.kr/data/15130028/fileData.do
파일,한국석유공사_석유개발과 생산 1차시,mp4,https://www.data.go.kr/data/15130027/fileData.do
파일,한국석유공사_석유산업개관 교육자료,mp4,https://www.data.go.kr/data/15130026/fileData.do
파일,한국석유공사_석유개발 기술자료 공개 제도,pdf,https://www.data.go.kr/data/15128956/fileData.do
파일,한국석유공사_공공데이터 활용 가이드북,pdf,https://www.data.go.kr/data/15128955/fileData.do
파일,한국석유공사_상표권 보유 현황,csv,https://www.data.go.kr/data/15128953/fileData.do
파일,한국석유공사_세계 원유 수출입 물량,csv,https://www.data.go.kr/data/15128950/fileData.do
파일,한국석유공사_세계 석유제품 수출입 물량,csv,https://www.data.go.kr/data/15128949/fileData.do
파일,한국석유공사_세계석유 공급현황(지역별 석유 매장량),csv,https://www.data.go.kr/data/15128948/fileData.do
파일,한국석유공사_세계석유 공급현황(주요국별 석유 매장량),csv,https://www.data.go.kr/data/15128947/fileData.do
파일,한국석유공사_세계석유 공급현황(주요국별 석유 생산량),csv,https://www.data.go.kr/data/15128946/fileData.do
파일,한국석유공사_세계석유 수요현황(세계 석유소비량 추이),csv,https://www.data.go.kr/data/15128945/fileData.do
파일,한국석유공사_세계석유 수요현황(주요국 일인당 석유소비량),csv,https://www.data.go.kr/data/15128944/fileData.do
파일,한국석유공사_안전한국훈련 사전영상,mp4,https://www.data.go.kr/data/15128942/fileData.do
파일,한국석유공사_용수 사용량,csv,https://www.data.go.kr/data/15128941/fileData.do
파일,한국석유공사_폐기물 발생량,csv,https://www.data.go.kr/data/15128940/fileData.do
파일,한국석유공사_저공해 자동차 구매임차 현황,csv,https://www.data.go.kr/data/15128939/fileData.do
파일,한국석유공사_저공해 자동차 보유현황,csv,https://www.data.go.kr/data/15128938/fileData.do
파일,한국석유공사_에너지 사용량,csv,https://www.data.go.kr/data/15128937/fileData.do
파일,한국석유공사_온실가스 감축실적,csv,https://www.data.go.kr/data/15128936/fileData.do
파일,한국석유공사_ 지속가능 경영보고서,pdf,https://www.data.go.kr/data/15128935/fileData.do
파일,한국석유공사_인천지역 등유 가격 현황,csv,https://www.data.go.kr/data/15128332/fileData.do
파일,한국석유공사_인천지역 경유 가격 현황,csv,https://www.data.go.kr/data/15128331/fileData.do
파일,한국석유공사_인천지역 휘발유 가격 현황,csv,https://www.data.go.kr/data/15128330/fileData.do
파일,한국석유공사_인천지역 주유소 위치 현황,csv,https://www.data.go.kr/data/15128244/fileData.do
파일,한국석유공사_대전 석유제품 소비량,csv,https://www.data.go.kr/data/15122211/fileData.do
파일,한국석유공사_유통단계별 석유제품 소비 비율,csv,https://www.data.go.kr/data/15122078/fileData.do
파일,한국석유공사_비축지사 주소,csv,https://www.data.go.kr/data/15121350/fileData.do
파일,한국석유공사_지역별 자동차충전소 개수,csv,https://www.data.go.kr/data/15121340/fileData.do
파일,한국석유공사_제주 석유제품 소비량,csv,https://www.data.go.kr/data/15121157/fileData.do
파일,한국석유공사_제주 석유제품 연간 소비량,csv,https://www.data.go.kr/data/15121148/fileData.do
파일,한국석유공사_주유소 요소수 평균판매가격_상표별,csv,https://www.data.go.kr/data/15118235/fileData.do
파일,한국석유공사_주유소 요소수 평균판매가격_지역별,csv,https://www.data.go.kr/data/15118233/fileData.do
파일,한국석유공사_제품별 유류세 변동 내역,xls,https://www.data.go.kr/data/15101748/fileData.do
파일,한국석유공사_자동차충전소 평균 판매가격(상표별),CSV,https://www.data.go.kr/data/15101743/fileData.do
파일,한국석유공사_자동차충전소 평균 판매가격(지역별),CSV,https://www.data.go.kr/data/15101742/fileData.do
파일,한국석유공사_자동차충전소 전국 평균 판매가격,CSV,https://www.data.go.kr/data/15101741/fileData.do
파일,한국석유공사_면세유 주유소 평균 판매가격(상표별),CSV,https://www.data.go.kr/data/15101739/fileData.do
파일,한국석유공사_면세유 주유소 평균 판매가격(지역별),CSV,https://www.data.go.kr/data/15101738/fileData.do
파일,한국석유공사_ 면세유 주유소 평균 판매가격(제품별),CSV,https://www.data.go.kr/data/15101736/fileData.do
파일,한국석유공사_수의계약정보공개,csv,https://www.data.go.kr/data/15100090/fileData.do
파일,한국석유공사_수의계약업체,csv,https://www.data.go.kr/data/15100089/fileData.do
파일,한국석유공사_행정처분공표통계,csv,https://www.data.go.kr/data/15085555/fileData.do
파일,한국석유공사_석유제품 전자상거래 가격,csv,https://www.data.go.kr/data/15085527/fileData.do
파일,한국석유공사_지역별 직영 주유소 비율,csv,https://www.data.go.kr/data/15084116/fileData.do
파일,한국석유공사_알뜰주유소 현황,csv,https://www.data.go.kr/data/15076635/fileData.do
파일,한국석유공사_일반 석유상식,PDF,https://www.data.go.kr/data/15064697/fileData.do
파일,한국석유공사_석유제품수출_국가별,csv,https://www.data.go.kr/data/15054610/fileData.do
파일,한국석유공사_석유제품수입_제품별,csv,https://www.data.go.kr/data/15054609/fileData.do
파일,한국석유공사_석유제품수출_제품별,csv,https://www.data.go.kr/data/15054608/fileData.do
파일,한국석유공사_석유제품수입_국가별,csv,https://www.data.go.kr/data/15054607/fileData.do
파일,한국석유공사_국내 원유수입_국가별,csv,https://www.data.go.kr/data/15054606/fileData.do
파일,한국석유공사_국내 원유수입_유질별,csv,https://www.data.go.kr/data/15054605/fileData.do
파일,한국석유공사_국내 석유제품 제품별 소비현황,csv,https://www.data.go.kr/data/15054604/fileData.do
파일,한국석유공사_국내 석유제품 산업별 소비현황,csv,https://www.data.go.kr/data/15054603/fileData.do
파일,한국석유공사_국내 석유제품 지역별 소비현황,csv,https://www.data.go.kr/data/15054602/fileData.do
파일,한국석유공사_국내 석유제품 생산 현황,csv,https://www.data.go.kr/data/15054601/fileData.do
파일,한국석유공사_국내석유제품재고,csv,https://www.data.go.kr/data/15054600/fileData.do
파일,한국석유공사_국내 석유비축일수,csv,https://www.data.go.kr/data/15054591/fileData.do
파일,한국석유공사_국내 석유비축시설 및 비축물량,csv,https://www.data.go.kr/data/15054590/fileData.do
파일,한국석유공사_석유 정제가동율 현황,csv,https://www.data.go.kr/data/15045416/fileData.do
파일,한국석유공사_정유사별_정제능력,csv,https://www.data.go.kr/data/15045415/fileData.do
파일,한국석유공사_국내 전국 개별 주유소 판매가격,CSV,https://www.data.go.kr/data/15044646/fileData.do
파일,한국석유공사_석유대리점 평균판매가격,CSV,https://www.data.go.kr/data/15044645/fileData.do
파일,한국석유공사_상표별 주유소 판매가격,CSV,https://www.data.go.kr/data/15044644/fileData.do
파일,한국석유공사_지역별 주유소 판매가격,CSV,https://www.data.go.kr/data/15044643/fileData.do
파일,한국석유공사_형태별 주유소 판매가격,CSV,https://www.data.go.kr/data/15044642/fileData.do
파일,한국석유공사_LPG용기충전소 제품별 판매가격,CSV,https://www.data.go.kr/data/15044641/fileData.do
파일,한국석유공사_LPG용기충전소 지역별 판매가격,CSV,https://www.data.go.kr/data/15044640/fileData.do
파일,한국석유공사_LPG용기판매소 제품별 판매가격,CSV,https://www.data.go.kr/data/15044639/fileData.do
파일,한국석유공사_LPG용기판매소 지역별 판매가격,CSV,https://www.data.go.kr/data/15044638/fileData.do
파일,한국석유공사_LPG집단공급사업자 평균 판매가격,CSV,https://www.data.go.kr/data/15044637/fileData.do
파일,한국석유공사_LPG집단공급사업자 회사별 판매가격,CSV,https://www.data.go.kr/data/15044636/fileData.do
파일,한국석유공사_LPG집단공급사업자 지역별 판매가격,CSV,https://www.data.go.kr/data/15044635/fileData.do
파일,한국석유공사_LPG판매소 회사별 판매가격,CSV,https://www.data.go.kr/data/15044634/fileData.do
파일,한국석유공사_LPG용기충전소 회사별 월간 판매가격,CSV,https://www.data.go.kr/data/15044633/fileData.do
파일,한국석유공사_정유사 회사별 공급가격,CSV,https://www.data.go.kr/data/15044632/fileData.do
파일,한국석유공사_회사별 정유사 판매가격,CSV,https://www.data.go.kr/data/15044631/fileData.do
파일,한국석유공사_제품별 정유사 판매가격,CSV,https://www.data.go.kr/data/15044630/fileData.do
파일,한국석유공사_정유사 제품별 공급가격,CSV,https://www.data.go.kr/data/15044629/fileData.do
파일,한국석유공사_제품별 주유소 판매가격,CSV,https://www.data.go.kr/data/15044628/fileData.do
파일,한국석유공사_국내석유제품 가격 동향,PDF,https://www.data.go.kr/data/15038488/fileData.do
파일,한국석유공사_지역별 주유소 수,csv,https://www.data.go.kr/data/15038480/fileData.do
