국가명,2020년 말 확인매장량,매장량 점유율,2025년 생산량,생산량 점유율,가채년수
미국,68.8,3.97,21065,20.94,8.9
캐나다,168.1,9.7,6164,6.13,74.7
멕시코,6.1,0.35,1780,1.77,9.4
브라질,11.9,0.69,3881,3.86,8.4
아르헨티나,2.5,0.14,1427,1.42,4.8
베네수엘라,303.8,17.54,1104,1.1,
기타 중남미,5.2,0.3,2181,2.17,6.5
노르웨이,7.9,0.46,2045,2.03,10.6
영국,2.5,0.14,669,0.67,10.2
러시아,107.8,6.22,10737,10.67,27.5
카자흐스탄,30,1.73,2088,2.08,39.4
아제르바이잔,7,0.4,572,0.57,33.5
기타 유럽 및 유라시아,4.7,0.27,800,0.8,16.1
사우디아라비아,297.5,17.17,11408,11.34,71.4
이란,157.8,9.11,5184,5.15,83.4
이라크,145,8.37,4396,4.37,90.4
아랍에미리트,97.8,5.65,4207,4.18,63.7
쿠웨이트,101.5,5.86,2820,2.8,98.6
기타 중동,36.3,2.1,3101,3.08,32.1
나이지리아,36.9,2.13,1760,1.75,57.4
알제리,12.2,0.7,1517,1.51,22
앙골라,48.4,2.79,1400,1.39,94.7
리비아,7.8,0.45,1098,1.09,19.5
기타 아프리카,19.9,1.15,1827,1.82,29.8
중국,26,1.5,4340,4.31,16.4
인도,4.5,0.26,719,0.72,17.1
인도네시아,2.4,0.14,614,0.61,10.7
말레이시아,2.7,0.16,540,0.54,13.7
태국,0.3,0.01,384,0.38,2.1
호주,2.4,0.14,340,0.34,19.3
베트남,4.4,0.25,178,0.18,67.7
기타 아시아ㆍ태평양,2.4,0.14,244,0.24,26.9
