등록번호,등록연월일,상표명,소재지,수량
국내-상표-제0816216호,2010-03-08,[상표] PETROKOREA,국내,1
국내-서비스표-제0193147호,2010-01-08,[서비스표] PETROKOREA,국내,1
국내-서비스표-제0193148호,2010-01-08,[서비스표] PETROKOREA,국내,1
국내-서비스표-제0193149호,2010-01-08,[서비스표] PETROKOREA,국내,1
국내-서비스표-제0193150호,2010-01-08,[서비스표] PETROKOREA,국내,1
국내-서비스표-제0193151호,2010-01-08,[서비스표] PETROKOREA,국내,1
국내-상표-제0976321호,2013-06-20,[상표] KNOC,국내,1
국내-서비스표-제0264691호,2013-06-20,[서비스표] KNOC,국내,1
국내-서비스표-제0264692호,2013-06-20,[서비스표] KNOC,국내,1
국내-서비스표-제0261791호,2013-06-20,[서비스표] KNOC,국내,1
국내-서비스표-제0261792호,2013-07-24,[서비스표] KNOC,국내,1
국내-서비스표-제0261793호,2013-07-24,[서비스표] KNOC,국내,1
국내-서비스표-제0264693호,2013-07-24,[서비스표] KNOC,국내,1
국내-서비스표-제0358117호,2016-05-04,[서비스표] 오피넷,국내,1
국내-서비스표-제0358118호,2016-05-04,[서비스표] Opinet,국내,1
