시군구_산업_제품,2018,2019,2020,2021,2022,2023,2024,2025
제주제주시_농림수산업_무연보통휘발유,5488,1107,312,313,345,412,433,512
제주제주시_농림수산업_실내등유,6615,1105,518,546,525,502,458,479
제주제주시_농림수산업_경유(0.05%),2072,2829,4377,46,,,,
제주제주시_농림수산업_경유(0.001%),2556,1309,2270,1149,1080,1025,888,919
제주제주시_농림수산업_경질중유(2.0%),108,7,,,,,,
제주제주시_농림수산업_경질중유(0.3%),5,3,,,,,,67
제주제주시_농림수산업_중유(1.0%),7,,,,,,,
제주제주시_농림수산업_중유(0.5%),116,,,,,,,
제주제주시_농림수산업_중유(0.3%),734,664,396,225,112,30,1,9
제주제주시_농림수산업_부생연료유(등유형),,,,2741,7114,1064,15,
제주제주시_농림수산업_부생연료유(중유형),,,803,1750,5155,3049,1079,1172
제주제주시_광업_실내등유,,,,2,,,,
제주제주시_광업_경질중유(0.3%),,,,180,115,,,
제주제주시_식품.담배업_실내등유,562,1012,1161,1303,1318,830,430,407
제주제주시_식품.담배업_경유(0.001%),,7,,,,,,
제주제주시_식품.담배업_중유(0.5%),64,,,,,,,
제주제주시_식품.담배업_중유(0.3%),32,,,,,,,
제주제주시_식품.담배업_프로판,167,176,176,182,190,188,187,186
제주제주시_식품.담배업_부생연료유(등유형),,,,,,27,5,
제주제주시_식품.담배업_부생연료유(중유형),,,,,,149,365,292
제주제주시_목재업_부생연료유(등유형),2,5,3,4,2,,,
제주제주시_제지.인쇄업_중유(0.3%),219,251,77,,,49,134,143
제주제주시_제지.인쇄업_부생연료유(중유형),,,213,329,328,409,413,381
제주제주시_화학제품업_중유(0.3%),34,52,4,,,,,
제주제주시_화학제품업_부생연료유(중유형),,,,,,38,18,9
제주제주시_요업_실내등유,,14,,,,,,
제주제주시_요업_경유(0.001%),4,83,50,31,329,552,391,291
제주제주시_요업_중유(0.3%),6,,,,,,,
제주제주시_기계조립업_실내등유,,5,28,14,15,14,10,15
제주제주시_수송장비업_벙커C유(4.0%),65,,,,,,,6
제주제주시_기타제조업_무연보통휘발유,73,78,27,15,13,13,13,12
제주제주시_기타제조업_실내등유,,50,166,156,61,33,49,67
제주제주시_기타제조업_경유(0.05%),1,,,,,,,
제주제주시_기타제조업_경유(0.001%),295,771,831,861,966,1041,1001,873
제주제주시_기타제조업_중유(0.3%),37,48,,,,,,
제주제주시_기타제조업_프로판,849,874,884,910,918,923,934,926
제주제주시_기타제조업_부탄,15,15,13,12,13,12,12,12
제주제주시_기타제조업_부생연료유(등유형),215,234,348,367,274,226,,
제주제주시_기타제조업_부생연료유(중유형),577,587,616,1438,1615,19,1,
제주제주시_건설업_무연보통휘발유,103,180,39,42,40,29,19,18
제주제주시_건설업_실내등유,,178,87,4,,128,305,60
제주제주시_건설업_경유(0.05%),71,93,47,,,56,,
제주제주시_건설업_경유(0.001%),5403,6048,4850,5076,5110,4927,4544,4759
제주제주시_건설업_경질중유(0.3%),,,,,29,,,
제주제주시_건설업_중유(0.5%),192,40,,,,,,
제주제주시_건설업_중유(0.3%),308,253,,,,,,
제주제주시_건설업_아스팔트,,,,,4033,6927,915,489
제주제주시_건설업_부생연료유(등유형),,,,,,2,,
제주제주시_기타에너지_경유(0.001%),184,199,145,128,,,,
제주제주시_기타에너지_중유(0.3%),175,233,,,,,,
제주제주시_발전_실내등유,63594,82762,31041,4074,4146,4155,4152,4078
제주제주시_발전_경유(0.001%),29260,130506,279,298,161,81,301,297
제주제주시_발전_벙커C유(0.3%),113003,62434,25271,38539,47667,14835,497,7025
제주제주시_발전_부생연료유(등유형),2242,,,209,,,,
제주제주시_도로_무연보통휘발유,125013,128276,124014,136477,144475,142064,146886,148370
제주제주시_도로_무연고급휘발유,398,665,1019,1463,1843,2025,2317,2556
제주제주시_도로_경유(0.001%),234970,235463,206460,210893,211065,207503,191783,173053
제주제주시_도로_부탄,85526,84218,73296,70785,70155,66826,67244,69045
제주제주시_해운_실내등유,42,56,,,,,,
제주제주시_해운_경유(0.05%),3270,4871,3775,5232,5663,4467,4446,4954
제주제주시_해운_경유(0.001%),915,841,175,56,32,42,,
제주제주시_해운_경질중유(2.0%),2054,1229,1420,,,,,
제주제주시_해운_경질중유(0.3%),75,677,986,3883,2727,2595,1852,1114
제주제주시_해운_중유(0.3%),21,15,,,,24,23,24
제주제주시_해운_벙커C유(4.0%),,,,,54,,,
제주제주시_해운_벙커C유(0.5%),,,,,,131,1755,3576
제주제주시_항공_무연보통휘발유,36,,,,,,,
제주제주시_항공_실내등유,,,39,31,24,28,32,57
제주제주시_항공_경유(0.001%),11,,535,1029,1260,1205,1304,1234
제주제주시_항공_중유(0.3%),,,8,,,,,
제주제주시_항공_JETA-1,220221,237208,150996,191807,186782,209010,175394,205618
제주제주시_상업_무연보통휘발유,415,341,370,437,437,379,404,374
제주제주시_상업_실내등유,724,565,1433,1715,2378,2441,2776,2075
제주제주시_상업_경유(0.05%),,,6,,,,,
제주제주시_상업_경유(0.001%),389,189,313,432,360,403,395,397
제주제주시_상업_중유(0.5%),1112,1015,,,,,,
제주제주시_상업_중유(0.3%),3090,1404,505,71,57,31,42,36
제주제주시_상업_용제원료,140,148,196,134,117,146,130,207
제주제주시_상업_JETA-1,,151,,,,,,
제주제주시_상업_프로판,51607,54394,54255,55750,58086,57940,57656,57306
제주제주시_상업_부탄,614,615,525,496,506,481,477,492
제주제주시_상업_부생연료유(등유형),6337,9357,12663,2385,1490,1174,667,36
제주제주시_상업_부생연료유(중유형),,192,2342,529,755,768,1152,1046
제주제주시_가정_무연보통휘발유,79,88,267,341,376,456,627,823
제주제주시_가정_실내등유,51530,49027,50013,45679,44634,39736,38859,39419
제주제주시_가정_경유(0.05%),,79,73,,,,,
제주제주시_가정_경유(0.001%),3708,2625,1743,2040,2008,2020,1856,1775
제주제주시_가정_중유(0.5%),3498,2697,,,,,,
제주제주시_가정_중유(0.3%),155,274,999,,2,1,1,
제주제주시_가정_용제원료,77,86,103,76,67,78,79,111
제주제주시_가정_프로판,43897,46244,46111,47443,49471,49140,49050,48811
제주제주시_가정_부탄,852,856,725,683,705,668,662,686
제주제주시_가정_부생연료유(중유형),,,,,,87,,
제주제주시_공공_무연보통휘발유,203,225,29,34,45,59,66,92
제주제주시_공공_실내등유,2102,2084,1319,728,520,569,676,548
제주제주시_공공_경유(0.05%),4441,3490,121,5125,7588,9156,9772,11246
제주제주시_공공_경유(0.001%),1519,1620,1138,969,1019,1104,1201,1419
제주제주시_공공_경질중유(0.3%),,522,316,111,108,113,102,64
제주제주시_공공_중유(0.5%),,10,,,,,,
제주제주시_공공_중유(0.3%),5,,,,187,67,,65
제주제주시_공공_JETA-1,,,,1342,3424,4204,4165,4217
제주제주시_공공_프로판,189,197,199,206,211,211,212,209
제주제주시_공공_부생연료유(등유형),101,107,83,17,23,68,44,
제주제주시_공공_부생연료유(중유형),,,,,,,,67
제주제주시_개스제조_경유(0.001%),,45,,,,,,
제주서귀포시_농림수산업_무연보통휘발유,1966,542,451,434,475,449,410,414
제주서귀포시_농림수산업_실내등유,2974,933,1397,1007,1116,988,760,510
제주서귀포시_농림수산업_경유(0.05%),2622,4667,33267,62421,54977,58777,65258,58740
제주서귀포시_농림수산업_경유(0.001%),719,514,673,631,656,702,638,635
제주서귀포시_농림수산업_중유(0.3%),4826,5516,4241,2062,1390,702,577,594
제주서귀포시_농림수산업_부생연료유(등유형),11,25,12,6500,10,892,118,3
제주서귀포시_농림수산업_부생연료유(중유형),,11,,1544,7,4326,6345,5745
제주서귀포시_광업_경유(0.001%),,,26,,,,,
제주서귀포시_식품.담배업_실내등유,500,554,745,433,466,566,515,668
제주서귀포시_식품.담배업_중유(0.3%),48,36,20,3,,,,
제주서귀포시_식품.담배업_프로판,19,20,20,21,22,22,22,22
제주서귀포시_식품.담배업_부생연료유(등유형),,,,,,,,42
제주서귀포시_식품.담배업_부생연료유(중유형),,,,,,22,146,65
제주서귀포시_제지.인쇄업_중유(0.3%),186,242,280,277,293,57,,
제주서귀포시_제지.인쇄업_부생연료유(중유형),,,,,,101,130,53
제주서귀포시_화학제품업_경유(0.001%),,15,,,,,,
제주서귀포시_화학제품업_중유(0.3%),20,104,26,39,21,,,
제주서귀포시_화학제품업_부생연료유(중유형),470,,,,,,,
제주서귀포시_요업_경유(0.05%),208,75,,,,,,
제주서귀포시_요업_경유(0.001%),107,81,47,31,90,104,111,79
제주서귀포시_요업_경질중유(2.0%),4,,,,,,,
제주서귀포시_요업_경질중유(0.3%),8,,,,,,,
제주서귀포시_요업_중유(0.3%),443,462,,,,3,,
제주서귀포시_기타제조업_경유(0.001%),,62,90,93,95,79,80,88
제주서귀포시_기타제조업_중유(0.3%),272,260,,,,,,
제주서귀포시_기타제조업_프로판,115,120,120,127,128,130,128,127
제주서귀포시_기타제조업_부탄,1,1,0,0,0,0,0,0
제주서귀포시_기타제조업_부생연료유(등유형),,,2,,,,,
제주서귀포시_기타제조업_부생연료유(중유형),897,1055,716,280,257,,,
제주서귀포시_건설업_무연보통휘발유,50,38,19,27,35,24,10,6
제주서귀포시_건설업_실내등유,1,,17,7,164,,,
제주서귀포시_건설업_경유(0.05%),,,,,,39,,
제주서귀포시_건설업_경유(0.001%),2531,2339,2022,1705,1673,1750,1474,1143
제주서귀포시_건설업_경질중유(2.0%),,,9,,,,,
제주서귀포시_건설업_경질중유(0.3%),,,,,,31,,
제주서귀포시_건설업_중유(0.3%),103,32,3,2,,,,
제주서귀포시_건설업_아스팔트,2971,,,,,,296,244
제주서귀포시_건설업_부생연료유(등유형),,,,46,146,,,
제주서귀포시_기타에너지_중유(0.3%),24,,,,,,,
제주서귀포시_발전_실내등유,328,180,453,851,987,914,937,944
제주서귀포시_발전_경유(0.001%),,,16940,27025,53382,57241,165,
제주서귀포시_발전_벙커C유(0.5%),145062,68604,,,,,,
제주서귀포시_발전_부생연료유(등유형),,137,1086,673,455,174,275,275
제주서귀포시_발전_부생연료유(중유형),,,,,,,,105
제주서귀포시_도로_무연보통휘발유,50414,52540,55773,63178,63398,60064,63995,68176
제주서귀포시_도로_무연고급휘발유,,,,274,583,770,826,850
제주서귀포시_도로_실내등유,24,22,4,,25,2,10,4
제주서귀포시_도로_경유(0.001%),104688,104456,99795,102054,97085,88258,86701,81298
제주서귀포시_도로_중유(0.3%),47,70,75,49,45,16,,
제주서귀포시_도로_부탄,25008,24633,21449,20703,20523,19562,19667,20198
제주서귀포시_해운_경유(0.05%),31,13,,,3,18,3,
제주서귀포시_해운_경유(0.001%),5,,,,1,,1,
제주서귀포시_해운_경질중유(2.0%),314,378,1214,814,,,,
제주서귀포시_해운_경질중유(0.3%),,,,26,548,295,51,
제주서귀포시_해운_중유(0.3%),,,,,,92,398,223
제주서귀포시_항공_JETA-1,,,,,,,,16
제주서귀포시_상업_무연보통휘발유,61,97,94,66,42,42,72,83
제주서귀포시_상업_실내등유,144,325,613,395,520,633,492,389
제주서귀포시_상업_경유(0.001%),76,94,76,55,51,40,48,76
제주서귀포시_상업_경질중유(2.0%),84,124,,,,,78,53
제주서귀포시_상업_중유(0.3%),300,425,202,36,26,10,16,15
제주서귀포시_상업_용제원료,31,35,45,30,27,33,31,48
제주서귀포시_상업_프로판,21750,22936,22886,23544,24616,24460,24333,24205
제주서귀포시_상업_부탄,73,74,63,59,61,57,57,59
제주서귀포시_상업_부생연료유(등유형),1123,1084,780,1137,561,236,226,158
제주서귀포시_상업_부생연료유(중유형),,69,466,140,,677,1222,697
제주서귀포시_가정_무연보통휘발유,,,,,0,,,
제주서귀포시_가정_실내등유,43983,39206,42473,40506,37982,34881,31298,36424
제주서귀포시_가정_경유(0.001%),1426,1233,599,667,744,703,675,592
제주서귀포시_가정_중유(0.3%),196,290,3,2,2,3,,
제주서귀포시_가정_용제원료,8,9,11,8,7,9,7,12
제주서귀포시_가정_프로판,16510,17419,17363,17825,18683,18526,18455,18380
제주서귀포시_가정_부탄,220,221,188,177,181,172,171,177
제주서귀포시_공공_무연보통휘발유,180,99,80,37,59,75,63,48
제주서귀포시_공공_실내등유,316,276,270,257,147,55,33,81
제주서귀포시_공공_경유(0.05%),38066,23822,24222,13752,13738,35517,24499,24070
제주서귀포시_공공_경유(0.001%),1108,841,828,341,378,550,1443,783
제주서귀포시_공공_경질중유(0.3%),242,287,765,,,,,
제주서귀포시_공공_중유(0.3%),43,57,9,117,12,3,102,160
제주서귀포시_공공_JETA-1,,,,,,64,224,170
제주서귀포시_공공_프로판,150,162,160,164,177,174,171,48
