구분,고급휘발유,보통휘발유,자동차용경유,실내등유,선박용경유,벙커C,아스팔트(원/kg),용제1호,프로판(원/kg),부탄(원/kg)
세전,1238.27,987.70,1198.56,1182.17,1223.66,1008.97,930.19,897.62,1153.39,1191.82
교통에너지환경세,450.00,450.00,281.00,,281.00,,,,,
개별소비세,,,,63.00,,17.00,,,14.00,206.00
교육세,67.50,67.50,42.15,9.45,42.15,2.55,,,,30.90
주행세,117.00,117.00,73.06,,73.06,,,,,
부가세,190.92,162.27,159.52,125.51,162.03,102.90,93.07,89.81,117.19,149.55
세금계,825.42,796.77,555.73,197.96,558.24,122.45,93.07,89.81,131.19,386.45
판매부과금,36.00,,,,,,,,,62.28
기타수수료,0.47,0.47,0.47,0.47,0.47,0.47,0.47,0.47,4.53,4.53
세후,2100.16,1784.94,1754.76,1380.60,1782.37,1131.89,1023.73,987.90,1289.11,1645.08
