시군구_산업_제품,2023-01-01,2023-02-01,2023-03-01,2023-04-01,2023-05-01,2023-06-01,2023-07-01,2023-08-01,2023-09-01,2023-10-01,2023-11-01,2023-12-01,2024-01-01,2024-02-01,2024-03-01,2024-04-01,2024-05-01,2024-06-01,2024-07-01,2024-08-01,2024-09-01,2024-10-01,2024-11-01,2024-12-01,2025-01-01,2025-02-01,2025-03-01,2025-04-01,2025-05-01,2025-06-01,2025-07-01,2025-08-01,2025-09-01,2025-10-01,2025-11-01,2025-12-01
대전동구_농림수산업_무연보통휘발유,0,1,2,1,1,0,1,0,,,,,,,,,,,,,,,,,,,,,,,,,,,,
대전동구_농림수산업_실내등유,42,37,24,6,1,,,,,,,,,,,,,,,,,,,,,,,,,,,,,,,
대전동구_농림수산업_경유(0.001%),3,3,6,2,2,2,2,0,,,,,,,,,,,,,,,,,,,,,,,,,,,,
대전동구_농림수산업_부생연료유(등유형),,,,,,,,,,,,1,,,,,,,,,,,,,,,,,,,,,,,1,
대전동구_농림수산업_부생연료유(중유형),,8,3,,,,,,,,,,4,3,1,2,,,,,,,,,7,,3,,,,,,,,,
대전동구_화학제품업_용제원료,81,14,66,89,44,54,100,52,76,38,60,60,127,18,86,102,29,35,102,40,75,38,45,46,147,20,86,98,57,75,128,62,105,61,97,94
대전동구_화학제품업_프로판,6,6,5,3,3,3,6,3,4,4,5,6,7,5,5,4,3,3,7,2,3,4,5,6,6,6,5,4,3,3,6,2,4,4,5,7
대전동구_기타제조업_실내등유,2,1,,,,,,,,,,,,,,,,,,,,,,,,,,,,,,,,,,
대전동구_기타제조업_경유(0.001%),,,,0,,,,,,,,,,,,,,,,,,,,,,,,,,,,,,,,
대전동구_기타제조업_프로판,345,369,271,161,168,117,185,253,205,237,285,352,375,310,307,176,165,124,208,186,186,251,280,354,362,340,284,180,156,119,185,187,228,205,285,378
대전동구_기타제조업_부탄,2,2,0,0,,,,,,,0,0,2,1,0,0,,,,,,,0,0,2,1,0,0,,,,,,,0,0
대전동구_건설업_실내등유,52,30,2,,,,,,,,13,71,80,15,1,,,,7,5,4,,,14,11,4,1,,,,,,1,,,
대전동구_건설업_경유(0.001%),7,4,9,19,44,69,20,20,13,16,40,17,8,5,22,10,14,15,8,11,4,3,9,11,4,7,3,,,,1,1,3,,,
대전동구_개스제조_프로판,334,357,262,235,239,180,182,232,199,229,275,340,362,300,297,256,235,190,205,171,180,242,271,343,350,328,275,262,223,183,182,172,220,199,276,366
대전동구_철도_경유(0.001%),6236,6565,50,31,32,32,49,54,27,82,56,56,57,47,84,27,56,56,53,56,36,56,54,70,47,55,56,57,54,56,56,56,56,57,54,84
대전동구_철도_프로판,,,,10,,,,,,,,,,,,,,,,,,,,,,,,12,,,,,,,,
대전동구_도로_무연보통휘발유,2704,2496,3292,2591,3139,3082,3458,2819,2759,3108,3311,3309,3195,2481,3150,2895,3193,3816,2720,3718,3490,3570,3613,3986,3277,3226,4053,3986,3242,3353,3751,3773,4009,3983,3095,4060
대전동구_도로_무연고급휘발유,34,33,48,40,45,59,67,65,70,72,74,71,74,64,73,68,78,102,80,103,95,112,110,121,108,104,130,137,98,106,107,127,133,155,98,127
대전동구_도로_경유(0.001%),3943,3391,4483,3533,4179,4268,4699,3770,3957,3889,4347,4326,4249,3242,4085,3616,4307,4761,3333,4706,4180,4734,4383,4993,3864,4025,4990,4974,3787,4032,4428,4430,4789,4814,3674,4931
대전동구_도로_부탄,1177,1236,1235,1130,1238,1191,1312,1472,1266,1294,1257,1267,1160,1095,1253,1143,1230,1291,1343,1327,1299,1381,1369,1307,1199,1066,1278,1245,1181,1255,1410,1386,1391,1350,1415,1423
대전동구_상업_실내등유,929,585,262,123,196,130,28,108,180,289,476,778,857,451,311,116,64,130,9,16,84,296,311,715,523,746,299,147,83,122,13,24,128,265,266,702
대전동구_상업_경유(0.001%),4,5,,1,,,,,,,,,,,,,,,,,,,,,,,,,,,12,20,20,28,16,28
대전동구_상업_벙커C유(0.3%),6,,14,7,,,,,,,,11,11,,5,,5,5,5,,,,,,,,5,,4,,2,2,2,2,,
대전동구_상업_벙커C유(0.5%),9,3,,,2,4,,8,,4,2,,,8,,6,,,,,2,3,2,2,11,5,,6,,3,,,,,4,11
대전동구_상업_용제원료,1,0,1,2,2,4,3,2,1,5,1,5,2,1,2,2,2,3,3,2,1,5,1,4,2,1,2,2,3,6,4,3,2,9,2,8
대전동구_상업_프로판,385,411,303,349,355,274,204,294,229,265,318,393,418,346,343,381,349,290,230,217,208,280,312,395,404,379,317,390,330,278,205,218,254,229,318,422
대전동구_상업_부탄,41,23,28,31,51,22,17,12,12,10,10,26,41,20,28,31,51,24,17,11,13,11,10,26,42,19,29,34,49,23,18,11,13,11,11,29
대전동구_가정_실내등유,412,265,148,53,37,16,16,15,38,84,152,285,459,258,204,53,24,17,9,13,31,85,104,305,348,385,209,92,35,17,9,9,26,83,117,269
대전동구_가정_경유(0.001%),145,201,145,201,243,250,236,203,174,298,281,319,167,166,238,319,185,228,196,289,247,284,717,819,369,682,686,866,696,503,502,509,613,643,733,691
대전동구_가정_용제원료,2,1,1,2,2,4,3,3,2,3,4,2,3,1,1,2,1,3,3,2,2,3,3,2,3,2,1,2,2,6,3,4,3,4,6,3
대전동구_가정_프로판,330,352,259,220,231,189,181,244,196,226,272,336,358,296,293,241,226,200,204,180,178,239,267,338,345,324,271,246,214,192,182,181,218,196,272,361
대전동구_가정_부탄,10,8,3,2,0,,0,,0,2,4,11,10,7,3,2,0,,0,,0,2,4,11,10,7,3,2,0,,0,,0,2,4,12
대전동구_공공_무연보통휘발유,4,4,,,4,,,4,,4,,4,,,4,,4,,,4,,4,,,4,,,,4,,4,,,4,,
대전동구_공공_실내등유,4,1,2,,,,,,,,,,,,,,,,,,,,,,,,,,,,,,,,,
대전동구_공공_경유(0.001%),94,103,45,46,24,20,,4,,4,,4,,,4,,,,24,24,,40,24,24,48,64,24,48,,20,,,,,,
대전중구_농림수산업_무연보통휘발유,,,,,,,,,,,,,,,,,,,,,,,,,,,,,,,,,,,,0
대전중구_농림수산업_실내등유,,,,,,,,,,,,,,,,,,,,,,,,,,,,,,,,0,,,,
대전중구_식품.담배업_프로판,,,,24,24,20,,,,,,,,,,,,,,,,,,,,,,26,23,20,,,,,,
대전중구_화학제품업_용제원료,3,3,5,5,4,6,7,4,5,4,7,8,5,4,6,6,3,4,7,3,5,4,5,6,6,5,6,6,6,8,9,4,7,6,12,12
대전중구_기타제조업_실내등유,4,2,2,3,1,2,1,3,5,7,3,3,4,2,7,3,3,3,0,2,2,7,5,6,3,2,0,3,1,3,2,2,8,6,1,3
대전중구_기타제조업_경유(0.001%),30,30,56,23,62,30,57,23,24,55,56,48,24,43,32,55,32,56,,30,30,48,29,30,23,,56,29,27,60,29,62,32,30,27,64
대전중구_기타제조업_프로판,521,557,410,154,148,111,242,346,310,358,430,532,566,468,464,168,145,117,273,254,281,378,423,535,546,513,429,172,137,113,243,256,344,310,431,571
대전중구_건설업_실내등유,0,0,,,,,,,0,0,,,,,,,,,,,,,,,0,0,0,0,0,0,0,0,0,0,0,0
대전중구_건설업_아스팔트,81,108,297,296,323,295,165,264,185,247,239,273,54,111,214,243,216,597,217,297,302,242,352,190,81,28,83,327,304,327,383,242,276,249,384,164
대전중구_개스제조_프로판,,,,,,,6,,,,,,,,,,,,,,,,,,,,,,,,6,,,,,
대전중구_도로_무연보통휘발유,3647,3469,4337,3388,4220,3935,4225,3980,3794,3937,3801,3957,4304,3436,3996,3615,3918,4208,3475,4271,4237,4786,3679,4225,3490,3439,4124,4290,3995,4088,4746,4564,4754,4732,3539,4415
대전중구_도로_무연고급휘발유,46,44,59,46,48,56,64,66,70,69,71,71,68,59,77,74,80,84,60,80,77,80,65,76,76,85,87,80,64,77,84,83,85,99,69,85
대전중구_도로_경유(0.001%),4853,4372,6123,4496,5789,5179,5359,4395,4543,4500,4774,4576,5080,3671,4866,4374,4809,5085,3378,5323,4657,5760,3982,4873,3605,4053,5000,5342,4349,4692,5582,4946,4826,4848,3439,4666
대전중구_도로_부탄,3422,3536,3405,3240,3466,3280,3543,3809,3349,3205,3065,3277,3373,3133,3453,3277,3444,3557,3627,3434,3435,3418,3339,3382,3487,3051,3523,3569,3308,3458,3808,3588,3679,3343,3450,3682
대전중구_상업_실내등유,587,396,109,87,36,55,32,27,62,176,223,466,476,272,229,43,45,10,28,7,130,158,219,383,370,404,134,51,41,37,26,11,95,135,126,417
대전중구_상업_벙커C유(0.3%),,,,,,,,,,,,2,8,,5,,,2,2,,,,,,,,,,6,,,3,2,1,4,1
대전중구_상업_벙커C유(0.5%),5,,,3,,1,2,6,,3,2,,,,,,,,,,,,,,3,2,,3,,4,,,,,,
대전중구_상업_용제원료,,3,1,1,0,,,,1,3,1,2,,4,1,2,0,,,,1,3,1,2,,4,1,2,0,,,,2,5,2,4
대전중구_상업_프로판,935,998,735,569,677,498,491,679,556,642,771,953,1014,840,831,622,664,528,553,500,504,678,758,959,979,919,769,637,629,506,492,503,617,556,772,1023
대전중구_상업_부탄,22,13,15,10,11,6,8,8,12,10,13,20,21,12,16,10,11,7,8,8,12,11,15,20,22,12,16,11,10,6,8,8,13,11,15,22
대전중구_상업_부생연료유(등유형),,,,,,,,,,,,,,,,,,,,,,,,,,,,,,,,,,,,
대전중구_상업_부생연료유(중유형),,,,,,,,,,,,,,,,,,,,,,,,,,,,,,,,,,,,
대전중구_가정_실내등유,297,157,85,37,22,15,36,17,45,102,169,260,314,158,111,26,22,12,7,14,36,101,112,307,263,263,98,44,26,19,5,9,42,77,118,237
대전중구_가정_경유(0.001%),4,45,12,16,8,,1,,,17,16,,,,,,16,,,,,,,8,,,8,,27,16,,16,12,,11,13
대전중구_가정_용제원료,1,1,1,10,9,12,9,11,10,10,9,8,2,1,2,12,6,7,9,9,10,10,7,6,2,1,2,11,12,16,12,14,14,16,14,13
대전중구_가정_프로판,838,895,659,556,658,445,449,534,498,576,691,854,909,753,746,608,645,471,506,393,452,608,679,860,878,824,690,621,611,452,450,395,553,498,693,917
대전중구_가정_부탄,12,9,4,2,0,0,,,0,1,4,10,12,8,4,2,0,0,,,0,1,4,11,13,8,4,2,0,0,,,0,1,4,12
대전중구_공공_무연보통휘발유,4,4,4,4,,4,8,4,,4,4,4,4,4,,4,4,,4,4,4,,4,4,,4,,4,,4,,4,4,4,,4
대전중구_공공_경유(0.001%),4,4,4,4,,4,4,4,,4,4,4,,8,,4,4,,4,4,,,4,,4,,4,,,4,4,,4,,,4
대전서구_농림수산업_부생연료유(등유형),,1,,,,,,,,,5,,2,2,,,,,,,,,,,4,5,,,,,,,,,,
대전서구_농림수산업_부생연료유(중유형),22,27,5,,,,5,,4,,5,5,14,15,2,6,,,,,,12,14,4,18,7,2,,,,,,,4,,
대전서구_식품.담배업_프로판,20,21,15,11,9,8,6,9,12,14,16,20,21,18,18,12,9,8,7,6,11,14,16,20,21,19,16,12,8,8,6,6,13,12,16,22
대전서구_화학제품업_용제원료,0,0,0,0,0,1,1,1,1,1,,0,0,0,0,1,0,0,1,1,1,1,,0,0,0,0,0,1,1,1,1,1,2,,1
대전서구_요업_경유(0.001%),,,,,,,,,,,,,,,,,,,,,,,,,,,,,,,,,,5,18,11
대전서구_요업_용제원료,,,,,,,,,0,,,,,,,,,,,,,,,,,,,,,,,,1,,,
대전서구_기타제조업_실내등유,7,4,,,,,,,,,,,,,,,,,,,,,,,,,,,,,,,,,,
대전서구_기타제조업_용제원료,,4,4,7,4,7,8,8,7,5,8,4,,5,5,8,2,4,8,6,7,5,6,3,,6,6,8,5,9,10,10,10,7,13,7
대전서구_기타제조업_프로판,255,273,201,98,98,83,144,192,152,175,211,261,277,230,227,107,96,88,162,141,138,185,207,262,268,251,210,109,91,84,144,142,169,152,211,280
대전서구_기타제조업_부생연료유(중유형),,,18,,13,,26,,19,,14,,,,,,,,,,,,,,,,,,,,,,,,,
대전서구_건설업_실내등유,78,26,7,,,,,,,,,,,,,,,,,,,,,,,,,,,,,,,,,
대전서구_건설업_경유(0.001%),95,91,91,64,73,63,61,61,60,94,104,94,104,81,125,117,122,127,91,111,64,57,50,56,21,35,64,52,56,52,43,44,44,32,15,30
대전서구_도로_무연보통휘발유,5987,5652,7048,5803,7699,7102,7883,6959,6644,7247,7301,7589,7613,5785,7045,5945,6933,7926,6267,8396,8128,7413,6556,7169,5802,6416,7706,7550,6338,7066,7390,7376,7452,7423,5805,7050
대전서구_도로_무연고급휘발유,165,168,228,227,269,254,275,254,250,247,229,246,283,256,334,300,335,350,262,362,350,360,289,338,298,284,328,339,278,315,303,300,295,323,235,302
대전서구_도로_경유(0.001%),5003,4400,5869,4442,5810,5365,5917,4851,5109,4821,5790,5896,5443,3996,4952,4378,5221,5422,3459,5267,4995,5159,4022,4667,3445,3941,4840,5177,3724,4397,4484,4209,4209,4227,3005,4175
대전서구_도로_부탄,2206,2263,2183,2136,2225,2128,2354,2603,2267,2187,2106,2245,2174,2005,2214,2160,2211,2308,2410,2346,2326,2333,2294,2316,2248,1952,2259,2352,2124,2244,2530,2452,2491,2281,2371,2522
대전서구_상업_실내등유,263,174,83,40,64,28,22,41,66,119,209,279,350,169,135,34,28,16,16,29,19,150,56,161,196,183,98,29,39,28,6,10,42,84,92,155
대전서구_상업_경유(0.001%),11,10,14,10,12,11,11,11,12,11,12,11,11,8,10,10,12,12,8,11,10,11,8,10,7,8,10,12,8,9,10,18,11,11,9,11
대전서구_상업_용제원료,11,8,11,17,21,18,10,5,12,10,15,18,18,10,14,20,14,12,10,4,12,10,11,13,20,11,14,19,27,25,13,6,16,16,24,28
대전서구_상업_프로판,222,237,175,186,198,160,120,167,132,153,183,227,241,200,198,203,194,169,135,123,120,161,180,228,233,219,183,208,184,162,121,124,147,132,184,243
대전서구_상업_부탄,15,50,17,6,35,11,38,16,5,8,5,15,15,44,17,6,35,12,38,14,5,8,5,16,16,43,18,6,34,12,40,15,6,8,5,17
대전서구_상업_부생연료유(중유형),,,3,,,,,,,,,,,,,,,,,,,,,,,,,,,,,,,,,
대전서구_가정_실내등유,265,150,82,39,25,15,20,18,42,70,120,199,229,115,82,39,20,13,8,8,47,124,103,223,181,195,94,47,31,27,8,7,23,63,91,175
대전서구_가정_경유(0.001%),118,163,205,149,161,221,165,179,177,262,272,210,194,144,240,226,215,234,173,200,186,252,222,251,204,225,251,257,217,191,200,184,182,182,168,183
대전서구_가정_용제원료,5,4,7,8,8,11,5,6,3,3,3,3,7,5,9,9,5,7,5,5,3,3,2,2,8,5,9,8,11,15,6,8,4,5,5,5
대전서구_가정_프로판,153,164,120,104,83,77,79,104,91,105,126,156,166,138,136,114,82,82,89,77,83,111,124,157,160,151,126,116,77,78,79,77,101,91,127,168
대전서구_가정_부탄,11,8,4,1,0,,,,,2,5,11,11,7,4,1,0,,,,,2,5,12,11,7,4,1,0,,,,,2,5,13
대전서구_가정_부생연료유(중유형),101,53,36,43,13,63,46,79,33,26,27,58,62,70,50,46,32,16,22,27,21,37,34,69,52,26,43,27,50,49,12,50,68,56,56,
대전서구_공공_무연보통휘발유,,,,,,4,,4,,4,,4,,4,,4,,4,,4,,4,,4,,,4,,,4,,4,,,4,
대전서구_공공_경유(0.001%),,,,,,4,,4,,4,,4,4,4,,4,,4,,4,4,,4,,4,,4,,,4,,4,4,,,4
대전유성구_농림수산업_무연보통휘발유,1,1,3,2,5,10,3,3,4,3,3,5,0,1,3,3,4,4,2,4,2,4,3,5,1,1,3,3,3,3,3,3,4,3,3,5
대전유성구_농림수산업_실내등유,67,33,3,3,1,,0,1,2,43,26,24,63,34,6,3,,,0,1,14,17,24,56,32,62,11,2,1,,0,0,3,24,34,39
대전유성구_농림수산업_경유(0.001%),8,9,28,21,33,26,17,16,19,28,36,43,10,11,20,28,30,26,11,20,20,35,25,42,7,9,23,28,25,24,16,16,21,26,30,46
대전유성구_농림수산업_부생연료유(등유형),19,19,15,2,1,,,,18,14,5,4,14,19,15,,3,,,,,11,10,11,15,19,9,4,,,,,,6,17,24
대전유성구_농림수산업_부생연료유(중유형),88,130,115,12,,,,,20,14,10,7,26,19,62,9,2,,,,,10,68,37,106,38,49,28,,,,,,10,45,43
대전유성구_식품.담배업_경유(0.001%),,,,,,3,,,,,,,,,,,,,,,,,,,,,,,,,,,,,,
대전유성구_제지.인쇄업_용제원료,2,,,,2,1,,0,,2,,1,3,,,,2,1,,0,,2,,1,3,,,,3,2,,0,,4,,1
대전유성구_화학제품업_실내등유,13,7,3,0,1,0,1,1,0,1,,,,,,,,,,,,,,,,,,,,,,,,,,
대전유성구_화학제품업_경유(0.001%),,,,,,,,,,,,,,,,,,,,,,,,,,,,,,,,,0,,,
대전유성구_화학제품업_용제원료,1,1,1,2,1,2,2,1,1,1,0,1,2,1,1,2,0,1,2,1,1,1,0,1,2,1,1,2,1,3,3,2,1,1,1,1
대전유성구_화학제품업_부생연료유(등유형),266,208,197,,,,,,,,,,,,,,,,,,,,,,,,,,,,,,,,,
대전유성구_요업_경유(0.001%),32,32,33,47,41,32,33,31,31,47,42,32,32,31,32,31,48,32,15,32,32,32,31,16,31,32,32,16,31,32,32,32,32,32,46,32
대전유성구_기타제조업_실내등유,,,,,,,,,,,1,,,,,,,,,,,,,,,,,,,,,,,,,
대전유성구_기타제조업_경유(0.001%),,,,,,,,1,,,,,,,,,,,,,,,,,0,1,1,1,,,4,0,1,,,1
대전유성구_기타제조업_벙커C유(0.5%),,5,,,,,,,,,,,,,,,,,,,,,,,,,,,,,,,,,,
대전유성구_기타제조업_용제원료,,4,4,4,7,6,5,,13,0,4,6,,5,5,5,4,4,5,,13,0,3,5,,6,5,4,9,8,6,,18,0,7,10
대전유성구_기타제조업_프로판,333,355,262,102,106,80,179,254,198,229,274,339,361,299,296,112,104,85,202,187,179,242,270,341,349,327,274,114,98,81,180,188,220,198,275,364
대전유성구_기타제조업_부생연료유(등유형),,,,115,172,140,161,154,199,131,158,236,299,191,161,117,131,146,134,203,123,165,192,234,246,268,213,177,135,187,115,128,205,190,167,250
대전유성구_건설업_실내등유,1,1,,,,,,,,,0,1,0,1,0,0,,,,,,,,,5,,,,,,,,,,4,30
대전유성구_건설업_경유(0.001%),123,138,98,80,84,91,81,79,101,184,149,75,76,52,87,78,73,91,45,91,26,16,25,24,29,41,32,46,24,7,29,33,13,12,10,10
대전유성구_기타에너지_JETA-1,24,32,20,,40,32,20,49,,,20,,,,,,,,,,,,,,,,,,,,,,,,,
대전유성구_발전_실내등유,,,,,,,,,,,1,1,4,1,1,,,,,,,,1,,,,1,,,,,,,,,4
대전유성구_발전_경유(0.001%),,,,,,,,,,,1,,,,,,,,,,,,,,,,,,,,,,,,0,
대전유성구_도로_무연보통휘발유,8114,7659,9223,7507,9174,8499,9309,8601,8434,8667,8633,8919,9244,7591,9376,8053,8619,9361,7143,8925,8572,8662,7575,8657,7605,7849,9470,9492,7938,8549,9550,9506,9725,9516,8102,10110
대전유성구_도로_무연고급휘발유,522,497,664,564,679,664,722,674,681,696,663,720,767,606,718,665,762,874,594,790,808,894,675,775,671,705,860,889,713,860,938,956,943,1031,750,909
대전유성구_도로_경유(0.001%),6528,5655,6978,5195,6509,6138,6862,5682,5937,5562,6360,6246,6427,5002,6311,5432,6279,6553,4473,6166,5681,6234,5059,6457,4761,5122,6161,6488,4681,5209,5809,5643,6059,6017,4469,6732
대전유성구_도로_부탄,1647,1697,1642,1604,1683,1620,1749,1946,1746,1628,1555,1582,1623,1504,1665,1623,1672,1756,1790,1754,1791,1736,1694,1633,1678,1464,1699,1767,1606,1708,1880,1833,1918,1698,1751,1777
대전유성구_해운_경유(0.05%),,6,3,5,5,,,7,,5,6,,,17,,7,,11,,5,,4,,13,,,16,3,,10,,9,10,,,4
대전유성구_상업_무연보통휘발유,14,6,6,4,2,16,10,20,6,8,8,2,8,43,36,10,13,8,21,10,8,20,10,2,2,,7,15,9,19,14,16,6,7,25,3
대전유성구_상업_실내등유,121,86,29,16,8,7,6,14,25,25,50,92,102,64,39,18,8,4,6,14,16,69,41,83,97,90,36,14,7,10,4,4,8,48,42,78
대전유성구_상업_경유(0.001%),17,5,24,15,6,14,18,27,10,8,5,8,24,278,105,11,17,8,16,22,10,15,20,14,13,17,19,16,20,19,17,23,22,18,20,5
대전유성구_상업_용제원료,9,13,22,26,30,22,14,7,6,6,8,7,14,17,29,30,19,14,14,5,6,6,6,5,17,19,29,29,38,30,17,8,8,9,13,11
대전유성구_상업_항공터빈유,,,,,,,,,,,,,20,,,20,32,,,20,,,32,20,,,,,,,,,,,,
대전유성구_상업_JP-8,,,,,,,,,,,,,,,,,,,,,,,,,32,,22,20,32,32,32,31,28,32,,24
대전유성구_상업_프로판,448,479,352,413,399,327,237,318,267,308,370,457,487,403,399,452,392,346,267,234,242,325,363,460,470,441,369,462,371,332,238,236,296,267,371,491
대전유성구_상업_부탄,25,21,23,17,17,1,19,36,6,7,4,20,25,19,23,17,17,2,19,33,6,7,5,20,25,18,24,18,16,2,20,34,6,7,5,22
대전유성구_상업_부생연료유(등유형),,,,,,,,,,,,2,,,,,,,,,,,,,,,,,,,,,,,,
대전유성구_가정_실내등유,419,223,103,52,39,17,28,20,59,90,209,349,366,216,148,50,30,15,15,24,48,166,146,315,300,342,131,46,31,18,8,11,25,95,133,282
대전유성구_가정_경유(0.001%),8,8,9,12,8,12,12,8,8,,11,2,19,4,4,3,6,5,5,8,4,10,8,8,8,8,8,12,,,3,7,4,8,13,8
대전유성구_가정_용제원료,0,,0,,0,,0,,0,2,3,3,0,,0,,0,,0,,0,2,2,3,0,,0,,0,,0,,1,3,5,5
대전유성구_가정_프로판,182,195,143,121,120,102,99,133,108,125,150,186,198,164,162,132,118,108,112,98,98,132,148,187,191,179,150,135,112,104,100,98,120,108,151,200
대전유성구_가정_부탄,10,5,2,1,0,,,,0,2,3,8,10,5,2,1,0,,,,0,3,3,8,10,5,2,1,0,,,,0,2,3,9
대전유성구_공공_무연보통휘발유,,28,20,,20,36,36,39,20,20,,20,,36,,,20,20,,67,40,,20,44,24,,,20,52,20,,28,40,20,,40
대전유성구_공공_실내등유,948,571,206,40,50,20,0,20,13,4,54,444,863,668,333,1,1,,0,,217,116,53,314,324,256,114,2,2,,,370,21,173,57,125
대전유성구_공공_경유(0.05%),,,,,59,60,81,165,,31,,,,,,,,,,,,,,,,,,724,8,764,,226,182,,678,
대전유성구_공공_경유(0.001%),314,143,155,152,179,225,196,496,1032,697,1255,1067,469,206,90,91,82,175,117,523,974,681,969,892,560,399,304,109,51,177,32,105,754,1021,1175,1269
대전유성구_공공_용제원료,,,,,,1,,,,,,,,,,,,,,,,,,,,,,,,1,,,,,,
대전유성구_공공_JETA-1,2600,2144,3084,2584,2912,2712,1732,2188,,,,,,,,,,,,,,,,,,,,,,,,,,,,
대전유성구_공공_부탄,,,,2,,,,,,,,,,,,,,,,,,,,,,,,2,,,,,,,,
대전유성구_공공_부생연료유(등유형),,30,24,7,45,,,20,,,41,42,9,44,24,7,,21,,,20,41,45,53,15,57,56,,26,,,,,58,55,59
대전대덕구_농림수산업_무연보통휘발유,1,1,1,1,1,1,1,1,1,1,1,1,1,1,1,1,1,1,1,1,1,1,1,1,1,1,2,1,1,2,1,2,2,2,2,2
대전대덕구_농림수산업_실내등유,,,,,,,,,,1,,,,,,,,,,,,,,,,,,,,,,,,1,,
대전대덕구_농림수산업_경유(0.001%),1,1,1,1,1,1,1,1,1,1,1,1,1,1,1,1,1,1,1,1,1,2,1,2,1,1,2,2,1,2,3,3,2,3,2,3
대전대덕구_섬유제품업_부생연료유(중유형),37,23,23,27,11,26,21,22,16,15,17,22,28,25,23,19,9,9,22,11,21,18,17,24,31,16,26,21,22,29,11,14,19,23,13,28
대전대덕구_화학제품업_경유(0.001%),10,9,10,,8,10,8,15,10,,15,,,,,,,,,,,,,,10,,10,10,13,,25,10,12,10,,10
대전대덕구_화학제품업_용제원료,145,62,106,19,45,52,34,32,43,126,43,51,230,80,138,21,30,33,34,25,43,128,32,38,265,90,139,21,59,72,43,39,60,205,69,79
대전대덕구_화학제품업_부생연료유(중유형),4,3,3,,2,3,4,3,3,3,2,3,3,,3,3,3,13,,2,4,,3,3,3,,3,3,4,4,2,3,4,,3,7
대전대덕구_요업_경유(0.001%),,,,,3,,,,,,3,,,,,,,,,,,,,,,,,,,,,,,,,
대전대덕구_기계조립업_실내등유,28,18,12,8,8,7,11,7,11,13,18,25,30,16,14,8,7,8,6,7,8,7,12,23,18,17,11,9,6,0,,,,,,
대전대덕구_기계조립업_경유(0.001%),24,28,47,38,59,70,67,52,72,54,57,47,38,32,47,39,38,54,34,42,28,37,28,33,25,24,46,34,20,23,30,31,25,36,13,19
대전대덕구_기계조립업_용제원료,2,0,2,2,,1,4,3,2,3,1,,3,1,3,2,,1,4,2,2,3,1,,3,1,3,2,,2,5,3,2,5,2,
대전대덕구_수송장비업_무연보통휘발유,,,,,,6,,,6,,4,,4,,4,,,,,,,,,,,,,,,,,,,,,
대전대덕구_수송장비업_프로판,,,,,,4,,,,,,,,,,,,,,,,,,,,,,,,4,,,,,,
대전대덕구_기타제조업_무연보통휘발유,,,0,,,,,,,,,,,,,,,,,,,,,,,,,,,0,0,,,,,
대전대덕구_기타제조업_실내등유,8,4,1,0,,,0,0,,,4,3,3,3,1,0,0,,,,1,6,1,4,2,1,2,0,0,,,0,0,,2,8
대전대덕구_기타제조업_경유(0.001%),0,,,,,,,,,,,,,,,,,,,,,,,,,0,0,,,1,0,48,49,49,47,73
대전대덕구_기타제조업_용제원료,1,3,3,3,3,2,4,33,4,1,26,6,1,4,4,4,2,1,4,26,4,1,19,5,1,4,4,4,4,3,5,40,6,1,41,10
대전대덕구_기타제조업_프로판,1031,1101,810,396,386,318,588,817,613,708,850,1051,1119,926,917,433,379,337,663,602,556,748,836,1058,1080,1014,849,443,359,323,590,605,681,613,852,1129
대전대덕구_기타제조업_부탄,0,0,0,0,,,,,,0,0,1,0,0,0,0,,,,,,0,0,1,0,0,0,0,,,,,,0,0,1
대전대덕구_기타제조업_부생연료유(등유형),5,4,3,2,3,2,3,1,4,1,3,1,3,3,1,2,,1,,1,3,2,1,3,1,1,2,1,1,2,1,1,1,2,1,1
대전대덕구_건설업_무연보통휘발유,,,0,0,0,0,0,0,0,0,0,0,,,,,,,,,,,,,0,0,0,0,0,0,0,0,0,0,0,0
대전대덕구_건설업_실내등유,208,190,11,,9,,,,,,74,264,411,203,69,5,,1,1,1,2,3,44,308,249,317,36,7,2,1,1,2,2,9,42,301
대전대덕구_건설업_경유(0.001%),290,391,546,344,576,482,456,404,472,643,1103,865,745,444,1036,792,858,1168,423,830,652,970,849,998,572,111,669,359,304,812,837,735,619,662,591,780
대전대덕구_건설업_프로판,4,5,3,,,,,,3,3,4,4,5,4,4,,,,,,2,3,3,4,4,4,4,,,,,,3,3,4,5
대전대덕구_건설업_아스팔트,54,56,54,108,,28,28,53,,,,28,,,187,29,,80,54,27,137,188,190,26,106,,,,27,27,,,28,,187,135
대전대덕구_기타에너지_윤활기유,,20,,,,,,,,,,,,,,,,,,,,,,,,,20,,,,,,,20,,
대전대덕구_발전_경유(0.001%),,,,19,,,,,,,,,,,,,,,,,,,,,,,,,,,,,,,,
대전대덕구_철도_경유(0.001%),,,253,144,216,239,72,71,143,72,288,169,254,253,169,252,335,167,83,,249,167,252,337,169,255,169,253,168,251,83,,83,251,252,337
대전대덕구_도로_무연보통휘발유,5948,5711,6921,5622,7356,6718,7429,6670,7091,7687,7403,7609,7537,6017,7370,6684,7258,8121,6568,8311,8246,8189,6836,7692,6569,6528,8070,7974,6723,7319,8466,8458,8434,8490,6336,7651
대전대덕구_도로_무연고급휘발유,130,127,190,165,189,196,218,214,210,224,211,231,255,194,234,229,247,297,221,308,300,291,240,277,245,236,302,337,277,315,328,329,321,388,290,340
대전대덕구_도로_경유(0.001%),9880,8625,11168,8901,11428,10589,12289,9776,10434,9931,11007,10726,10742,8149,11339,9931,11221,12227,8426,11660,10186,11927,9735,11008,8224,9326,11031,11349,8164,9088,10222,9795,10391,10420,7603,10004
대전대덕구_도로_부탄,2547,2702,2612,2480,2624,2501,2774,3093,2234,2630,2521,2601,2510,2395,2649,2508,2607,2712,2840,2788,2291,2806,2746,2684,2595,2331,2703,2732,2504,2637,2981,2913,2454,2744,2838,2922
대전대덕구_상업_실내등유,555,368,135,107,51,51,51,30,88,150,230,393,426,215,193,43,42,42,14,51,35,188,155,230,293,283,111,59,40,50,18,1,65,99,158,302
대전대덕구_상업_경유(0.001%),41,33,40,28,41,36,28,23,19,29,34,42,30,26,41,33,37,45,19,33,47,39,43,39,35,31,40,50,33,29,37,41,31,49,25,27
대전대덕구_상업_용제원료,0,,0,0,4,5,3,3,4,4,6,4,0,,0,0,3,3,3,3,4,4,4,3,0,,1,0,5,7,4,4,5,7,10,6
대전대덕구_상업_JETA-1,,,,,,180,497,781,452,622,673,385,780,592,591,621,418,557,386,531,908,934,954,556,731,568,1215,828,599,545,689,654,956,876,722,399
대전대덕구_상업_JP-8,,,,,,,,,,,,,,,,,,,,,,,,,,10,366,,48,72,,4,11,,,193
대전대덕구_상업_프로판,1151,1229,905,903,898,732,618,766,684,791,949,1173,1249,1034,1024,988,882,775,696,564,620,835,933,1181,1206,1132,947,1010,835,744,620,567,760,684,951,1260
대전대덕구_상업_부탄,47,70,16,15,8,19,18,22,14,16,14,35,46,62,16,15,7,20,18,19,15,17,16,36,48,60,16,16,7,20,19,20,16,17,16,39
대전대덕구_상업_부생연료유(등유형),,1,2,1,1,,,,,2,,2,2,,,,,,,,,,,,,,,,,,,,,,,
대전대덕구_가정_실내등유,333,194,81,38,27,24,52,31,41,89,176,252,307,150,121,34,25,20,23,51,50,88,119,255,218,264,96,47,34,58,29,28,42,78,103,203
대전대덕구_가정_경유(0.001%),187,216,302,238,228,336,127,144,215,206,203,199,143,92,102,78,100,157,55,81,104,108,100,67,91,113,124,150,154,168,108,145,155,140,132,103
대전대덕구_가정_용제원료,1,5,2,5,3,5,4,7,11,9,10,9,1,6,2,6,2,4,4,6,11,9,8,7,1,7,2,6,4,8,5,9,16,14,16,14
대전대덕구_가정_프로판,601,642,472,472,463,379,339,392,357,413,495,612,652,540,534,516,455,402,382,289,324,436,487,616,629,591,495,528,431,386,340,290,397,357,496,658
대전대덕구_가정_부탄,29,23,13,5,0,,,,,9,12,29,29,20,13,6,0,,,,,9,13,30,30,20,13,6,0,,,,,9,14,33
대전대덕구_공공_무연보통휘발유,,,,,,,,,,,,,,,,,,,,,,,,,,,,,1,2,5,4,4,6,3,5
대전대덕구_공공_실내등유,20,8,4,4,1,,,,,1,9,10,12,8,5,1,3,,,,,,18,4,13,25,1,5,,,,,,4,14,22
대전대덕구_공공_경유(0.001%),120,79,115,157,79,99,122,96,98,117,100,153,101,,122,79,102,125,38,7,10,8,14,16,6,9,16,27,17,17,14,40,25,37,10,67
