수의계약일련번호,사업자등록번호,업체명,대표자명,주소
2025010010,1078151022,(주)나눔기술,서 흥 대,"서울특별시 강남구 논현로 626, 엠빌딩 5층(논현동)"
2025010020,2148612318,나라아이넷(주),박효주,서울특별시 영등포구 영등포동 8가 92 KNK 디지털타워 1
2025010030,2158169556,네이버시스템 주식회사,임병조,서울특별시 송파구 가락동78 아이티벤처타워 동관 16층 1601
2025010040,2118698485,(주)와이즈넛,강용성,"경기도 성남시 분당구 대왕판교로644번길 49삼평동, DTC타워5,6층"
2025010050,6613300778,두영정보통신,김대환,서울특별시 구로구 개봉로15길 10-14
2025010060,1208735901,(주)유비디시전,신동우,"서울특별시 강남구 학동로8길 10,  은솔빌(논현동)"
2025010070,1208741140,인스피언(주),최정규,서울특별시 금천구 가산동 60-15 삼성리더스타워 1308
2025010080,5138118285,주식회사 이지닉스,전종대,서울특별시 강남구 대치동995-23양유빌딩5층
2025010090,2298110559,이지소프트주식회사,황택현,서울특별시 구로구 구로3동 235 한신IT타워1116호
2025010100,2088113302,주식회사 에스원,남궁범,"서울특별시 중구 세종대로7길25(순화동, 삼성생명에스원 빌딩)"
2025010110,2138639269,주식회사 하이드로넷,박준기,경기도 성남시 중원구 상대원동513-3 반포테크노피아 911
2025010120,1138614764,(주)이노가드,최용기,"서울특별시 구로구 디지털로31길 38-21, 209호"
2025010130,1198135272,(주)클루닉스,서진우,서울특별시 영등포구 문래동3가54-66번지 에이스하이테크시티 1-1206호
2025010140,1208796816,주식회사 한국에스리,윤리차드케이,"서울특별시 강남구 테헤란로87길36-0 (삼성동, 도심공항타워) 2005호"
2025010150,2260884909,명성이앤지,김동호,강원도 강릉시 보래미하길 85
2025010160,1128200217,사단법인 대한지질학회,김영석,서울특별시 강남구 테헤란로 7길 22 한국과학기술회관 1관 813
2025010170,2228129663,주식회사 부길전기,김대환,강원도 동해시 공단12로 25
2025010180,6108128051,주식회사 고구려산업,변충섭,울산광역시 남구 신정동 161-5
2025010190,1388197129,주식회사 한국환경연구소,안교원,"경기도 안양시 동안구 귀인로 51, 4,5층"
2025010200,6128112628,주식회사코리아여행사,유원석,경상남도 통영시 통영해안로237 (항남동)
2025010210,1128200217,사단법인 대한지질학회,김영석,서울특별시 강남구 테헤란로 7길 22 한국과학기술회관 1관 813
2025010220,2460203209,정인건축,강미영,전라남도 여수시 소라면 관기길 3-1
2025010230,2148638356,(주)휴넷,조영탁,"서울특별시 구로구 디지털로26길 5, 에이스하이엔드타워1차 818호"
2025010240,8990701539,에스지( S.G )제조산업,방인규,전라남도 여수시 소라면 관기길 3-1 1층
2025010250,1168101389,한영회계법인,박용근,서울특별시 영등포구 여의도동10-2
2025010260,4178134615,주식회사드림코,김희석,전라남도 여수시 대통2길 67-4
2025010270,1038800928,주식회사 씨에이치엔지니어링,원유찬,"경기도 용인시 처인구 중부대로 1403, 5층 503호"
2025010280,3138128903,(주)건영,안대환,"충청남도 당진시 무수동로 2392층 203호(읍내동, 성화빌딩)"
2025010290,1288105641,주식회사 에너토크,이충열,경기도 여주시 세종대왕면 능여로 344
2025010300,1081868347,월드 트래이딩,곽윤두,"경기도 김포시 태장로 741, 5층 571호(장기동, 경동미르웰시티)"
2025010310,8278802468,(주)우진에프텍,장준혁,"경기도 평택시 청북읍 오성산단로 22, 2층"
2025010320,1178105388,(주)파워킹펌프,신아영,경기도 광명시 원노온사로 16
2025010330,8278802468,(주)우진에프텍,장준혁,"경기도 평택시 청북읍 오성산단로 22, 2층"
2025010340,6108626887,우리에너지 주식회사,하해문,"울산광역시 남구 장생포고래로199 (장생포동, 113) 2층"
2025010350,2668600531,에이치디현대일렉트릭 주식회사,조석,경기도 성남시 분당구 분당수서로 477(정자동)
2025010360,1438116962,주식회사 에이스엘이디,김민정,경기도 용인시 처인구 남사읍 처인성로 928
2025010370,5138173503,에스텍이엔씨 주식회사,김정훈,"경기도 부천시 조마루로385번길,80,1301호"
2025010380,1298159927,한길플랜트 주식회사,김재일,인천광역시 계양구 봉오대로512번길11 (효성동)
2025010390,4158144723,주식회사 선경,신선경,강원특별자치도 태백시 싸리밭길48(화전동)
2025010400,1081868347,월드 트래이딩,곽윤두,"경기도 김포시 태장로 741, 5층 571호(장기동, 경동미르웰시티)"
2025010410,3118146583,주식회사 에스엠에너지,장태천,충청남도 당진시 대덕로 21(대덕동)
2025010420,6058610253,주식회사 호성테크,홍영의,부산광역시 동구 중앙대로 180번길 12-15
2025010430,2638702013,주식회사 늘푸른숲,조유진,전남 순천시 송광면 쌍향수길 1571
2025010440,5538501382,누리나루,안애영,"경기도 하남시 미사강변서로 25, 제6층 제에프635호, 제에프637호"
2025010450,1068119621,삼일회계법인,윤훈수,서울특별시 용산구 한강로2가 191
2025010460,2271018496,골드중기,윤은선,"전라남도 여수시 웅천북로 34, 3층(웅천동)"
2025010470,6858700419,주식회사 엠티씨엠,최원천,서울특별시 용산구 한강대로96길 36(갈월동)
2025010480,1058190922,(주)유아이티,김성태,서울특별시 강남구 역삼동832-21 태양21빌딩 5층
2025010490,2298134605,크리니티(주),유병선,서울특별시 금천구 벚꽃로 244
2025010500,2068601936,(주)비에이치컨설팅,이완재,"서울특별시 금천구 가산디지털1로212-0 (가산동, 코오롱 디지털타워 애스턴)809"
2025010510,3718101327,주식회사 서호건설,유근상,경기도 용인시 처인구 양지면 양주로 206-2
2025010520,1058707196,주식회사 이노크루,이용각,서울특별시 마포구 매봉산로37 (상암동) 13층 130
2025010530,1198113512,주식회사 동우밸브콘트롤,최성일,서울특별시 금천구 다지털로 9길 68
2025010540,6848600141,주식회사 네오,심선오,"전라남도 여수시 소호로514, 4층(소호동, 에벤에셀빌딩)"
2025010550,7810302068,에이스건설산업,김진욱,"인천광역시 서구 경명대로 706번길 16, 301호"
2025010560,1278659455,(주)효덕산업,심주영,경기도 남양주시 가운로1길7 (다산동) 아인스빌 2층 201호
2025010570,1258163128,주식회사 다현정보통신,정지혜,경기도 평택시 중앙로 39-1
2025010580,2148185820,트레인코리아(주),정수비,서울특별시 마포구 월드컵북로56길 12(상암동 트루텍빌딩8층)
2025010590,3078127272,(주)세종엔지니어링,이태희,"충남 공주시 봉황로 14(봉황동,2층)"
2025010600,3078206478,국립공주대학교 산학협력단,김송자,충남 공주시 신관동 182
2025010610,6188108286,프라모코리아(주),구영범,"부산광역시 해운대구 센텀동로35,608호(우동,센텀에스에이치 밸리"
2025010620,2799600327,독서돕는 사람들,오정주,"부산광역시 수영구 수미로49번길 6, 1층"
2025010630,6678700949,주식회사 휴스테이션,박경재,"서울특별시 마포구 마포대로 86310호(도화동, 창강빌딩)"
2025010640,8522301845,해인전기,김수인,서울특별시 영등포구 문래로 164 1층 L06호
2025010650,3128219408,사단법인 햇살,최명용,충청남도 천안시 동남구 성남면 석곡3길60
2025010660,3838602187,주식회사 지오버스,김미선,강원특별자치도 원주시 이화3길 10-4 1층
2025010670,1250386249,소명건설,박수영,경기도 안성시 금산동194-1 202호
2025010680,1298159927,한길플랜트 주식회사,김재일,인천광역시 계양구 봉오대로512번길11 (효성동)
2025010690,3681900591,에스시스템,최익준,"경기도 의정부시 용현로105번길 7-21, 205호(민락동, 서림빌딩)"
2025010700,1288105641,주식회사 에너토크,이충열,경기도 여주시 세종대왕면 능여로 344
2025010710,1208661756,(주) 도엘,양도성,경기도 하남시 덕풍동 762 아이테코 325
2025010720,1438116962,주식회사 에이스엘이디,김민정,경기도 용인시 처인구 남사읍 처인성로 928
2025010730,3681900591,에스시스템,최익준,"경기도 의정부시 용현로105번길 7-21, 205호(민락동, 서림빌딩)"
2025010740,3168120690,주식회사 혜민이엔지,임은희,"충청남도 태안군 태안읍 후곡로 63, 501호"
2025010750,3168107815,주식회사 태림산업,이필성,충청남도 서산시 인지면 애정길 101
2025010760,7058102397,주식회사 이노사인,최미진,경기도 시흥시 신현로287번길 21-3
2025010770,1298115384,(주)일우인터내셔날,우진태,경기도 성남시 중원구 상대원동 333-7 금강펜테리움아이티타워A-901
2025010780,7058102397,주식회사 이노사인,최미진,경기도 시흥시 신현로287번길 21-3
2025010790,7058102397,주식회사 이노사인,최미진,경기도 시흥시 신현로287번길 21-3
2025010800,1218195365,덕신기술(주),한응규,전라남도 여수시 소라면 여순로 172
2025010810,2548700817,주식회사 비츠로이엠,장택수,경기도 안산시 단원구 별망로 327(성곡동)
2025010820,4108207550,광주과학기술원,임기철,광주광역시 북구 첨단과기로123 (오룡동)
2025010830,1178112915,(주)코세코,이종언,서울특별시 양천신정7 162-31
2025010840,8278802468,(주)우진에프텍,장준혁,"경기도 평택시 청북읍 오성산단로 22, 2층"
2025010850,3108113809,(주)가야엔지니어링,최상윤,충청남도 서산시대산읍 명지1로 296-4
2025010860,5608703382,주식회사 데이터마인드랩,천순옥,서울특별시 송파구 법원로11길11 (문정동)  A동 505호
2025010870,3268700198,주식회사 비씨에너지,임윤홍,경북 경주시 외동읍 개곡공단길 128
2025010880,1168170950,삼천리활성탄소(주),김성환,충청남도 연기군 남면 월산리659
2025010890,1358201164,용인시산림조합,이대영,경기도 용인시 처인구 중부대로1345
2025010900,3128680084,주식회사 아이에이치컨설턴시,이서영,제주특별자치도 제주시원노형3길 4-9(노형동)
2025010910,2048197877,주식회사 그린주의,김현미,"서울특별시 중랑구 봉화산로 123,703호"
2025010920,1198141769,주식회사 지오그린21,천정용,서울특별시 구로구 디지털로33길 55
2025010930,6868802187,주식회사 이에스지파트너스,김남주,"서울특별시 영등포구 국제금융로 70, 1205호"
2025010940,7398103384,주식회사 송산조경,김보민,"경기도 화성시 꽃내음1길 21, 7층 705호(새솔동,원)"
2025010950,5108601378,주식회사 모코엠시스,김인수,"서울특별시 마포구 상암산로 76, 14층(YTN뉴스퀘어)"
2025010960,1310829893,jt공조,이 태숙,인천광역시 서구 한서로90번길 27
2025010970,1288105641,주식회사 에너토크,이충열,경기도 여주시 세종대왕면 능여로 344
2025010980,1358201164,용인시산림조합,이대영,경기도 용인시 처인구 중부대로1345
2025010990,6128601811,(주)야베스,박순옥,경상북도 울진군 죽변면 죽변북로 130 1층
2025011000,2138639269,주식회사 하이드로넷,박준기,경기도 성남시 중원구 상대원동513-3 반포테크노피아 911
2025011010,1081877415,구주코포레이션,박건우,서울특별시 영등포구 신길동 22-5 대우디오빌 615
2025011020,1438116962,주식회사 에이스엘이디,김민정,경기도 용인시 처인구 남사읍 처인성로 928
2025011030,4178123613,주식회사 한특건설,윤석택,전라남도 여수시 봉계6길 39(봉계동)
2025011040,7458802171,(주)제이케이플러스,박종국,"경기도 수원시 영통구 창룡대로256번길 77, 1308호"
2025011050,2118160529,한국에머슨 주식회사,정재성,경기도 용인시 수지구 대지로 259-1(죽전동)
2025011060,3168107815,주식회사 태림산업,이필성,충청남도 서산시 인지면 애정길 101
2025011070,3338700594,주식회사 에이치엔디,한을진,경기도 양평군 서종면 소구니2길23-8
2025011080,6108165639,하나쉽핑 주식회사,박상준,"울산광역시 중구 함월10길 6,2층(성안동, 한국국토정보공사 울산"
2025011090,6108154791,대상해운(주),김준향,울산광역시 울주군 온산읍 처용산업1길57
2025011100,1081868347,월드 트래이딩,곽윤두,"경기도 김포시 태장로 741, 5층 571호(장기동, 경동미르웰시티)"
2025011110,4918701002,한양기전공업 주식회사,호은선,인천광역시 서구 원전로 59번길6 1동 110호
2025011120,3208100373,영진산업주식회사,이종길,강원도 삼척시 동해대로 4306-13
2025011130,4178123613,주식회사 한특건설,윤석택,전라남도 여수시 봉계6길 39(봉계동)
2025011140,5028198182,에스정보통신 주식회사,황유모,대구광역시 북구 경대로17길47-0 (복현동) 아이티융합산업빌딩 810호
2025011150,1081868347,월드 트래이딩,곽윤두,"경기도 김포시 태장로 741, 5층 571호(장기동, 경동미르웰시티)"
2025011160,5808702067,주식회사 국제통신공업서비스센터,채영선,"경기도 안산시 단원구 초지로128, 306호 (초지동, 포커스프라자)"
2025011170,2538700681,주식회사 디아이,박호,울산광역시 북구 명촌18길8-1 (진장동)
2025011180,6140596130,태성산업,이상관,"경기도 용인시 처인구 이동읍 이원로 106, 1층"
2025011190,4168126179,(주)승진유공압테크,김승국,전라남도 여수시 율촌면 율촌산단2로 203-103
2025011200,6498800856,주식회사 엠에스전기,염미진,부산광역시 서구 보수대로242번길 8
2025011210,7058102397,주식회사 이노사인,최미진,경기도 시흥시 신현로287번길 21-3
2025011220,7058102397,주식회사 이노사인,최미진,경기도 시흥시 신현로287번길 21-3
2025011230,3168107815,주식회사 태림산업,이필성,충청남도 서산시 인지면 애정길 101
2025011240,1258124896,케이씨안전기술 주식회사,김정완,전남 광양시 옥곡면 신금산단1길 29
2025011250,1138128787,(주)한양인더스트리,손희,경기도 안산시 상록구 장하로 311(장하동)
2025011260,3158801044,공진산업주식회사,김점영,전라남도 광양시 옥곡면 명주1길 84
2025011270,3198702484,주식회사 백호이앤티,조현미,경기도 평택시 포승읍 포승남로 487-8
2025011280,3718800671,(주)대창이앤씨,김창선,전라남도 여수시 망양로1144-0 (상암동)
2025011290,3168107815,주식회사 태림산업,이필성,충청남도 서산시 인지면 애정길 101
2025011300,7928801111,주식회사 씨테크코퍼레이션,이상돈,"경기도 김포시 양촌읍 모산로13번길 60, 나동"
2025011310,1348613200,에스티인 주식회사,장미리,"경기도 안산시 상록구 본오로 31-6, 101호(본오동)"
2025011320,5088114007,주식회사 진산건설,허은숙,경남 거제 상동1길 39-1
2025011330,6212044889,아트원,박정희,부산광역시 금정구 중앙대로 2097번길 36
2025011340,1398128455,신라파이어 주식회사,이정규,인천광역시 남동구 논현동 433-11 22B-8L
2025011350,1168101389,한영회계법인,박용근,서울특별시 영등포구 여의도동10-2
2025011360,7398103384,주식회사 송산조경,김보민,"경기도 화성시 꽃내음1길 21, 7층 705호(새솔동,원)"
2025011370,2188101953,주식회사 비츠로시스,이기재,"서울특별시 금천구 가산디지털1로 225,513,514,515호(가"
2025011380,3838602187,주식회사 지오버스,김미선,강원특별자치도 원주시 이화3길 10-4 1층
2025011390,1908602718,주식회사 디에이컴퍼니,이정애,"울산광역시 중구 성안로 132, 1층"
2025011400,4098198466,주식회사 조은조경,진성태,"강원도 동해시 송정로 12,1층"
2025011410,3168107907,주식회사 윤호전기통신,전순진,충청남도 서산시 인지면 애정리 151-1
2025011420,2271018496,골드중기,윤은선,"전라남도 여수시 웅천북로 34, 3층(웅천동)"
2025011430,8908100019,주식회사 세이브이앤씨,김강환,"경기도 남양주시 순화궁로 249, N동 1704호(별내동, 별내역 파라곤스퀘어)"
2025011440,1018148946,(주)이씨뱅크,최승관,"서울특별시 영등포구 경인로 775, 2동 12층 1203호"
2025011450,2118160529,한국에머슨 주식회사,정재성,경기도 용인시 수지구 대지로 259-1(죽전동)
2025011460,5010450883,행복한 일 연구소,문강분,"서울특별시 종로구 자하문로24길 581,2층(효자동)"
2025011470,5118117922,주식회사 신흥,신승열,"강원도 삼척시 도계읍 마교안길13, 2호"
2025011480,1198135272,(주)클루닉스,서진우,서울특별시 영등포구 문래동3가54-66번지 에이스하이테크시티 1-1206호
2025011490,8930800432,영동 V&A,유정숙,"강원도 강릉시 사임당로 180,502호"
2025011500,3142562913,맥스컴,이문섭,"대전광역시 대덕구 대화로 160, 3동 318호"
2025011510,4178129882,주식회사대한방재,김건우,전라남도 여수시 학동 191-2 2층
2025011520,2118108071,주식회사 정원엔시스,한덕희,서울특별시 강남구 신사동 507
2025011530,6158139965,주식회사 탑세이프,심영보,경상남도 김해시 주촌면 서부로1293번길 100
2025011540,4178206488,전남대학교산학협력단여수산학협력본부,김상훈,전라남도 여수시 대학로 50전남대학교여수캠퍼스 대학본부5층 여수산학협력본부
2025011550,3058621850,(주)디엔통신,전재민,대전광역시 대덕구 대화로139번길 33(대화동)
2025011560,1298159927,한길플랜트 주식회사,김재일,인천광역시 계양구 봉오대로512번길11 (효성동)
2025011570,7058102397,주식회사 이노사인,최미진,경기도 시흥시 신현로287번길 21-3
2025011580,2298131568,주식회사하우리,김희천,서울특별시 종로구 충신동 60 예일빌딩 8층
2025011590,3118127984,주식회사 드림개발,이민희,충청남도 당진시 순성면 남부로 1088
2025011600,1298159927,한길플랜트 주식회사,김재일,인천광역시 계양구 봉오대로512번길11 (효성동)
2025011610,3018626867,한국건설연구소 주식회사,서진욱,충청북도 청주시 상당구 남일면 쌍수관기길 5-28
2025011620,7398103384,주식회사 송산조경,김보민,"경기도 화성시 꽃내음1길 21, 7층 705호(새솔동,원)"
2025011630,1418118585,주식회사 하이디,김건수,경기도 파주시 법원읍 파주로2550-0
2025011640,2260884909,명성이앤지,김동호,강원도 강릉시 보래미하길 85
2025011650,1798603419,주식회사 에스솔루션,김성훈,"경기도 용인시 수지구 광교중앙로 338, 씨동 411호"
2025011660,6068510657,오티스엘리베이터(유),조익서,부산광역시 연제구 거제대로 270(거제동)
2025011670,3058632740,주식회사 아이디,박근영,대전 중구 어덕마을로150번길 5
2025011680,3678101309,주식회사 가람비즈,신윤,"서울특별시 구로구 디지털로27가길17, 9층 903호 (구로동, 오닉스지식산업센터)"
2025011690,8771400616,마이더스 법률사무소,채시호 외 1명,"울산광역시 남구 법대로81번길 4, 2층(옥동, 거화법률빌딩)"
2025011700,1358201164,용인시산림조합,이대영,경기도 용인시 처인구 중부대로1345
2025011710,1278179719,태진테크주식회사,이정자,"경기도 의정부시 산단로76번길 47 (용현동,용현산업단지)"
2025011720,2148644014,주식회사씽굿,신선경,서울특별시 금천구 벚꽃로298 대륭포스트타워6차 607호
2025011730,4108631193,주식회사 무강기업,박생봉,전라남도 장성군 삼계면 영장로 900-46
2025011740,8628600042,주식회사 아키브소프트,김지성,"경기도 고양시 덕양구 청초로66, 리버워크 A동 1001호"
2025011750,3168107815,주식회사 태림산업,이필성,충청남도 서산시 인지면 애정길 101
2025011760,4058112582,해밀조경 주식회사,손지현,"인천광역시 남동구 소래역로 28,502-3호(논현동,조은프라자)"
2025011770,3128188679,(주)유성,정성욱,충청남도 천안시 직산읍군동리 114-4번지
2025011780,2642401098,우리이웃타일,이일하,강원특별자치도 동해시 청운1길30 108동113호 쇄운동 부영아파트
2025011790,1438116962,주식회사 에이스엘이디,김민정,경기도 용인시 처인구 남사읍 처인성로 928
2025011800,1358201164,용인시산림조합,이대영,경기도 용인시 처인구 중부대로1345
2025011810,4328601364,주식회사 지브이컨설팅,이가영,"부산광역시 해운대구 센텀중앙로 48, 1304호(우동, 에이스하이테크21)"
2025011820,4288800297,현대중공업터보기계 주식회사,김동수,울산광역시 동구 방어진순환도로1000-0 (전하동)
2025011830,1081877415,구주코포레이션,박건우,서울특별시 영등포구 신길동 22-5 대우디오빌 615
2025011840,3058171729,(주)중부보안,도대욱,대전광역시 중구 중촌동25-1
2025011850,6128128867,주식회사 대성쏠라,양성우,경남 거제시 수양로 52
2025011860,1438116962,주식회사 에이스엘이디,김민정,경기도 용인시 처인구 남사읍 처인성로 928
2025011870,6700103477,지혜인테리어,임미진,"광주광역시 광산구 단전상길 17, 301호(하남동)"
2025011880,7568100683,주식회사 탑스,"허만웅,김남철",전라남도 여수시 망양로 1247(상암동)
2025011890,4028115620,대륜산업(주),이주협,전북특별자치도 완주군 봉동읍 완주산단2로 251
2025011900,3198702484,백호이앤티,조현미,경기도 평택시 포승읍 포승남로 487-8
2025011910,1858101217,주식회사 다우건설,"김지선,조혜진",경기도 수원시 권선구 당진로 31번길 15
2025011920,5891602161,일등솔루션,LI XIULAN(,"전라남도 여수시 좌수영로 811, 가동"
2025011930,1343065341,포유테크,임병철,경기도 시흥시 마유로42번길 16
2025011940,1400513152,대한참산업,우광수,경기도 시흥시 포도원로 116번길 25
2025011950,4268100201,주식회사 오션이엔씨,조세형,충청남도 당진시 석문면 하남길 13-6
2025011960,1138622298,주식회사 에코아이티,홍성호,"서울특별시 강남구 강남대로146길25 4층,5층(논현동)"
2025011970,4178131336,주식회사 용호기계기술,정성호,"전남 여수시 여수산단로 736, 1층(중흥동)"
2025011980,6108631003,한공기술검사주식회사,박대호,울산광역시 울주군 웅촌면 정주권로210-15
2025011990,4198801119,주식회사 서화이앤씨,변소영,"충청북도 청주시 청원구 덕벌로23번길 9, 1층 3호 내덕동"
2025012000,7568100683,주식회사 탑스,"허만웅,김남철",전라남도 여수시 망양로 1247(상암동)
2025012010,1358201164,용인시산림조합,이대영,경기도 용인시 처인구 중부대로1345
2025012020,6208154745,주식회사 노아엘이디,정양숙,울산광역시 울주군 삼남면 방기로 53
2025012030,4178138703,(유)한양이엔지,곽형구,전라남도 여수시 용수길 2-27(둔덕동)
2025012040,2208765006,(주)인플루엔셜,문태진,"서울특별시 서초구 서초대로 398, 11층(BNK 디지털타워)"
2025012050,6078609771,(주)두루행복한세상,이시우,서울특별시 중구 을지로 39길 40
2025012060,8168100840,(주)누리미디어,최순일,"서울특별시 마포구 양화로19길 22-16, 3~6층(동교동)"
2025012070,4178131336,주식회사 용호기계기술,정성호,"전남 여수시 여수산단로 736, 1층(중흥동)"
2025012080,1083195066,푸른기업,허해영외 1명,"울산광역시 중구 남외2길10,삼환나우빌 상가1단지5층(남외동)"
2025012090,6218142086,(주)에스지라이뮤,강인숙,부산광역시 금정구 놀이마당로 29-1(청룡동)
2025012100,6068510657,오티스엘리베이터(유)부산영업소,정지훈,부산광역시 연제구 거제대로 270(거제동)
2025012110,2298801044,주식회사 타임리,김대환,"대구광역시 수성구 알파시티1로160(대흥동, 315호)"
2025012120,1388102995,국제전기(주),김준철,충청북도 음성군 금왕읍 용계리89-1
2025012130,1238170036,(주)앤로보틱스,홍기석,경기도 안양시 동안구 시민대로 109
2025012140,1058176954,(주)서우시스템즈,김창근,"서울특별시 동작구 상도로 45길 31(상도 1동, 서우빌딩)"
2025012150,3058171729,(주)중부보안,도대욱,대전광역시 중구 중촌동25-1
2025012160,2298110559,이지소프트(주),황택현,서울특별시 구로구 구로3동 235 한신IT타워1116호
2025012170,5138118285,(주)이지닉스,전종대,서울특별시 강남구 대치동995-23양유빌딩5층
2025012180,2218113339,주식회사 비큐에이아이,임경환,"서울특별시 중구 퇴계로 385, 5,6,9층"
