년,경질유_물량,경질유_금액,경질유_단가,중(가운데중)질유_물량,중(가운데중)질유_금액,중(가운데중)질유_단가,중(무거울중)질유_물량,중(무거울중)질유_금액,중(무거울중)질유_단가
1980,26584,799599,30,46049,1492173,32,95832,2869578,30
1981,39580,1422625,36,45121,1739257,39,86841,2929203,34
1982,46954,1706219,36,42530,1375380,32,82357,2766682,34
1983,72333,2240634,31,49623,1431288,29,71013,2096074,30
1984,88243,2635436,30,59802,1682364,28,51437,1474590,29
1985,106235,2955046,28,35168,977595,28,56910,1566953,28
1986,132143,2027672,15,35412,501829,14,52112,823686,16
1987,131400,2368988,18,25768,441484,17,56454,977020,17
1988,168696,2525750,15,39973,555784,14,51511,746336,14
1989,187437,3192522,17,41211,637411,15,63935,1031670,16
1990,174874,3815911,22,48244,905439,19,85251,1740314,20
1991,238268,4844410,20,40799,733602,18,108089,1938988,18
1992,280363,5477816,20,90801,1600499,18,137822,2364830,17
1993,296282,5197963,18,127822,1987887,16,136459,2112398,15
1994,285466,4602975,16,155186,2333645,15,133062,1982818,15
1995,348188,6128771,18,150484,2573578,17,126272,2122160,17
1996,426677,8740829,20,165607,3251170,20,129643,2524827,19
1997,514485,10713637,21,203204,4005773,20,155727,3048147,20
1998,496263,7003766,14,184219,2423054,13,138612,1812058,13
1999,526763,9130595,17,185504,3044843,16,161823,2608848,16
2000,543971,15610006,29,178556,4853341,27,171416,4763473,28
2001,527258,13362865,25,157839,3824425,24,174270,4180728,24
2002,502668,12374139,25,116265,2765389,24,172059,4033858,23
2003,476016,13890727,29,129241,3619247,28,199553,5613132,28
2004,477436,17958662,38,139805,4746493,34,208549,7168527,34
2005,482160,25286006,52,163094,7797859,48,197949,9519794,48
2006,497137,32170182,65,175973,10703838,61,215685,12972110,60
2007,518638,36835174,71,182475,12371777,68,171427,11310432,66
2008,487289,49392402,101,177020,16669306,94,200563,18933616,94
2009,473583,28972888,61,183878,11237731,61,177624,10524526,59
2010,513853,40750990,79,170681,13298663,78,187882,14633887,78
2011,525468,57295093,109,208611,22228514,107,192965,20593384,107
2012,569032,64323956,113,197898,22206637,112,180362,20312760,113
2013,560900,61022070,109,192045,20659423,108,162129,17390935,107
2014,562975,57762800,103,186261,18472479,99,178287,17671708,99
2015,641291,35068497,55,338568,17195967,51,46247,2414858,52
2016,649257,27530752,42,239108,9407293,39,189754,7351803,39
2017,687948,37493247,55,222153,11582319,52,208067,10584917,51
2018,698507,50956872,73,195621,13470895,69,222153,15362634,69
2019,701176,46189186,65.87,152726,10108499,66.19,218022,13925288,63.87
2020,603632,28160822,46.65,154585,6521092,42.18,222042,9745518,43.89
2021,551096,38943240,70.67,125907,8879276,70.52,283143,19868168,70.17
2022,636924,65741306,103,125175,12690426,101,269184,26946926,100.11
2023,643962,55977957,86.93,104180,9032376,86.7,257628,21432019,83.19
2024,670930,56263654,83.86,85393,7056248,82.63,273074,21949205,80.38
2025,671928,49728202,74,93325,6757937,72,263192,18870709,72
