년,휘발유,등유,경유,경질중유,중유,벙커C유,납사,용제,항공유,LPG,아스팔트,윤활유,기타제품,부생연료유,바이오연료,합계
1997,71358,85025,166790,2760,1615,160367,194918,785,19302,71623,11958,3740,3659,,,793900
1998,61089,61457,120372,2231,1284,107130,213860,578,17290,67992,9851,2821,4323,,,670278
1999,63879,76928,126072,2826,1513,116271,218908,735,18375,77007,10296,3168,3679,,,719657
2000,62382,69909,129429,2966,1436,125319,229046,736,18231,84688,10289,3795,4330,,,742556
2001,62707,61707,132168,2714,1510,123848,233293,794,20073,84377,11033,3570,4958,916,,743668
2002,64078,58464,138045,2956,1636,116907,245309,1271,20057,91415,10350,3827,5992,2560,,762867
2003,60484,52874,145366,2692,1768,111361,252417,2703,20578,88606,10550,4079,6651,2811,,762940
2004,58151,43090,143799,2303,1706,100968,262871,3894,21225,88432,11668,4333,6862,3027,,752329
2005,59561,39392,142529,2361,1793,96359,273250,4380,25058,91668,10486,4966,6315,2962,,761080
2006,59874,31450,142433,2358,1622,92912,287003,4753,25231,93451,10813,3681,7220,2719,,765520
2007,62500,26172,145327,2218,1563,89028,316858,3879,26147,97143,10889,3693,6826,2702,,794945
2008,62937,27659,134513,1974,1346,66676,311368,3330,25047,101881,9927,4504,7235,2243,,760640
2009,65872,25991,132308,2078,1289,66065,322622,3199,26263,106320,12484,4900,6916,2173,,778480
2010,68931,29354,134647,2047,1344,61903,331819,4298,28190,105175,11115,5238,7941,2277,,794279
2011,69574,25430,134157,2213,1280,51505,355192,2877,28445,99201,10413,3409,15700,2248,,801644
2012,71765,22009,136725,2027,843,51642,384606,1268,30206,95473,10152,3452,15349,2163,,827680
2013,73416,18816,143020,1683,897,43786,384248,731,30325,93057,10677,3388,18929,2227,,825200
2014,73473,15429,144840,1451,723,31094,396344,1001,31961,89577,9293,3636,20420,2215,,821457
2015,76570,16227,156367,1569,787,35996,410809,1388,34358,89866,10195,3945,15745,2425,,856247
2016,78926,19060,166560,1642,840,45000,430091,1633,36998,108961,11461,4000,16497,2531,,924200
2017,79616,19006,168862,1574,722,33522,458350,1742,38209,105145,11637,4893,15077,1728,,940083
2018,79683,18875,167039,1467,634,31620,451158,1614,39856,109780,10658,4675,16139,1604,,934802
2019,82750,17127,171795,1617,431,21949,438614,1728,38833,122138,10540,4764,18111,1551,,931946
2020,80965,16964,163730,1457,205,22111,405266,2154,21729,121294,10054,4593,25081,1577,,877179
2021,84874,16813,166124,1158,145,20933,451807,1585,21174,123227,9450,8030,31385,1465,,938170
2022,88368,16008,163658,1092,159,21658,446832,1403,25273,132789,8383,7594,32543,1515,,947275
2023,90361,14138,160492,930,127,18356,429749,1620,34672,125185,9077,8243,31775,1229,44,925998
2024,95043,13446,155067,1114,66,17025,446834,1561,39214,136909,9021,8291,33468,1339,,958398
2025,96691,13451,145181,1000,58,16379,434597,2281,40228,130900,8011,8373,32601,1867,,931618
