상호명,2025년5월,2025년6월,2025년7월,2025년8월,2025년9월,2025년10월,2025년11월,2025년12월,2026년1월,2026년2월,2026년3월,2026년4월
(주)거보주유소,1609,1608,1640,1623,1593,1615,1695,1690,1646,1647,1831,1977
(주)검단주유소,1629,1643,1682,1677,1675,1690,1743,1753,1701,1695,1849,1990
(주)광역주유소 만석점,1565,1587,1619,1604,1596,1598,1690,1692,1644,1631,1793,1953
(주)늘품오일 한길셀프주유소,1567,1578,1616,1603,1598,1599,1672,1683,1635,1625,1791,1976
(주)다솜에너지 다솜주유소,1592,1609,1638,1619,1608,1617,1702,1693,1647,1647,1802,1972
(주)디오티디 인천랍스터주유소,1567,1579,1620,1609,1594,1596,1686,1689,1641,1626,1817,1964
(주)명진제1주유소,1621,1633,1679,1663,1646,1644,1728,1741,1685,1683,1832,1979
(주)박문석유 구월주유소,1667,1714,1749,1754,1757,1765,1847,1867,1844,1813,1954,2060
(주)백마에너지,1698,1709,1747,1758,1758,1758,1811,1848,1792,1781,1942,2065
(주)보문 가좌주유소,1563,1585,1617,1604,1603,1596,1687,1687,1641,1631,1802,1981
(주)보문 북항IC주유소,1566,1589,1617,1604,1603,1596,1687,1687,1641,1631,1802,1981
(주)삼일에너지,1621,1632,1679,1663,1646,1642,1727,1743,1687,1683,1834,1982
(주)서울에너지 서인천주유소,1567,1582,1620,1609,1594,1596,1687,1689,1641,1632,1801,1975
(주)서해에너지,1592,1618,1669,1658,1627,1627,1716,1748,1674,1672,1844,2010
(주)석산에너지 태양주유소,1562,1587,1620,1604,1593,1598,1687,1687,1641,1631,1818,1984
(주)신진에너지 양정셀프주유소,1590,1622,1668,1600,1594,1606,1720,1748,1671,1635,1863,2030
(주)오성주유소,1769,1792,1830,1806,1780,1778,1812,1867,1851,1850,1906,2001
(주)오일네트워크 인천항훼미리,1574,1592,1635,1616,1614,1608,1700,1705,1654,1639,1822,1991
(주)오일드림주유소,1610,1617,1647,1628,1601,1607,1687,1693,1647,1635,1801,1969
(주)오일리오인천지점,1571,1589,1628,1620,1602,1608,1691,1701,1646,1638,1828,1982
(주)유성주유소,1730,1745,1760,1760,1760,1760,1800,1810,1810,1810,1931,2070
(주)유카스에너지,1569,1591,1624,1607,1598,1596,1676,1686,1624,1621,1794,1970
(주)을왕주유소,1717,1723,1735,1726,1710,1710,1754,1790,1759,1750,1857,1996
(주)인천항주유소,1570,1592,1635,1616,1616,1608,1692,1701,1655,1640,1793,1983
(주)자연에너지 금곡주유소,1567,1580,1620,1609,1594,1596,1687,1688,1640,1625,1790,1963
(주)자연에너지 한강주유소,1567,1582,1620,1609,1594,1596,1687,1689,1641,1632,1794,1963
(주)재원에너지,1588,1593,1632,1617,1605,1615,1691,1696,1653,1646,1830,1981
(주)중앙에너비스 남동공단지점,1618,1621,1655,1649,1644,1640,1706,1725,1684,1665,1813,1972
(주)창조 청라주유소,1576,1607,1646,1630,1638,1630,1707,1709,1664,1652,1837,2004
(주)태리 송도신도시주유소,1669,1689,1697,1680,1677,1703,1771,1785,1757,1757,1852,1998
(주)태리 인천지점,1582,1606,1633,1619,1609,1612,1700,1695,1644,1638,1802,1979
(주)태보에너지 송내I.C주유소,1645,1623,1670,1641,1611,1617,1698,1715,1666,1658,1826,1985
(주)태평석유직영로드801,1669,1688,1697,1680,1677,1703,1771,1785,1757,1757,1823,1991
(주)한진 인천터미널주유소,1592,1598,1632,1632,1618,1617,1685,1705,1672,1643,1807,1956
(주)한진 항동주유소,1572,1582,1625,1607,1604,1599,1685,1693,1647,1632,1797,1984
(주)화동오일뱅크,1627,1637,1680,1680,1669,1669,1723,1741,1700,1685,1804,1964
BK봉황주유소,1698,1704,1751,1757,1738,1737,1679,1673,1630,1615,1811,1982
CJ대한통운㈜ 인천주유소,1576,1602,1632,1620,1622,1615,1702,1708,1661,1650,1818,1976
HD현대오일뱅크(주) 하이웨이주유소,1648,1638,1651,1616,1624,1655,1713,1730,1686,1677,1792,1945
HD현대오일뱅크㈜직영 가정셀프주유소,1743,1690,1656,1652,1660,1654,1725,1743,1695,1682,1773,1938
HD현대오일뱅크㈜직영 계양IC셀프주유소,1602,1613,1656,1624,1625,1625,,,,,,
HD현대오일뱅크㈜직영 공단1주유소,1796,1789,1789,1777,1740,1745,1792,1799,1742,1738,1799,1943
HD현대오일뱅크㈜직영 공단2주유소,1797,1789,1789,1777,1740,1746,1792,1799,1742,1739,1802,1943
HD현대오일뱅크㈜직영 광장셀프주유소,1591,1599,1639,1624,1604,1615,1688,1694,1652,1634,1800,1950
HD현대오일뱅크㈜직영 논현주유소,1648,1641,1659,1647,1645,1662,1721,1731,1680,1656,1771,1937
HD현대오일뱅크㈜직영 문학현대셀프주유소,1701,1711,1734,,,,,1686,1642,1629,1770,1946
HD현대오일뱅크㈜직영 미추홀셀프주유소,1753,1757,1766,1759,1759,1766,1843,1864,1839,1798,1820,1946
HD현대오일뱅크㈜직영 보령주유소,1756,1710,1669,1648,1650,1696,1742,1763,1705,1696,1785,1942
HD현대오일뱅크㈜직영 북인천ic셀프주유소,1614,1629,1668,1660,1643,1643,1723,1741,1685,1675,1773,1938
HD현대오일뱅크㈜직영 송도역셀프주유소,1635,1704,1709,1682,1675,1686,1700,1736,1696,1728,1888,1959
HD현대오일뱅크㈜직영 수인주유소,1707,1697,1685,1652,1656,1676,1731,1757,1718,1689,1800,1952
HD현대오일뱅크㈜직영 싸이클셀프주유소,1638,1624,1671,1650,1623,1626,1701,1723,1679,1662,1765,1946
HD현대오일뱅크㈜직영 유화셀프주유소,1667,1655,1669,1669,1659,1676,1727,1742,1698,1700,1784,1941
HD현대오일뱅크㈜직영 인천대교주유소,1830,1814,1811,1788,1750,1761,1866,1884,1861,1863,1902,1982
KH에너지㈜직영 KH작전주유소,1712,1744,1769,1767,1774,1763,1668,1688,1632,1625,1814,1968
KH에너지㈜직영 남강주유소,1665,1679,1684,1664,1683,1703,1683,1688,1635,1625,1806,1973
KH에너지㈜직영 문광주유소,1561,1597,1628,1614,1618,1612,1690,1688,1643,1633,1811,1971
KH에너지㈜직영 북항주유소,1563,1592,1625,1609,1618,1609,1687,1688,1642,1631,1807,1971
KH에너지㈜직영 수림공원주유소,1560,1592,1625,1609,1618,1611,1687,1687,1642,1631,1807,1969
KH에너지㈜직영 아트샵가좌IC주유소,1563,1596,1628,1615,1618,1612,1695,1688,1643,1633,1811,1971
KH에너지㈜직영 에이원주유소,1571,1596,1631,1634,1600,1600,1687,1695,1639,1639,1810,1974
KH에너지㈜직영 청도1주유소,1563,1592,1625,1609,1618,1611,1687,1693,1642,1631,1807,1971
KH영종대교주유소(인천공항방향),1624,1647,1667,1661,1650,1650,1718,1735,1690,1688,1844,1998
SK드림월드셀프주유소,1599,1613,1647,1635,1627,1631,1710,1714,1659,1650,1808,1983
SK셀프서비스주유소,1990,1990,1990,1990,1990,1990,1990,1990,1990,1990,2016,2213
SK에너지(주) 봉수대로주유소,1660,1670,1684,1663,1678,1694,1738,1753,1686,1668,1763,1941
SK에너지(주) 삼산주유소,1620,1627,1652,1648,1650,1627,1697,1705,1675,1671,1788,1958
SK에너지(주) 아라웨이주유소,1802,1805,1799,1745,1737,,,,,,,
SK에너지(주) 해바라기,1659,1669,1684,1663,1678,1694,1739,1754,,,,
SK에너지(주) 행복날개주유소,1664,1703,1739,1732,1743,1729,1778,1783,1741,1730,1793,1934
SK에너지㈜ 보보프라자주유소,1606,1628,1659,1647,1644,1619,1689,1701,1671,1677,1772,1947
SK에너지㈜직영 남항주유소,1732,1749,1749,1696,1682,1690,1738,1734,1679,1653,1761,1952
SK에너지㈜직영 스카이파크주유소,1734,1736,1737,1719,1737,1747,1784,1793,1765,1765,1801,1944
SK큰나무셀프주유소,1581,1594,1625,1625,1625,1625,1687,1684,1641,1630,1796,1966
SK행복가득주유소,1597,1617,1647,1614,1598,1614,1686,1692,1654,1652,1813,1981
가나안주유소,1627,1635,1654,1683,1681,1684,1711,1753,1732,1714,1835,1978
가재울 주유소,1592,1612,1651,1639,1627,1627,1701,1715,1679,1672,1823,1970
가좌IC주유소,1580,1596,1629,1616,1622,1616,1698,1694,1645,1633,1794,1972
가좌금강주유소,1625,1636,1665,1665,1665,1665,1726,1755,1702,1695,1877,1991
갈산셀프주유소,1591,1600,1637,1630,1601,1616,1687,1702,1660,1653,1816,1972
강화남부농협주유소,1558,1588,1649,1648,1638,1651,1712,1743,1694,1668,1826,1978
강화농협주유소,1583,1595,1653,1661,1649,1679,1719,1743,1724,1700,1806,1981
검단농협주유소,,1576,1613,1608,1597,1600,1681,1686,1650,1642,1794,1978
검단신도시주유소,1589,1597,1638,1619,1610,1619,1694,1703,1659,1654,1806,1979
경기주유소,1629,1638,1679,1674,1664,1679,1728,1753,1725,1702,1855,2004
경동석유산업㈜부평SELF 주유소,,,1598,1596,1594,1593,1656,1672,1628,1610,1790,1959
경인터미널주유소 티에이치에너지㈜,1546,1574,1607,1597,1594,1595,1685,1687,1641,1629,1792,1964
계현주유소,1601,1621,1646,1646,1646,1665,1706,1709,1675,1681,1847,1994
고개마루주유소,1639,1648,1669,1669,1660,1669,1709,1747,1713,1693,1825,1991
고려산주유소,1649,1652,1675,1679,1679,1685,1722,1756,1733,1705,1866,1998
공단주유소,1700,1667,1740,,1740,1740,1740,1740,1727,1667,1801,1985
공단하이웨이주유소,1589,1610,1677,1653,1610,1656,1705,1737,1707,1706,1878,2013
공항주유소,1788,1788,1788,1788,1788,1788,1789,1798,1798,1798,1892,2000
교동주유소,1661,1660,1690,1717,1730,1732,1771,1794,1795,1770,1875,2020
구도일주유소,1595,1612,1675,1651,1625,1619,1697,1718,1673,1659,1817,1977
구도일주유소 ㈜디오티디 인천킹크랩,1567,1579,1620,1609,1594,1598,1688,1686,1647,1641,1817,1977
구도일주유소 청라국제도시,1620,1643,1690,1679,1674,1673,1740,1729,1675,1721,1832,1978
구월아시아드주유소,1624,1644,1658,1657,1636,1644,1713,1735,1676,1668,1831,1983
굿데이셀프주유소,1617,1616,1650,1641,1637,1633,1696,1705,1671,1664,1823,1981
그린에너지,1602,1595,,,,,,,,,,
그린좋은주유소,1599,1618,1636,1627,1624,1628,1696,1726,1685,1671,1800,1955
극동유화(주) 인천주유소,1616,1633,1675,1657,1657,1649,1732,1741,1695,1678,1823,1994
금경주유소,1759,1759,1759,1777,1779,1779,1800,1808,1782,1779,1912,2008
금광주유소,4775,4814,4947,4952,4925,4922,5104,5143,5028,4986,5480,5938
남동농협주유소,1580,1599,1639,1617,1613,1619,1672,1692,1656,1651,1803,1971
남동하이웨이주유소,1606,1648,1656,1662,1649,1699,1779,1767,1726,1747,1892,2018
내리주유소,1703,1711,1735,1735,1735,1735,1777,1825,1810,1795,1921,2095
내트럭(주)인천사업소,1619,1624,1669,1650,1650,1642,1740,1761,1676,1646,1821,2012
농장주유소,1740,1740,1740,1740,1740,1740,1671,1680,1634,1621,1790,1965
뉴코리아주유소,1563,1590,1620,1604,1612,1610,1687,1689,1643,1632,1816,1974
단봉주유소,1584,1598,1638,1626,1600,1609,1690,1693,1648,1639,1804,1966
대명에너지 청도2주유소,1536,1574,1609,1597,1593,1595,1685,1687,1642,1629,1795,1960
대박주유소,1549,1584,1618,1602,1595,1609,1668,1686,1641,1627,1795,1955
대성산업(주) 인천주유소,1564,1593,1619,1606,1602,1596,1687,1686,1641,1632,1818,1980
대성산업(주)서인천주유소,1572,1591,,,,,,,,,,
대양self주유소,1668,1685,1697,1646,1617,1620,1699,1737,1690,1675,1851,2004
대청주유소,1800,1800,1800,1800,1800,1800,1824,1880,1880,1880,2000,2157
덕적주유소,1770,1770,1770,1770,1770,1770,1780,1820,1820,1820,1951,2093
도림SELF주유소,1585,1601,1635,1620,1606,1611,1686,1690,1646,1638,1804,1971
도지주유소,1542,1570,1608,1596,1593,1593,1661,1673,1628,1610,1791,1964
동성에너지주유소,1612,1622,1680,1665,1640,1658,1711,1747,1717,1716,1844,1986
동성주유소 ㈜태평석유 직영,1564,1583,1625,1606,1606,1598,1682,1690,1644,1628,1792,1977
동암주유소,1799,1815,1871,1865,1849,1869,1931,1931,1886,1884,1948,1993
동양동주유소,1574,1594,1631,1634,1605,1603,1688,1696,1640,1638,1824,1987
동양산업(주)사동주유소,1561,1588,1623,1605,1607,1596,1683,1689,1643,1630,1787,1961
동양산업(주)직영 효성주유소,1589,1599,1637,1620,1594,1608,1684,1687,1645,1634,1820,1975
동양산업(주)항동주유소,1562,1578,1620,1601,1601,1593,1679,1685,1639,1629,1772,1983
동우석유(주)우진주유소,1564,1589,1618,1604,1593,1598,1687,1687,1642,1631,1796,1966
동윤주유소,1581,1601,1628,1616,1606,1610,1688,1690,1645,1640,1794,1966
동일석유㈜남동클린주유소,1604,1613,1639,1636,1625,1632,1702,1714,1682,1660,1807,1955
동일석유㈜동일주유소,1589,1611,1640,1630,1607,1618,1695,1700,1653,1636,1827,1991
동일석유㈜영남주유소,1586,1611,1658,1663,1657,1658,1710,1722,1688,1642,1819,1976
동일석유㈜인천주유소,1582,1599,1640,1630,1596,1597,1693,1690,1642,1631,1820,1980
동일석유㈜임학주유소,1655,1664,1695,1695,1695,1695,1735,1753,1737,1728,1852,1991
동일석유㈜주안동일주유소,1593,1632,1629,1614,1597,1598,1675,1686,1630,1609,1816,1976
동일석유㈜행복드림주유소,1593,1619,1657,1650,1634,1635,1692,1711,1680,1645,1814,1974
마전주유소,1627,1645,1667,1666,1652,1650,1730,1732,1694,1691,1727,
만수광해주유소,1591,1614,1637,1629,1637,1629,1701,1715,1658,1653,1803,1974
만수동셀프주유소,1715,1672,1674,1646,1648,1666,1722,1739,,,,
메트로 다솜주유소,1581,1601,1628,1615,1605,1611,1692,1689,1645,1639,1799,1967
명보주유소,1569,1586,1625,1609,1598,1601,1674,1684,1635,1623,1781,1957
명품주유소,1573,1594,1631,1630,1616,1630,1694,1701,1654,1639,1813,1971
무진에너지(주)스카이점,1773,1856,1889,1886,1906,1878,1922,1933,1870,1873,1910,2009
문화주유소,1730,1749,1750,1759,1776,1758,1796,1792,1755,1769,1839,1980
미담주유소,1582,1597,1632,1625,1604,1603,1692,1705,1652,1637,1804,1969
미래주유소,3237,3274,3351,3339,3304,3299,3451,3472,3377,3365,3702,3970
미소주유소,1585,1598,1638,1626,1600,1609,1690,1693,1648,1639,1806,1967
믿음주유소,1563,1584,1599,1589,1605,1591,1679,1697,1641,1633,1815,1989
박문주유소,1650,1681,1697,1682,1667,1667,1724,1762,1715,1697,1863,2022
박촌주유소,1592,1613,1650,1635,1632,1635,1692,1704,1656,1645,1839,1996
백년탑주유소,1560,1583,1625,1606,1606,1598,1682,1690,1644,1628,1782,1979
백령주유소,1780,1780,1780,1780,1780,1780,1801,1850,1850,1850,2009,2157
백마외포리주유소,1799,1799,1799,1799,1799,1799,1799,1799,1799,1799,1963,
백악관주유소,1786,1786,1786,1786,1786,1786,1864,1968,1968,1968,1862,1972
백운주유소(주),1715,1708,1726,1698,1698,1698,1756,1793,1759,1744,1834,2003
백운하이웨이주유소,1577,1588,1635,1631,1614,1636,1691,1674,1630,1629,1856,2010
보문연수주유소,1690,1710,1737,1706,1692,1698,1776,1796,1750,1754,1883,1995
보문주유소,1560,1588,1618,1604,1603,1605,1687,1686,1641,1631,1807,1979
부개주유소,1595,1614,1675,1650,1625,1620,1698,1717,1673,1660,1817,1977
부광셀프주유소,1566,1580,1621,1609,1594,1595,1683,1689,1641,1624,1806,1948
부광알뜰셀프주유소,1555,1587,1624,1604,1598,1600,1678,1688,1639,1628,1785,1949
부일주유소,1615,1632,1690,1676,1657,1666,1727,1765,1736,1710,1869,2018
북포주유소,1780,1780,1780,1780,1780,1780,1801,1850,1850,1850,2009,2157
비전주유소,1593,1615,1630,1626,1623,1628,1695,1705,1647,1640,1807,1973
산곡하이웨이주유소,1594,1607,1677,1654,1614,1646,1707,1737,1707,1706,1878,2013
삼미상사(주)남촌도림셀프주유소,1583,1599,1636,1623,1608,1621,1691,1693,1652,1650,1820,1983
삼미상사(주)북인천주유소,1597,1616,1632,1630,1607,1606,1694,1701,1654,1645,1836,1994
삼미상사(주)서창셀프주유소,1616,1627,1661,1650,1634,1637,1697,1714,1680,1657,1828,1976
삼미상사(주)하늘빛셀프주유소,1602,1620,1631,1634,1619,1632,1696,1695,1640,1643,1820,1988
삼산주유소,1610,1610,1637,1658,1648,1651,1707,1737,1724,1703,1813,1969
삼성self주유소,1668,1685,1697,1646,1617,1620,1699,1737,1690,1675,1851,2004
삼신주유소,1569,1582,1625,1606,1606,1598,1682,1691,1644,1628,1791,1976
삼영주유소,1554,1586,1618,1602,1594,1610,1677,1686,1640,1626,1799,1963
상야주유소,1571,1595,1631,1634,1604,1603,1688,1695,1640,1640,1809,1969
새천년주유소,1591,1606,1640,1627,1630,1638,1698,1709,1662,1645,1809,1978
새현에너지(주),1643,1641,1671,1666,1618,1623,1699,1721,1679,1647,1816,1975
서강화농업협동조합 내가지점,1583,1593,1652,1662,1649,1673,1719,1743,1724,1702,1807,1986
서강화농협주유소,1603,1613,1672,1682,1669,1694,1739,1763,1745,1721,1817,1986
서광유업㈜청도3주유소,1562,1587,1618,1604,1593,1598,1687,1687,1641,1631,1795,1962
서문안주유소,1628,1631,1666,1678,1667,1678,1720,1752,1730,1701,1856,1998
서울석유(주) 태경주유소,1559,1589,1632,1626,1609,1609,1688,1705,1663,1650,1840,1979
서울이엔지㈜ 삼월주유소,1683,1735,1815,1807,1796,1815,1857,1885,1882,1878,1911,1983
서일석유(주) 갈현주유소,1640,1672,1678,1641,1655,1668,1737,1752,1705,1697,1841,1998
서일석유(주) 수정주유소,1639,1672,1678,1641,1655,1668,1737,1752,1705,1697,1845,1999
서일석유(주)남동서일주유소,1591,1614,1637,1629,1637,1628,1701,1714,1658,1653,1799,1972
서일석유(주)북항서일주유소,1579,1596,1618,1605,1620,1596,1690,1690,1643,1636,1796,1961
서창IC주유소,1574,1594,1625,1608,1598,1600,1682,1690,1644,1633,1794,
석암주유소,1591,1602,1644,1629,1615,1624,1702,1730,1686,1654,1829,1970
선수촌주유소,1584,1603,1628,1620,1609,1628,1699,1697,1643,1633,1793,1972
선원부광주유소,1629,1635,1662,1668,1659,1674,1726,1739,1711,1699,1858,1991
선재주유소,1695,1695,1695,1695,1695,1678,1729,1779,1779,1779,1889,2021
선학현대주유소 ㈜그린파크,1564,1587,1638,1621,1600,1609,1684,1691,1642,1630,1797,1965
성화주유소,1606,1615,1661,1654,1635,1658,1732,1747,1681,1702,1882,2024
세광주유소,1620,1636,1679,1673,1687,1689,1714,1751,1739,1700,1814,1988
솔로몬주유소,1595,1609,1633,1630,1622,1619,1697,1702,1657,1643,1806,1973
송림주유소,1557,1583,1618,1603,1594,1605,1681,1688,1640,1627,1798,1965
송현주유소,1577,1590,1625,1606,1605,1611,1684,1690,1644,1629,1798,1964
송화주유소,1763,1758,1799,1786,1769,1769,1798,1828,1801,1781,1971,2109
수림주유소,1591,1608,1640,1628,1611,1610,1695,1701,1658,1644,1809,1964
수산주유소,1593,1609,1665,1652,1626,1690,1775,1765,1666,1646,1856,1987
스카이주유소,1617,1631,1668,1660,1651,1649,1726,1743,1686,1679,1820,1982
신인천주유소,1570,1591,1629,1628,1611,1622,1692,1698,1651,1636,1811,1960
신향주유소,1631,1651,1658,1660,1661,1672,1728,1758,1719,1704,1843,1988
신현주유소,1569,1590,1622,1608,1598,1598,1687,1689,1642,1631,1800,1971
신화상사(주)주원고개주유소,1599,1629,1676,1654,1622,1629,1715,1733,1682,1679,1876,2027
신화상사㈜ 구도일주유소 인천제일,1637,1648,1677,1673,1618,1604,1687,1692,1662,1698,1951,2023
십정주유소,1561,1582,1617,1605,1596,1597,1669,1677,1631,1627,1794,1984
씨앤에스유통(주) 청중로주유소,1613,1618,1678,1646,1638,1651,1716,1724,1668,1692,1822,1988
씨앤에스유통신도시 주유소,1594,1615,1675,1636,1624,1638,1699,1717,1656,1662,1811,1968
아름주유소,1583,1608,1667,1660,1648,1681,1727,1739,1727,1693,1868,1998
아시아self주유소 인천점,1583,1600,1638,1626,1609,1617,1684,1693,1647,1635,1819,1989
아크로셀프주유소,1588,1605,1639,1627,1610,1608,1685,1697,1657,1646,1796,1960
양도주유소,1627,1633,1669,1677,1677,1678,1721,1757,1734,1706,1849,1985
에스제이에너지,1725,1715,1749,1732,1734,1736,1805,1826,1773,1758,1873,2022
엘림주유소,1579,1597,1607,1595,1593,1601,1690,1687,1642,1638,1819,1968
연수하이웨이주유소,1592,1616,1667,1667,1627,1690,1748,1743,1659,1645,1852,1984
연평주유소,1780,1780,1780,1780,1780,1780,1817,1860,1860,1860,1944,2133
영부에너지주유소,1609,1620,1652,1636,1593,1616,1694,1694,1647,1648,1834,1976
영종,1716,1727,1755,1718,1704,1718,1781,1798,1759,1748,1845,2013
영진주유소,1658,1649,1698,1698,1698,1698,1748,1762,1711,1710,1862,2024
영흥주유소,1695,1695,1726,1729,1730,1698,1744,1795,1795,1795,1905,2038
오일캠프주유소,1564,1583,1625,1606,1604,1598,1684,1690,1645,1631,1773,1971
온수주유소,1620,1634,1680,1672,1660,1661,1706,1730,1693,1670,1846,1974
옹진주유소,1780,1780,1780,1780,1780,1780,1801,1850,1850,1850,1992,2147
우리주유소,3214,3258,3313,3294,3271,3274,3409,3421,3348,3328,3636,3954
원천제2주유소,1566,1591,1625,1620,1604,1604,1689,1689,1632,1628,1818,1981
원천제3주유소,1591,1639,1688,1683,1676,1688,1734,1748,1725,1719,1852,2024
유림주유소,1554,1595,1644,1634,1633,1636,1710,1719,1673,1661,1816,1973
유카스에너지 열우물주유소,1569,1585,1627,1620,1599,1601,1673,1683,1641,1629,1810,1973
유항주유소,1574,1591,1629,1623,1598,1615,1686,1693,1656,1649,1830,1989
이안주유소,1589,1617,1665,1647,1618,1622,1700,1712,1672,1662,1841,1979
이케이에너지㈜ 금성주유소,,,,,1584,1591,1678,1687,1636,1629,1801,1972
인주대로주유소,1591,1614,1637,1629,1637,1629,1701,1715,1658,1653,1801,1974
인천가득주유소,1565,1591,1621,1604,1611,1615,1707,1724,1670,1647,1807,1986
인천부릉부릉주유소,1580,1598,1631,1615,1616,1625,1689,1692,1648,1634,1833,1986
인천주유소,1653,1704,1733,1749,1767,1829,1976,1987,1987,1987,1960,1985
인천현대셀프 에스에이치에너지㈜,1546,1574,1607,1597,1594,1595,1685,1687,1642,1629,1791,1964
인하주유소,1785,1785,1785,1785,1785,1785,1872,1975,1975,1975,1866,1975
자월주유소,1760,1760,1760,1760,1760,1760,1779,1840,1840,1840,1943,2035
장봉주유소,1850,1850,1850,1850,1850,1850,1850,1850,1850,1850,2047,2150
장수셀프(self)주유소,1588,1632,1630,1634,1620,1662,1773,1796,1766,1785,1869,1971
장안주유소,1593,1615,1657,1643,1638,1657,1696,1711,1670,1664,1810,1973
정해주유소개발(주),1797,1797,1797,1797,1821,1875,1979,1987,1987,1987,1964,2039
제일주유소,1587,1620,1627,1601,1594,1604,1687,1693,1646,1634,1824,1992
㈜가정셀프주유소,1593,1611,1657,1646,1627,1652,1690,1710,1670,1662,1823,1978
㈜계양산업,1596,1607,1631,1624,1611,1638,1695,1705,1673,1683,1848,1985
㈜나비파크 주유소,1578,1587,1635,1621,1592,1596,1689,1686,1646,1634,1831,1981
㈜무진에너지플러스 만수스카이주유소,1597,1622,1660,1652,1648,1639,1705,1725,1674,1651,1796,1980
㈜백운주유소 인천점,1580,1598,1619,1603,1595,1599,1676,1683,1633,1622,1797,1976
㈜북두칠성주유소,1641,1671,1685,1625,1607,1593,1683,1682,1640,1627,1818,1966
㈜석산에너지 민국주유소,1539,1574,1607,1597,1593,1595,1687,1687,1641,1626,1792,1967
㈜소모 동양7주유소,1651,1641,1675,1673,1626,1619,1701,1727,1681,1674,1821,1988
주식회사 서울에너지,1539,1564,1603,1600,1596,1596,1666,1676,1622,1610,1797,1977
주식회사 인에너지,1568,1585,1631,1623,1611,1619,1687,1701,1648,1634,1840,2002
㈜인창실업 스마트주유소,1582,1595,1624,1611,1597,1615,1686,1690,1643,1637,1806,1973
㈜자연에너지 계양주유소,1565,1590,1610,1596,1584,1604,1674,1689,1633,1625,1810,1978
㈜자연에너지 리플주유소,1555,1573,1589,1579,1574,1580,1668,1687,1632,1625,1804,1956
㈜정현주유소,1591,1602,1637,1631,1602,1618,1690,1702,1662,1652,1831,1978
㈜제이케이에너지 선학로주유소,1607,1633,1689,1677,1657,1668,1744,1758,1719,1706,1886,2033
㈜창조 신화주유소,1592,1618,1669,1655,1627,1630,1718,1748,1674,1672,1870,2019
㈜한경에너지 우진주유소,1578,1604,1648,1638,1612,1610,1694,1700,1654,1642,1824,1986
㈜한국주유소,1617,1619,1678,1655,1627,1619,1702,1721,1679,1671,1842,1985
㈜해탑에너지,1568,1582,1621,1609,1594,1596,1687,1689,1641,1626,1799,1962
지에스칼텍스(주)계산신도시주유소,1572,1588,1621,1617,1615,1624,1695,1707,1652,1640,1760,1931
지에스칼텍스(주)부흥로주유소,1623,1617,1649,1648,1637,1647,1706,1710,1678,1666,1768,1937
지에스칼텍스(주)송도국제도시주유소,1777,1747,1748,1718,1708,1734,1791,1794,1780,1777,1810,1957
지에스칼텍스(주)청능대로주유소,1662,1665,1681,1682,1671,1684,1747,1763,1736,1718,1729,
지에스칼텍스㈜ 검단스타주유소,1575,1599,1626,1611,1598,1608,1691,1697,1644,1631,1771,1939
지에스칼텍스㈜ 논현신도시주유소,1661,1663,1679,1680,1669,1694,1752,1764,1745,1729,1771,1927
지에스칼텍스㈜ 논현제일셀프주유소,1605,1606,1639,1640,1627,1639,1704,1713,1681,1662,1758,1928
지에스칼텍스㈜ 인천공항 제1터미널점,1727,1722,1740,1726,1720,1725,1785,1804,1766,1750,1867,2017
지에스칼텍스㈜ 인천공항 제2터미널점,1727,1722,1740,1726,1720,1725,1785,1804,1766,1750,1867,2017
지에스칼텍스㈜ 인천공항 화물터미널점,1728,1723,1742,1730,1721,1725,1785,1805,1776,1765,1870,2017
차오름에너지㈜,1665,1679,1687,1674,1690,1690,1736,1741,1682,1669,1786,1936
창신주유소,1579,1595,1643,1619,1607,1611,1700,1706,1663,1650,1818,1985
청라셀프주유소,1607,1626,1670,1663,1644,1642,1714,1735,1680,1676,1824,1979
청라에너지,1617,1640,1668,1655,1648,1652,1727,1739,1704,1691,1829,1988
크로바주유소,1583,1600,1638,1626,1609,1617,1684,1693,1648,1636,1810,1989
탑self주유소,1547,1575,1607,1601,1593,1597,1675,1684,1636,1629,1785,1954
태성주유소,1691,1685,1711,1691,1679,1693,1755,1785,1737,1719,1819,1991
태평양주유소,1629,1636,1679,1679,1676,1675,1730,1759,1734,1703,1868,1999
태평주유소,1596,1610,1646,1627,1627,1631,1699,1698,1652,1645,1816,1983
토마토주유소(오류점),1613,1649,1695,1695,1695,1695,1723,1721,1673,1683,1845,1991
통일주유소,1615,1636,1651,1637,1637,1638,1707,1716,1661,1656,1815,1986
파란들주유소,1563,1585,1617,1604,1604,1597,1687,1687,1641,1631,1802,1981
팔도셀프주유소,1577,1589,1635,1630,1614,1617,1691,1674,1630,1620,1826,1986
피트인 도화주유소,1644,1704,1725,1749,1767,1829,1976,1987,1826,1718,1866,1986
하은상사주유소,1559,1584,1621,1608,1590,1602,1681,1687,1640,1623,1798,1969
하점주유소,1657,1653,1678,1678,1678,1690,1729,1758,1731,1704,1866,2018
학익셀프주유소,1596,1616,1652,1646,1643,1651,1706,1721,1676,1675,1828,1980
한국2주유소,1564,1583,1625,1606,1604,1598,1683,1690,1644,1628,1800,1984
한국3주유소,1564,1581,1626,1605,1594,1597,1682,1687,1634,1622,1790,1969
한국주유소,3192,3214,3289,3268,3248,3261,3403,3442,3371,3322,3665,3984
한밭산업㈜ 청라주유소,1564,1587,1619,1604,1593,1599,1687,1689,1644,1631,1793,1961
한사랑주유소,1615,1636,1638,1629,1637,1629,1703,1714,1658,1653,1804,1977
항만주유소,1614,1628,1664,1642,1635,1638,1696,1717,1717,1717,1846,1977
해명주유소,1627,1621,1651,1661,1660,1657,1720,1743,1722,1698,1830,1978
허브제1주유소,1724,1721,1737,1712,1702,1729,1779,1793,1755,1745,1823,2009
허브제2주유소,1724,1721,1737,1712,1702,1729,1779,1793,1755,1743,1823,2009
현대오일뱅크 고잔주유소,1620,1640,1657,1645,1645,1642,1708,1738,1682,1662,1818,1961
현대오일뱅크㈜직영 송도셀프주유소,1776,1750,1740,1701,1705,1736,1789,1794,1778,1774,1844,1971
현대오일뱅크㈜직영 송도팰리스셀프주유소,1776,1752,1742,1705,1708,1736,1789,1794,1777,1774,1842,1971
현대오일뱅크㈜직영 신공항주유소,1711,1711,1727,1698,1715,1734,1772,1797,1753,1740,1795,1947
현대오일뱅크㈜직영 영종셀프주유소,1711,1711,1727,1698,1704,1734,1772,1797,1754,1740,1792,1947
화도주유소,1628,1636,1672,1688,1688,1689,1730,1758,1734,1707,1859,1998
황금주유소,1579,1592,1625,1625,1625,1626,1698,1684,1641,1630,1815,1974
희망셀프주유소,1544,1571,1606,1598,1593,1595,1683,1686,1636,1625,1800,1974
