년,휘발유,등유,경유,경질중유,중유,벙커C유,납사,용제,항공유,LPG,아스팔트,윤활유,기타제품,부생연료유,바이오연료
1992,1259,3277,6763,157,121,9105,6394,53,772,2587,339,,,,
1993,2853,5003,8005,129,93,8070,6717,49,533,2249,235,,,,
1994,1867,5954,8567,154,109,10888,6260,57,1134,1083,279,,,,
1995,2165,6294,11115,164,78,10013,5326,54,1150,910,366,,,,
1996,2425,8025,11791,199,99,10907,6774,57,1046,841,317,,,,
1997,3139,6275,12257,139,76,12469,8080,52,1498,4184,183,325,110,,
1998,2860,7751,10262,178,85,10575,7978,66,1786,3890,361,461,174,,
1999,3144,7933,9648,216,57,10193,6189,171,1479,3085,241,303,128,,
2000,3702,10768,10254,285,61,11321,6926,149,2380,3077,236,342,184,,
2001,3483,8670,8903,211,29,12034,9160,208,3186,2523,246,613,90,,
2002,3409,4919,7106,250,14,11343,7623,139,2330,4790,684,486,164,,
2003,3323,6149,7306,272,22,9957,5878,167,2513,5391,457,345,202,,
2004,3237,4448,8951,306,23,11450,10975,209,3352,6333,427,716,142,,
2005,3146,2827,7420,268,17,9070,11554,279,1671,5078,620,486,151,,
2006,3223,4733,8354,298,26,10421,10655,109,2226,4847,418,1244,219,,
2007,3344,3631,10197,227,43,9155,9634,144,3249,3052,553,1293,187,,
2008,2650,2410,8572,267,36,9240,9786,102,2195,2594,685,1178,296,,
2009,3203,2308,7461,262,38,8817,8330,125,1994,2231,645,1766,402,,
2010,3842,3009,8313,242,45,9744,8837,195,2256,2585,766,1063,504,9,
2011,3201,2429,7406,282,41,10912,8809,165,2650,3102,369,1242,425,46,
2012,5099,1993,9376,293,34,10268,11795,154,3212,2725,949,1836,525,105,
2013,5061,2320,9542,204,32,10285,12725,93,3939,1911,849,1754,434,95,
2014,4446,1714,8677,288,31,10983,12813,155,2998,4320,758,1566,488,123,
2015,5104,2224,11079,247,24,11546,12123,143,2661,3654,644,1456,358,148,
2016,5697,2217,8609,380,22,10145,12309,221,4632,3242,629,1657,343,59,
2017,5676,1818,9463,437,31,11157,10205,253,5870,3962,781,1858,337,17,
2018,7179,2282,11149,429,19,11458,15096,230,6680,4865,844,2141,358,42,
2019,6134,2523,10473,282,23,9576,11595,223,6572,3759,720,2278,520,30,
2020,4906,1569,7511,148,24,8530,16904,299,4968,4621,1081,2407,520,22,
2021,5445,1945,8144,227,21,9501,14529,275,3818,3903,1097,2864,602,30,
2022,5841,1559,8672,136,25,8894,13461,197,3876,5138,767,3177,580,30,
2023,6603,2253,10381,221,14,7915,15092,203,4809,6619,810,2794,736,36,41
2024,6208,2044,8580,137,14,8966,12141,161,4175,4604,687,2947,632,27,
2025,5578,2276,10849,166,10,10782,15601,140,5343,5016,789,3003,495,183,
