년,대만_물량,대만_금액,대만_단가,일본_물량,일본_금액,일본_단가,중국_물량,중국_금액,중국_단가,필리핀_물량,필리핀_금액,필리핀_단가,태국_물량,태국_금액,태국_단가,말레이시아_물량,말레이시아_금액,말레이시아_단가,싱가폴_물량,싱가폴_금액,싱가폴_단가,인도네시아_물량,인도네시아_금액,인도네시아_단가,방글라데시_물량,방글라데시_금액,방글라데시_단가,인도_물량,인도_금액,인도_단가,파키스탄_물량,파키스탄_금액,파키스탄_단가,스리랑카_물량,스리랑카_금액,스리랑카_단가,홍콩_물량,홍콩_금액,홍콩_단가,브루나이_물량,브루나이_금액,브루나이_단가,괌_물량,괌_금액,괌_단가,호주_물량,호주_금액,호주_단가,뉴질랜드_물량,뉴질랜드_금액,뉴질랜드_단가,북한_물량,북한_금액,북한_단가,베트남_물량,베트남_금액,베트남_단가,미얀마_물량,미얀마_금액,미얀마_단가,파푸아뉴기니_물량,파푸아뉴기니_금액,파푸아뉴기니_단가,러시아_물량,러시아_금액,러시아_단가,동티모르_물량,동티모르_금액,동티모르_단가,튀니지_물량,튀니지_금액,튀니지_단가,알제리_물량,알제리_금액,알제리_단가,모리셔스_물량,모리셔스_금액,모리셔스_단가,이집트_물량,이집트_금액,이집트_단가,리비아_물량,리비아_금액,리비아_단가,카메룬_물량,카메룬_금액,카메룬_단가,앙골라_물량,앙골라_금액,앙골라_단가,콩고_물량,콩고_금액,콩고_단가,나이지리아_물량,나이지리아_금액,나이지리아_단가,남아프리카공화국_물량,남아프리카공화국_금액,남아프리카공화국_단가,수단_물량,수단_금액,수단_단가,가나_물량,가나_금액,가나_단가,모로코_물량,모로코_금액,모로코_단가,적도기니_물량,적도기니_금액,적도기니_단가,모잠비크_물량,모잠비크_금액,모잠비크_단가,캐나다_물량,캐나다_금액,캐나다_단가,미국_물량,미국_금액,미국_단가,멕시코_물량,멕시코_금액,멕시코_단가,베네수엘라_물량,베네수엘라_금액,베네수엘라_단가,브라질_물량,브라질_금액,브라질_단가,페루_물량,페루_금액,페루_단가,아르헨티나_물량,아르헨티나_금액,아르헨티나_단가,칠레_물량,칠레_금액,칠레_단가,파나마_물량,파나마_금액,파나마_단가,볼리비아_물량,볼리비아_금액,볼리비아_단가,쿠바_물량,쿠바_금액,쿠바_단가,안틸리스_물량,안틸리스_금액,안틸리스_단가,콜롬비아_물량,콜롬비아_금액,콜롬비아_단가,푸에르토리코_물량,푸에르토리코_금액,푸에르토리코_단가,아루바_물량,아루바_금액,아루바_단가,이란_물량,이란_금액,이란_단가,이라크_물량,이라크_금액,이라크_단가,쿠웨이트_물량,쿠웨이트_금액,쿠웨이트_단가,바레인_물량,바레인_금액,바레인_단가,카타르_물량,카타르_금액,카타르_단가,아랍에미레이트_물량,아랍에미레이트_금액,아랍에미레이트_단가,사우디아라비아_물량,사우디아라비아_금액,사우디아라비아_단가,예멘_물량,예멘_금액,예멘_단가,오만_물량,오만_금액,오만_단가,중립지대_물량,중립지대_금액,중립지대_단가,시리아_물량,시리아_금액,시리아_단가,터키_물량,터키_금액,터키_단가,이스라엘_물량,이스라엘_금액,이스라엘_단가,조지아_물량,조지아_금액,조지아_단가,노르웨이_물량,노르웨이_금액,노르웨이_단가,독일_물량,독일_금액,독일_단가,덴마크_물량,덴마크_금액,덴마크_단가,네덜란드_물량,네덜란드_금액,네덜란드_단가,프랑스_물량,프랑스_금액,프랑스_단가,그리스_물량,그리스_금액,그리스_단가,오스트리아_물량,오스트리아_금액,오스트리아_단가,루마니아_물량,루마니아_금액,루마니아_단가,이탈리아_물량,이탈리아_금액,이탈리아_단가,영국_물량,영국_금액,영국_단가,스페인_물량,스페인_금액,스페인_단가,불가리아_물량,불가리아_금액,불가리아_단가,몰타_물량,몰타_금액,몰타_단가,벨기에_물량,벨기에_금액,벨기에_단가,에스토니아_물량,에스토니아_금액,에스토니아_단가,라트비아_물량,라트비아_금액,라트비아_단가,리투아니아_물량,리투아니아_금액,리투아니아_단가,우크라이나_물량,우크라이나_금액,우크라이나_단가,키프로스_물량,키프로스_금액,키프로스_단가,지브롤터_물량,지브롤터_금액,지브롤터_단가,폴란드_물량,폴란드_금액,폴란드_단가
1992,520,11300,21.72,10123,207333,20.48,531,11884,22.38,1426,31805,22.3,32.73,685,20.94,890,23477,26.37,14314,306633,21.42,8952,149140,16.66,257,5814,22.65,5934,130164,21.94,383,8946,23.38,165,3905,23.65,,,,,,,181,5427,30.05,99.78,2423,24.28,,,,,,,,,,,,,,,,216,4542,21.06,,,,,,,,,,,,,767,17223,22.45,61.25,1757,28.69,,,,,,,,,,,,,,,,,,,,,,,,,,,,,,,155,3712,23.91,26187,474448,18.12,,,,298,7345,24.63,,,,,,,,,,,,,,,,,,,,,,,,,,,,276,5686,20.56,302,8352,27.63,,,,,,,4300,81914,19.05,2924,66460,22.73,1792,30426,16.98,8476,135110,15.94,46040,819238,17.79,,,,,,,,,,134,3522,26.37,,,,,,,,,,,,,,,,,,,552,9404,17.03,,,,,,,,,,,,,152,4017,26.37,,,,569,9695,17.03,,,,,,,,,,,,,,,,,,,,,,,,,,,,,,
1993,1740,33274,19.12,10169,171252,16.84,1706,43443,25.47,969,17242,17.79,30.87,599,19.4,1980,47476,23.97,20410,387754,19,4617,87033,18.85,146,3005,20.54,3688,70812,19.2,90.72,1861,20.51,,,,,,,294,4695,15.98,1126,29549,26.25,394,6382,16.19,,,,,,,,,,,,,,,,121,1441,11.94,,,,,,,950,24716,26.03,,,,208,3661,17.61,217,5751,26.48,,,,,,,,,,,,,,,,,,,,,,,,,,,,,,,,,,33323,644103,19.33,448,11638,25.97,,,,,,,,,,,,,,,,,,,,,,,,,,,,,,,,,,,,,232,3731,16.11,,,,15254,264753,17.36,1298,23985,18.47,2674,43459,16.25,11697,190787,16.31,51798,833509,16.09,1289,20261,15.71,,,,,,,,,,,,,,,,,,,,,,,,,,,,890,13061,14.67,,,,,,,,,,,,,,,,,,,,,,,,,,,,,,,,,,,,,,,,,,,,,,,,,,,
1994,,,,11293,203034,17.98,2565,53829,20.99,2152,37396,17.38,,,,2440,46280,18.97,18403,308475,16.76,5983,97365,16.27,163,2455,15.09,5455,99364,18.21,,,,130,1870,14.34,,,,1868,30714,16.45,210,4737,22.57,,,,,,,,,,,,,,,,,,,1497,22682,15.16,,,,,,,319,6568,20.58,,,,2045,37776,18.47,221,5204,23.56,,,,,,,,,,,,,,,,,,,,,,,,,,,,,,,,,,27604,478203,17.32,1205,23514,19.51,,,,,,,,,,,,,,,,,,,,,,,,,,,,,,,,,,,,,1201,16784,13.97,,,,25937,470425,18.14,3638,61307,16.85,1668,22255,13.35,12744,180452,14.16,57777,871299,15.08,,,,3723,60257,16.19,,,,,,,,,,,,,,,,,,,,,,,,,551,9812,17.81,,,,,,,,,,,,,,,,,,,,,,,,,,,,,,,,,,,,,,,,,,,,,,,,,,,
1995,1499,32199,21.48,17867,357818,20.03,1914,45022,23.52,379,7315,19.3,345,6262,18.15,4030,80754,20.04,11135,221061,19.85,7777,130684,16.8,,,,10989,214702,19.54,200,4101,20.51,225,3869,17.19,256,5872,22.94,1565,27951,17.86,,,,406,6638,16.34,,,,,,,,,,,,,,,,449,8836,19.66,,,,,,,6786,165473,24.38,,,,1423,29770,20.93,230,6505,28.3,,,,,,,,,,,,,,,,,,,,,,,,,,,,,,,605,13226,21.85,19558,386086,19.74,904,20689,22.89,,,,,,,,,,,,,,,,,,,,,,,,,,,,,,,,,,,,,4195,70291,16.75,43.52,603,13.84,30727,650470,21.17,2934,59249,20.2,2278,42273,18.56,12015,217008,18.06,60120,1081688,17.99,,,,761,12907,16.96,,,,296,7296,24.67,,,,,,,,,,,,,674,17540,26.04,,,,1416,31379,22.15,,,,,,,,,,,,,,,,321,7301,22.73,,,,,,,1106,25862,23.38,,,,,,,,,,,,,,,,,,,,,,,,
1996,369,11899,32.21,13197,309275,23.44,2793,89252,31.96,707,14930,21.13,240,8502,35.43,3087,77807,25.21,17589,419853,23.87,10265,210804,20.54,,,,7184,150973,21.02,192,4067,21.22,230,4330,18.79,,,,2161,45722,21.15,,,,402,11251,28,,,,,,,,,,,,,,,,1369,31734,23.17,,,,,,,5914,172097,29.1,,,,263,5646,21.49,1176,34326,29.18,,,,115,3164,27.41,,,,,,,,,,,,,,,,,,,,,,,,,1080,30852,28.56,16613,408329,24.58,254,7529,29.6,,,,,,,,,,,,,,,,,,,,,,,,,,,,,,,,,,758,20312,26.81,5002,95520,19.1,,,,27276,713366,26.15,3881,86146,22.2,2705,53697,19.85,16463,348609,21.18,67591,1360621,20.13,192,3952,20.63,4395,78012,17.75,,,,,,,,,,,,,,,,,,,543,15684,28.88,,,,463,14576,31.47,227,6992,30.79,,,,,,,,,,,,,,,,193,6173,31.93,,,,233,7098,30.46,,,,,,,,,,,,,,,,,,,,,,,,
1997,1373,27980,20.38,7368,154714,21,1095,29250,26.72,643,15438,24.02,144,3234,22.42,7199,162298,22.54,14184,331582,23.38,15394,314260,20.41,,,,5516,133105,24.13,93.3,2227,23.87,220,5268,23.96,,,,1879,44344,23.6,,,,447,8828,19.73,,,,642,14410,22.43,,,,,,,,,,48.22,1301,26.98,,,,,,,4709,127348,27.04,,,,3596,87804,24.42,409,14708,35.95,,,,,,,,,,,,,,,,,,,,,,,,,,,,,,,,,,3940,94690,24.03,1184,28907,24.42,543,16096,29.64,,,,,,,,,,,,,,,,,,,,,,,,,,,,,,,,,,3621,78025,21.55,,,,26191,638485,24.38,5136,126861,24.7,739,21887,29.6,16060,381937,23.78,61195,1398895,22.86,257,6711,26.15,,,,,,,,,,,,,,,,,,,,,,,,,437,10428,23.86,1548,43890,28.35,,,,,,,,,,,,,,,,,,,,,,,,,,,,,,,,,,,,,,,,,,,,,,,,,,,
1998,803,13055,16.25,2229,34189,15.34,1792,35218,19.65,1960,31238,15.94,765,16153,21.13,5683,89386,15.73,10924,180485,16.52,14227,215538,15.15,,,,4185,70589,16.87,275,4736,17.2,58.91,1080,18.33,,,,2107,33148,15.73,,,,1163,20187,17.35,257,3723,14.5,103,1641,15.92,,,,,,,,,,572,11268,19.68,,,,,,,3009,58217,19.35,,,,6260,109268,17.45,,,,,,,,,,,,,,,,,,,,,,,,,,,,,,,,,,,,,644,11110,17.26,679,13943,20.54,,,,,,,,,,,,,,,,,,,,,,,,,,,,,,,,,,,,,4122,58207,14.12,,,,26282,444167,16.9,10083,176568,17.51,3035,42493,14,19676,322033,16.37,52441,818743,15.61,231,3906,16.9,,,,296,4290,14.51,,,,410,7458,18.18,,,,,,,,,,,,,,,,436,6926,15.9,,,,1165,21105,18.11,,,,,,,22.89,391,17.09,,,,,,,,,,,,,,,,,,,,,,,,,,,,,,,,,,,,
1999,299,7880,26.36,4801,108517,22.6,766,20706,27.05,1667,33838,20.3,514,14172,27.57,6857,128653,18.76,6198,100549,16.22,18589,324591,17.46,304,4163,13.71,315,5341,16.96,194,3740,19.3,126,3116,24.76,,,,1847,35485,19.22,,,,1105,21434,19.39,,,,,,,,,,,,,,,,1318,29657,22.51,,,,,,,3873,71050,18.35,,,,2970,54780,18.45,,,,,,,,,,,,,1445,29085,20.13,,,,,,,229,3204,13.99,737,18115,24.58,,,,,,,,,,2746,55263,20.12,228,4182,18.35,795,21132,26.59,,,,,,,,,,,,,,,,,,,,,,,,,,,,,,,,,,5478,98306,17.95,,,,29301,572077,19.52,5404,108978,20.17,7164,134944,18.84,17566,345509,19.67,59068,1091491,18.48,,,,,,,,,,,,,1273,18725,14.71,,,,,,,,,,,,,,,,240,6280,26.13,,,,226,3805,16.83,531,8114,15.27,,,,318,4905,15.44,,,,,,,,,,,,,,,,,,,,,,,,,,,,,,,,,,,,
2000,765,29314,38.33,4524,158917,35.13,3752,130245,34.72,577,18293,31.73,333,13746,41.27,6734,193905,28.79,11490,330932,28.8,19495,535830,27.48,,,,3441,111011,32.26,,,,275,9066,33,2287,72968,31.91,1357,39408,29.05,626,20135,32.16,2296,64581,28.13,293,9553,32.62,,,,,,,,,,,,,4421,138476,31.32,,,,,,,2208,62173,28.16,,,,2123,69785,32.88,,,,374,9750,26.07,,,,290,9071,31.3,,,,,,,,,,,,,,,,,,,,,,,,,3779,111340,29.46,1011,28350,28.04,,,,,,,,,,,,,,,,,,,,,,,,,,,,,,,,,,,,,6191,172729,27.9,,,,28900,849477,29.39,5465,162151,29.67,6455,184399,28.57,28639,852617,29.77,55221,1582122,28.65,720,23495,32.65,,,,,,,,,,,,,,,,,,,259,7277,28.08,,,,,,,,,,,,,,,,,,,,,,,,,,,,,,,,,,,,,,,,,,,,,,,,,,,,,,,,,,,,
2001,2386,73635,30.86,8845,258135,29.18,4532,133020,29.35,1616,43897,27.17,677,20626,30.47,4838,133941,27.69,7039,188145,26.73,17220,425973,24.74,85.92,2040,23.75,10481,273553,26.1,1464,36710,25.07,,,,2526,77017,30.5,615,14940,24.3,,,,2586,65532,25.34,276,7957,28.83,,,,124,3661,29.57,,,,,,,2652,76639,28.89,,,,,,,4653,107703,23.15,,,,3969,106945,26.95,,,,,,,,,,,,,1654,41997,25.39,,,,,,,,,,,,,,,,,,,,,,2879,77318,26.86,,,,261,6180,23.66,,,,220,5972,27.19,,,,,,,49.52,1080,21.82,,,,229,7347,32.14,,,,,,,,,,,,,2809,70538,25.11,570,16765,29.4,25872,695259,26.87,2741,78590,28.67,7985,205802,25.77,41049,1114666,27.15,38146,1008816,26.45,760,22342,29.42,,,,,,,,,,880,20857,23.71,,,,,,,586,17626,30.1,,,,122,3093,25.36,579,13720,23.68,,,,253,6579,26.01,,,,,,,366,9377,25.61,,,,,,,,,,,,,188,3228,17.14,,,,,,,,,,,,,,,,,,,,,
2002,8153,244803,30.03,10262,282828,27.56,9376,240366,25.64,759,19953,26.28,1509,42803,28.37,7386,176771,23.93,7963,220175,27.65,15206,371332,24.42,,,,12863,327987,25.5,810,19846,24.49,,,,959,26787,27.92,290,6313,21.76,,,,5006,109080,21.79,264,6553,24.79,,,,,,,,,,,,,2899,78378,27.04,,,,,,,8537,197829,23.17,,,,3345,78800,23.56,475,12484,26.3,,,,,,,,,,2414,55413,22.96,32.29,894,27.69,,,,,,,63.89,1731,27.09,,,,,,,,,,3535,83342,23.58,,,,763,19125,25.08,,,,,,,,,,,,,,,,,,,,,,,,,,,,,,,,,,5161,125652,24.35,,,,27068,681438,25.18,3681,90644,24.63,4291,103336,24.08,44729,1085644,24.27,37252,890112,23.89,,,,12.76,279,21.9,,,,510,9652,18.93,,,,,,,,,,355,7268,20.46,,,,,,,1132,31604,27.92,212,5970,28.17,1025,30081,29.36,,,,,,,,,,262,5098,19.45,,,,,,,,,,,,,,,,,,,,,,,,,,,,,,,,,
2003,10666,366519,34.36,4592,159258,34.68,8672,273257,31.51,1428,42096,29.49,394,13218,33.56,3461,106624,30.81,2723,89738,32.95,12047,363644,30.19,,,,9073,299495,33.01,956,32326,33.82,,,,,,,,,,314,11571,36.83,1841,47984,26.06,,,,,,,,,,,,,,,,4724,152870,32.36,,,,,,,5345,142359,26.63,,,,4711,158830,33.72,,,,,,,,,,,,,816,24961,30.6,,,,77.43,2343,30.26,,,,,,,,,,,,,,,,2566,81552,31.78,,,,192,6695,34.94,,,,195,5278,27.1,244,7946,32.55,,,,,,,,,,,,,,,,,,,,,,,,,3453,89496,25.92,,,,32721,1001577,30.61,5918,171899,29.05,7149,202776,28.36,44947,1373987,30.57,47093,1368715,29.06,43.39,1314,30.28,,,,,,,,,,206,7281,35.26,,,,184,5786,31.46,385,10129,26.31,,,,,,,272,7495,27.52,,,,1869,58933,31.54,,,,,,,402,13259,32.95,,,,218,8699,39.87,,,,,,,,,,,,,,,,,,,,,,,,,,,,,,
2004,2551,113166,44.36,4449,200933,45.16,4135,178144,43.08,333,14830,44.56,,,,6513,252394,38.75,1595,60971,38.23,11312,388879,34.38,,,,10317,460925,44.68,1127,46323,41.09,,,,,,,,,,227,6400,28.21,1607,58336,36.3,93.46,3904,41.77,,,,,,,,,,126,6232,49.43,6834,295892,43.3,,,,,,,1580,54726,34.63,,,,3670,154430,42.08,,,,,,,,,,,,,1112,37013,33.27,,,,,,,,,,,,,,,,,,,,,,652,29161,44.75,,,,,,,,,,,,,299,8414,28.13,89.39,2878,32.19,,,,,,,,,,,,,,,,,,,,,,6172,226946,36.77,,,,30157,1196861,39.69,4388,189748,43.25,6108,225625,36.94,40219,1591892,39.58,46018,1733133,37.66,51.36,2014,39.22,75.95,2855,37.59,,,,220,9089,41.33,,,,,,,,,,,,,,,,,,,,,,996,36870,37.03,1320,54908,41.59,,,,,,,244,8920,36.61,,,,,,,,,,,,,6.87,116,16.92,,,,,,,,,,510,17171,33.66,,,,,,,,,
2005,266,15463,58.06,1987,128818,64.84,6536,336023,51.41,,,,,,,4829,210368,43.56,1750,81607,46.63,5953,277242,46.57,,,,15490,859030,55.46,1752,102343,58.43,,,,,,,,,,,,,3250,142003,43.69,,,,,,,,,,,,,180,9784,54.46,5306,282372,53.22,,,,,,,161,5783,35.87,,,,872,47930,54.94,,,,,,,,,,,,,,,,24.43,1464,59.93,,,,,,,,,,,,,,,,,,,1337,65964,49.32,,,,,,,,,,,,,,,,,,,,,,,,,,,,,,,,,,,,,,,,3740,159534,42.65,,,,30596,1467179,47.95,4490,232078,51.68,6793,307324,45.24,39525,1951532,49.37,42212,1995994,47.29,,,,,,,,,,245,10552,43.03,,,,,,,,,,804,33850,42.13,,,,,,,226,14488,63.99,520,24209,46.57,508,32574,64.09,,,,,,,,,,,,,,,,,,,,,,,,,,,,,,,,,,,,,,,,,,,,,
2006,161,13396,83.08,3172,214051,67.49,5428,346588,63.86,,,,,,,10314,548607,53.19,2625,153299,58.39,5425,293795,54.15,315,20784,66.01,27575,1812218,65.72,1737,114978,66.18,,,,182,13058,71.71,,,,,,,1076,51937,48.26,258,17370,67.34,,,,80.26,5203,64.83,,,,,,,6250,402789,64.45,,,,,,,,,,,,,1572,97234,61.84,,,,,,,468,18035,38.54,,,,,,,,,,,,,,,,413,27808,67.36,,,,,,,,,,1172,64685,55.2,,,,,,,,,,,,,,,,,,,,,,,,,,,,,,,,,,,,,,,,8414,397936,47.29,,,,27575,1625647,58.95,2768,176330,63.7,5570,302978,54.39,35642,2064212,57.91,41609,2391767,57.48,457,29516,64.61,530,31556,59.53,,,,303,19926,65.72,,,,,,,,,,,,,,,,,,,,,,,,,232,14284,61.62,,,,,,,,,,,,,235,16969,72.13,,,,,,,,,,,,,,,,,,,,,,,,,,,,,,
2007,,,,1482,115289,77.79,7733,606849,78.48,,,,,,,14313,913121,63.8,1594,102243,64.14,7840,495262,63.17,626,47180,75.35,34710,2604673,75.04,3771,280236,74.32,,,,36.17,3255,89.98,,,,,,,3320,224023,67.48,94.17,7855,83.42,,,,322,23970,74.54,,,,209,12803,61.17,6792,531930,78.32,,,,18.13,1316,72.56,667,31854,47.74,,,,1738,130498,75.1,,,,,,,,,,,,,,,,,,,,,,,,,,,,,,,,,,,,,1126,70831,62.89,,,,,,,,,,223,16318,73.03,,,,,,,,,,,,,,,,,,,,,,,,,,,,11434,621436,54.35,,,,29971,1975492,65.91,2218,162303,73.18,10253,664739,64.83,31147,2097190,67.33,31606,1987781,62.89,375,36726,98,743,54753,73.67,,,,,,,,,,,,,,,,207,15034,72.6,,,,346,22305,64.44,1254,90654,72.29,331,25591,77.43,,,,,,,,,,417,31510,75.6,,,,,,,,,,785,59060,75.25,,,,767,45943,59.88,663,42451,64.02,,,,,,,,,,,,,,,
2008,616,25443,41.32,1531,156927,103,6638,671464,101,158,20256,129,607,49265,81.23,12116,974875,80.46,5939,541504,91.17,5581,560925,100.51,674,65348,96.9,39064,3920724,100.37,3224,322426,100.01,,,,204,15951,78.23,,,,,,,7747,650055,83.91,,,,,,,,,,,,,352,37180,106,7827,762176,97.37,,,,277,32093,116,838,97117,116,,,,4486,510198,114,,,,,,,,,,,,,,,,,,,,,,,,,268,26593,99.3,,,,,,,,,,2764,242627,87.79,,,,,,,,,,262,24636,94.14,385,36262,94.29,106,10162,95.95,,,,,,,,,,,,,,,,,,,,,,7616,572118,75.12,,,,23510,1996411,84.92,1678,167384,99.74,9322,733836,78.72,28038,2486029,88.67,44952,4257943,94.72,,,,1249,132794,106,,,,764,98002,128,240,25177,105,,,,,,,1896,199200,105,,,,,,,727,70795,97.32,260,27349,105,,,,,,,,,,1300,145448,112,354,35967,102,1044,128229,123,,,,,,,,,,,,,,,,,,,,,,,,,,,,,,
2009,560,18506,33.03,1422,85836,60.36,3668,218295,59.52,327,20279,61.96,1067,63693,59.7,14717,727275,49.42,10227,609403,59.59,5409,305789,56.53,682,41011,60.15,37114,2297057,61.89,1938,117907,60.84,,,,457,18059,39.52,,,,,,,8618,465251,53.98,255,15405,60.4,,,,242,15364,63.37,,,,246,13739,55.89,12201,751580,61.6,,,,,,,5096,301843,59.23,,,,3706,179681,48.49,,,,,,,2410,102612,42.58,,,,1744,77546,44.45,,,,,,,,,,834,44137,52.9,,,,,,,,,,1401,80660,57.56,538,30259,56.2,,,,,,,2406,141380,58.77,,,,,,,,,,242,16823,69.49,144,7211,49.94,233,9382,40.26,,,,,,,,,,5780,314296,54.38,,,,31374,1705479,54.36,2357,132520,56.22,12583,680035,54.05,39329,2080811,52.91,45717,2428354,53.12,,,,3255,191480,58.82,,,,880,69410,78.85,329,17046,51.78,,,,67.17,4739,70.56,2041,96793,47.41,,,,,,,3132,160128,51.12,,,,280,12643,45.14,,,,,,,768,39403,51.31,,,,1329,64147,48.28,,,,146,7190,49.18,135,6830,50.5,,,,,,,115,5936,51.49,266,12503,46.98,422,19942,47.23,,,,,,
2010,2.15,185,86.12,2212,183271,82.84,5206,405310,77.85,490,37274,76.06,222,16614,74.97,20444,1479486,72.37,5365,418845,78.08,3028,240313,79.35,121,9703,80.49,37858,3059472,80.81,2145,174068,81.16,,,,,,,,,,,,,11047,798244,72.26,265,19432,73.23,,,,,,,,,,,,,7252,601225,82.91,,,,,,,489,37865,77.39,280,17188,61.48,6294,516799,82.11,1066,92220,86.54,,,,1487,91955,61.83,,,,2042,127067,62.22,,,,,,,,,,451,36948,81.96,,,,,,,,,,2958,227321,76.84,,,,,,,,,,869,71071,81.78,,,,,,,,,,,,,,,,,,,,,,,,,,,,5534,399882,72.26,215,19329,89.87,28872,2115819,73.28,4815,371489,77.16,26711,1900608,71.16,45765,3347366,73.14,41825,3138644,75.04,,,,388,30501,78.63,,,,1535,128852,83.97,,,,,,,,,,1316,81425,61.87,,,,,,,848,71241,84.05,,,,577,45949,79.64,,,,233,16391,70.38,974,81441,83.59,,,,,,,,,,1498,120903,80.71,,,,233,19807,85.18,,,,,,,,,,3918,328612,83.87,,,,,,
2011,20.32,2499,123,3847,435099,113,4215,422084,100.14,89.12,7963,89.36,327,34683,106,13951,1307608,93.73,10390,1088197,105,604,60584,100.28,644,72266,112,43725,4615781,106,2445,249417,102,,,,,,,,,,,,,12154,1128600,92.86,151,15440,102,,,,,,,570,57794,101,,,,7504,803437,107,,,,,,,1243,127033,102,,,,2606,297930,114,,,,,,,,,,,,,30.92,3210,104,,,,,,,,,,448,44114,98.39,,,,,,,,,,1241,127392,103,191,19162,100.14,,,,,,,117,11210,95.88,,,,,,,,,,,,,249,25625,103,,,,,,,,,,,,,10013,769617,76.87,16.95,1670,98.55,28628,2694363,94.12,4128,431381,105,38547,3500982,90.82,53181,5037329,94.72,28370,2680744,94.49,262,27100,103,1013,104951,104,,,,518,58538,113,1024,112354,110,,,,,,,,,,,,,,,,909,88812,97.73,475,49228,104,,,,,,,,,,480,48163,100.41,,,,,,,,,,751,85021,113,,,,,,,,,,,,,331,19890,60.02,3852,410596,107,,,,,,
2012,83.95,10052,120,8617,1008194,117,4042,391270,96.8,194,22360,116,363,41419,114,9639,1082415,112,16278,1720427,106,2130,214051,100.48,524,53523,102,34436,3700638,107,3895,422316,108,,,,,,,,,,,,,10686,1050006,98.26,141,13797,97.77,,,,,,,,,,297,31261,105,16505,1798949,109,,,,39.82,4104,103,1506,168878,112,,,,2171,238505,110,646,71618,111,,,,890,72025,80.94,,,,487,37822,77.62,,,,,,,,,,780,86075,110,,,,,,,,,,1539,133375,86.69,538,54393,101,,,,,,,,,,,,,,,,,,,,,,,,,,,,,,,,,,,,,20095,1552777,77.27,120,12988,108,24108,2341453,97.12,5687,617918,109,40254,3900820,96.91,50924,5023938,98.66,28088,2702534,96.22,719,76975,107,1045,119228,114,,,,,,,,,,,,,211,23485,111,1152,117625,102,,,,,,,935,100875,108,,,,1881,181891,96.7,,,,,,,1866,216756,116,,,,,,,,,,3400,378741,111,,,,,,,137,16762,122,,,,,,,12906,1335248,103,,,,,,
2013,118,14516,123,10894,1302156,120,5715,606603,106,97.38,10290,106,,,,17292,1775215,103,18444,1877723,102,4362,424995,97.44,171,16800,98.51,24264,2549427,105,1828,175004,95.72,,,,359,33390,93.13,,,,,,,4062,329982,81.24,,,,,,,,,,,,,231,23972,104,13575,1403661,103,238,18420,77.39,1256,146716,117,6152,639808,104,,,,4302,442440,103,756,79822,106,,,,1090,84298,77.32,,,,528,38320,72.62,,,,,,,,,,745,76534,103,,,,,,,,,,2573,263971,103,,,,,,,,,,1748,174771,99.97,,,,,,,890,62050,69.75,,,,,,,,,,,,,,,,,,,4912,370338,75.39,,,,33457,3115057,93.11,4081,416155,102,43776,4139871,94.57,52914,4923880,93.05,31974,3014770,94.29,929,94240,101,1765,184232,104,,,,,,,,,,,,,,,,327,32554,99.67,,,,896,89103,99.41,764,81736,107,593,55908,94.33,2117,220808,104,,,,,,,3736,394807,106,1914,194821,102,1516,155656,103,,,,6344,690831,109,,,,842,84496,100.41,,,,,,,218,21972,100.66,14440,1524378,106,,,,,,
2014,,,,13060,1345487,103,3615,356540,98.63,471,48668,103,629,52225,83.03,10065,1037943,103,14300,1307692,91.44,4856,501323,103,169,12540,74.09,16597,1733655,104,833,82446,98.93,,,,,,,,,,,,,6299,498044,79.06,,,,,,,,,,,,,167,15558,93.26,34150,3542613,104,,,,650,69975,108,14115,1371146,97.14,,,,3734,393751,105,357,33720,94.36,,,,1662,123691,74.43,,,,3830,300572,78.48,,,,,,,,,,1010,107767,107,,,,,,,,,,15231,1455920,95.59,3220,315564,98.01,,,,,,,557,50399,90.54,247,20189,81.72,254,25127,98.81,2145,148683,69.32,,,,,,,,,,,,,,,,,,,682,41017,60.12,,,,29772,2747321,92.28,4359,462920,106,33565,3183801,94.85,38843,3505938,90.26,36581,3413158,93.31,579,61202,106,1492,127442,85.41,,,,,,,126,14698,117,521,47250,90.69,175,12602,71.93,778,65659,84.41,,,,3007,295066,98.11,1761,168037,95.4,248,26181,106,2805,320609,114,,,,,,,2422,251120,104,1272,131157,103,3020,322627,107,,,,5033,514802,102,,,,4223,418421,99.08,,,,,,,1264,137174,109,1871,203238,109,,,,,,
2015,236,18740,79.27,6048,316434,52.32,2627,115059,43.79,1081,54806,50.68,727,47527,65.35,17020,867108,50.95,14169,678801,47.91,3354,166435,49.62,,,,13935,776908,55.75,440,26748,60.76,,,,,,,,,,,,,736,34348,46.68,,,,,,,,,,,,,575,25526,44.36,31236,1728503,55.34,,,,363,19931,54.84,9590,550468,57.4,,,,1456,91423,62.78,,,,,,,2329,92608,39.76,,,,3664,163243,44.55,,,,,,,,,,,,,,,,,,,,,,19649,846320,43.07,4928,264240,53.62,,,,,,,1928,95971,49.79,,,,,,,3398,133081,39.17,,,,,,,,,,,,,,,,,,,3408,147124,43.16,,,,31406,1597702,50.87,6088,339175,55.72,28983,1501608,51.81,41060,2108726,51.36,34983,1874574,53.58,,,,1102,64459,58.48,,,,,,,,,,664,41570,62.61,,,,209,9902,47.34,,,,,,,3088,156409,50.64,,,,2826,171611,60.73,,,,,,,3861,225886,58.5,,,,5734,324673,56.62,,,,2865,166972,58.28,,,,,,,,,,,,,,,,2106,121947,57.91,,,,,,
2016,584,39091,66.91,3320,125414,37.78,1629,79679,48.91,,,,,,,21780,823820,37.83,21984,848097,38.58,832,27693,33.29,,,,22088,978648,44.31,1258,56570,44.97,,,,,,,,,,,,,1936,65345,33.75,,,,,,,,,,,,,337,12319,36.59,40496,1871288,46.21,,,,542,25616,47.23,3886,149088,38.36,,,,486,23102,47.53,150,7488,49.92,,,,798,25212,31.6,266,6963,26.17,3902,120649,30.92,,,,,,,,,,,,,417,11572,27.76,,,,,,,43141,1326082,30.74,957,33198,34.7,252,10630,42.25,,,,1754,71617,40.83,,,,,,,420,12243,29.16,,,,,,,,,,,,,,,,,,,297,16760,56.38,,,,20870,821102,39.34,3490,148220,42.47,34097,1421035,41.68,53070,2169204,40.87,37765,1557595,41.24,,,,,,,,,,,,,,,,,,,,,,958,40571,42.35,,,,,,,1451,64545,44.48,,,,1922,84873,44.17,,,,,,,1935,89747,46.39,110,2735,24.88,3891,155275,39.91,,,,478,23081,48.28,,,,,,,,,,,,,,,,1060,50347,47.49,,,,,,
2017,400,29562,73.93,1518,88046,58,1356,76949,56.73,,,,,,,15068,841116,55.82,16111,864126,53.64,230,13117,57.02,,,,18663,1006663,53.94,1363,75902,55.71,,,,,,,,,,,,,1850,83602,45.19,,,,,,,,,,,,,315,16800,53.4,45498,2564896,56.37,,,,,,,4927,253340,51.42,,,,689,42935,62.36,,,,,,,1796,75714,42.15,,,,1489,58634,39.37,,,,,,,,,,,,,,,,,,,,,,50827,2069615,40.72,,,,,,,,,,1289,70564,54.75,,,,,,,,,,,,,,,,,,,,,,,,,,,,81.21,6528,80.38,862,45224,52.45,21628,1097665,50.75,5080,264934,52.15,41631,2164100,51.98,44915,2403388,53.51,26841,1349180,50.27,,,,252,14872,59.12,,,,,,,,,,,,,,,,1565,73484,46.95,,,,,,,,,,,,,5720,322526,56.39,,,,,,,896,48581,54.21,,,,1365,73870,54.12,,,,,,,,,,,,,,,,,,,,,,262,14233,54.4,,,,,,
2018,300,23693,78.96,2320,157133,67.72,504,36937,73.33,,,,,,,23923,1697411,70.95,6684,438435,65.59,7.96,369,46.29,,,,18990,1341516,70.64,1524,106027,69.59,,,,,,,,,,,,,1298,78584,60.53,,,,,,,,,,,,,214,15541,72.5,52122,3766945,72.27,,,,,,,10767,770488,71.56,,,,1067,76240,71.43,488,37513,76.91,,,,668,29431,44.06,,,,790,39074,49.47,,,,,,,,,,,,,,,,271,21405,78.87,,,,69435,3538329,50.96,310,22039,71.15,,,,,,,961,61184,63.68,,,,,,,,,,,,,,,,,,,,,,,,,,,,,,,,,,18568,1184690,63.8,5110,362224,70.88,44440,3000495,67.52,43124,2873167,66.63,21922,1516049,69.16,,,,,,,,,,,,,,,,,,,,,,791,57288,72.47,,,,,,,3668,269967,73.6,,,,7184,522933,72.79,,,,,,,588,40796,69.4,,,,3125,211792,67.78,,,,,,,,,,,,,,,,,,,,,,464,37014,79.71,,,,,,
2019,2176,142649,65.56,1187,75881,63.91,314,20962,66.76,149,9725,65.28,216,10526,48.68,10496,733452,69.88,9338,593726,63.58,708,46618,65.85,,,,18565,1103966,59.46,2673,158700,59.37,,,,,,,,,,,,,1993,107801,54.08,,,,,,,,,,,,,344,18655,54.16,51389,3101106,60.35,,,,,,,21913,1286822,58.72,,,,1836,110598,60.24,752,49738,66.17,,,,150,6262,41.69,,,,762,50727,66.61,,,,,,,,,,,,,,,,317,19270,60.86,554,20000,36.13,95294,3722261,39.06,,,,,,,,,,628,37618,59.92,,,,,,,,,,,,,,,,,,,,,,,,,,,,,,,7074,454309,64.22,14609,810856,55.5,4520,259812,57.47,30031,1693664,56.4,41952,2381126,56.76,19752,1128010,57.11,,,,,,,,,,,,,,,,306,17005,55.62,,,,,,,,,,,,,2380,136207,57.22,248,16033,64.61,7432,442267,59.51,,,,,,,637,40014,62.85,,,,987,51988,52.68,249,13269,53.33,,,,,,,,,,,,,,,,,,,215,13043,60.62,,,,,,
2020,910,53251,58.51,946,47687,50.43,0.34,134,397,,,,31.52,1655,52.5,9870,537086,54.41,9737,451708,46.39,312,17629,56.5,,,,21629,1063972,49.19,821,40736,49.61,300,15685,52.33,,,,830,27268,32.84,,,,1557,53731,34.51,,,,,,,,,,,,,501,21990,43.91,53795,2433942,45.24,,,,192,8613,44.81,9123,465349,51.01,,,,4764,203759,42.77,,,,,,,1415,38352,27.11,58.64,2530,43.15,799,26553,33.22,,,,,,,,,,,,,,,,,,,398,10412,26.17,119718,4102604,34.27,254,13401,52.83,,,,498,10500,21.08,1276,41982,32.91,,,,,,,,,,,,,,,,,,,201,13683,68.15,,,,,,,,,,11334,554582,48.93,8738,334111,38.24,4397,224441,51.04,11085,492702,44.45,37978,1727420,45.48,11706,542867,46.38,,,,507,16976,33.47,,,,,,,,,,923,54675,59.24,,,,516,31603,61.22,,,,,,,1109,36916,33.3,,,,12539,591799,47.2,,,,,,,3886,186744,48.06,,,,1419,65388,46.08,,,,,,,,,,,,,,,,,,,,,,1303,59913,46,,,,,,
2021,,,,711,63009,88.63,888,54997,61.93,,,,,,,14866,1060238,71.32,13728,968357,70.54,854,117145,137,,,,26390,1849957,70.1,1737,131485,75.72,332,21649,65.16,23.11,3726,161,564,35541,62.99,,,,1715,120357,70.19,,,,,,,,,,,,,315,23026,73.19,57770,4113847,71.21,,,,,,,17612,1205733,68.46,,,,5184,382219,73.72,,,,,,,,,,,,,36.2,1403,38.75,,,,,,,,,,,,,,,,,,,4586,254530,55.5,110083,6229358,56.59,,,,,,,666,46741,70.19,3468,259371,74.8,330,21549,65.32,,,,,,,,,,,,,761,47900,62.98,,,,,,,,,,,,,16804,1175339,69.95,13585,974495,71.73,3669,267634,72.95,18567,1339279,72.13,36465,2584797,70.89,20906,1512018,72.32,,,,300,21872,73.01,,,,,,,,,,726,46895,64.61,,,,1222,80753,66.11,,,,,,,,,,,,,14468,1043110,72.1,,,,,,,1443,100725,69.81,,,,1546,109262,70.66,,,,,,,0.74,140,188,,,,,,,,,,,,,,,,,,,,,
2022,971,88785,91.46,337,35479,105,209,24365,117,,,,318,32387,102,10372,915636,88.28,6863,612161,89.2,1529,218753,143,,,,28291,2638858,93.27,2680,228136,85.13,,,,199,37966,190,,,,,,,4657,326638,70.13,,,,,,,,,,,,,378,29440,77.99,16097,1519800,94.41,,,,2535,192297,75.85,28423,2504407,88.11,,,,7788,731008,93.86,210,18794,89.4,,,,,,,,,,573,39484,68.88,,,,,,,,,,,,,,,,,,,8231,499248,60.66,91756,6212716,67.71,,,,,,,,,,2299,236263,103,,,,,,,1062,85681,80.66,,,,,,,,,,,,,,,,,,,,,,4833,406340,84.07,19433,1734300,89.24,4961,448011,90.3,27625,2409525,87.22,51135,4343422,84.94,24681,2235487,90.58,,,,277,27980,100.93,,,,,,,52.95,4901,92.56,,,,,,,1096,94768,86.5,,,,,,,2074,162224,78.22,,,,8571,711973,83.06,,,,,,,1835,149446,81.46,,,,105,11877,113,,,,,,,4131,341785,82.74,,,,,,,,,,,,,,,,483,37930,78.61,,,
2023,1187,89781,75.66,929,81766,88.06,2952,264389,89.55,522,39208,75.1,286,21621,75.5,37570,2860247,76.13,24589,1814773,73.8,1194,152057,127,,,,21522,1593119,74.02,597,47649,79.82,,,,426,54182,127,,,,,,,1753,118078,67.37,,,,,,,,,,,,,,,,,,,,,,5802,433112,74.64,29402,2262057,76.94,,,,1471,113899,77.44,305,25146,82.5,,,,,,,,,,,,,,,,,,,,,,,,,,,,,,,7959,501555,63.02,88020,5210489,59.2,,,,,,,,,,2630,189713,72.13,,,,,,,,,,,,,,,,,,,,,,,,,,,,,,,6350,484211,76.25,15655,1125550,71.9,1955,147849,75.64,19617,1461851,74.52,71233,5151792,72.32,10778,789652,73.27,,,,3065,229071,74.74,,,,,,,,,,,,,,,,,,,,,,,,,428,37381,87.37,,,,9146,710854,77.72,,,,233,17990,77.31,2067,156675,75.79,,,,,,,,,,1263,102362,81.08,1150,86770,75.47,,,,,,,,,,,,,,,,,,,,,
2024,1259,102028,81.05,4524,341983,75.6,780,71707,91.88,183,13607,74.49,515,43533,84.48,20256,1641010,81.01,10168,791794,77.87,3713,353742,95.27,,,,18652,1431447,76.74,967,75520,78.12,195,14518,74.28,100.36,16928,169,260,22435,86.24,,,,1132,61907,54.67,,,,,,,,,,,,,,,,,,,,,,,,,32144,2522816,78.49,,,,525,40400,76.92,,,,,,,,,,,,,8065,655363,81.26,,,,,,,,,,,,,,,,,,,7265,375792,51.73,92680,4954818,53.46,,,,,,,,,,3276,250011,76.32,,,,,,,,,,,,,,,,,,,,,,,,,,,,,,,14067,1110983,78.98,28180,2084527,73.97,1955,145707,74.53,31432,2389146,76.01,62334,4688716,75.22,12101,839534,69.38,,,,19024,1484857,78.05,,,,,,,1301,98583,75.77,255,19843,77.95,,,,,,,,,,,,,941,76105,80.9,,,,11667,920384,78.89,,,,598,47724,79.74,2007,157769,78.6,,,,,,,,,,988,76353,77.3,,,,,,,,,,,,,,,,,,,,,,0.3,56.11,184
